Batch_ID,Region,Distributor_ID,Drug_Category,Distributor_Credibility_Score,Active_Ingredient_Pct,Storage_Temp_Deviation,Packaging_Discrepancy_Flag,Unit_Price_Discount_Pct,Is_Counterfeit
B100000,North,D01,Analgesic,0.76,99.1,5.1,0,6.4,0
B100001,South,D23,Antibiotic,0.83,100.0,3.3,1,,0
B100002,North-East,D12,Antibiotic,0.65,98.0,1.0,0,7.8,0
B100003,North-East,D19,Antibiotic,0.02,98.9,1.0,1,0.0,0
B100004,Central,D02,Cardiac,0.74,98.4,5.4,0,7.1,0
B100005,North-East,D12,Analgesic,0.73,,1.9,0,8.4,0
B100006,North-East,D12,Analgesic,0.58,97.8,3.6,0,13.2,0
B100007,South,D23,Vaccine,0.79,98.9,0.6,0,0.0,0
B100008,Central,D13,Antidiabetic,0.85,98.0,2.0,0,10.4,0
B100009,West,D11,Vaccine,0.71,101.3,1.4,0,12.0,0
B100010,North-East,D06,Cardiac,0.61,100.4,11.6,1,7.8,0
B100011,Central,D08,Antidiabetic,0.79,102.6,4.8,0,11.1,0
B100012,North-East,D12,Analgesic,0.68,104.2,,0,9.9,0
B100013,West,D11,Antidiabetic,0.7,92.4,0.7,0,0.0,0
B100014,North,D01,Vaccine,0.6,101.0,6.6,0,1.5,0
B100015,East,D20,Cardiac,0.95,101.6,0.4,0,23.0,0
B100016,East,D22,Antibiotic,0.74,101.0,,0,12.6,0
B100017,East,D04,Analgesic,0.96,,0.6,0,3.8,0
B100018,Central,D13,Antibiotic,0.99,99.9,0.2,0,,0
B100019,West,D03,Antibiotic,0.81,97.8,1.2,0,13.0,0
B100020,Central,D16,Antibiotic,0.13,101.8,0.1,0,18.8,0
B100021,North,D07,Vaccine,0.81,99.9,2.0,0,5.3,0
B100022,Central,D16,Analgesic,0.24,72.7,4.2,1,21.1,1
B100023,North,D18,Analgesic,0.85,102.0,1.1,0,,0
B100024,North-East,D19,Vaccine,0.08,72.4,0.0,0,32.2,1
B100025,West,D03,Antidiabetic,0.77,102.7,2.4,0,3.8,0
B100026,East,D22,Antidiabetic,0.77,94.4,1.4,0,,0
B100027,North-East,D06,Antibiotic,0.6,104.2,1.8,0,5.1,0
B100028,North,D01,Analgesic,0.6,97.1,0.8,0,7.6,0
B100029,Central,D13,Analgesic,0.91,101.1,2.3,0,21.1,0
B100030,South,D09,Cardiac,0.23,100.9,1.8,0,1.3,0
B100031,East,D20,Vaccine,0.96,102.5,5.2,0,10.4,0
B100032,East,D20,Cardiac,0.94,99.3,6.2,0,0.1,0
B100033,North,D07,Antibiotic,0.79,95.3,6.4,0,14.5,0
B100034,South,D23,Vaccine,0.8,99.3,0.7,0,15.8,0
B100035,North,D07,Cardiac,0.83,99.5,0.8,0,1.9,0
B100036,North-East,D12,Analgesic,0.65,95.5,5.4,0,3.1,0
B100037,North-East,D06,Cardiac,0.51,100.1,3.5,0,12.7,0
B100038,South,D23,Antibiotic,0.84,103.0,1.5,0,6.1,0
B100039,East,D04,Antibiotic,0.8,101.4,2.2,1,17.9,0
B100040,North,D01,Antibiotic,0.62,99.5,0.2,0,0.0,0
B100041,North,D10,Antibiotic,0.77,104.3,0.5,0,15.5,0
B100042,North-East,D24,Antibiotic,0.31,99.4,0.9,0,23.7,0
B100043,East,D22,Analgesic,0.76,100.9,3.8,0,10.7,0
B100044,North,D18,Analgesic,0.68,99.5,1.1,0,3.5,0
B100045,East,D22,Cardiac,0.75,96.4,4.9,0,2.6,0
B100046,East,D22,Vaccine,0.84,99.5,1.5,0,6.9,0
B100047,North-East,D12,Antibiotic,0.63,101.7,0.2,0,12.7,1
B100048,North,D07,Cardiac,0.77,101.3,0.0,0,0.0,0
B100049,North-East,D19,Antibiotic,0.16,55.5,0.3,0,57.9,1
B100050,Central,D16,Antidiabetic,0.24,96.8,2.4,0,8.9,0
B100051,South,D09,Antibiotic,0.3,,1.7,0,18.9,0
B100052,West,D03,Analgesic,0.52,94.9,0.4,0,21.0,0
B100053,North,D18,Antidiabetic,0.91,101.9,1.7,0,7.1,0
B100054,North-East,D06,Analgesic,0.63,99.4,2.7,0,,0
B100055,South,D23,Analgesic,0.95,96.3,2.5,0,,0
B100056,North-East,D06,Cardiac,0.55,101.2,5.2,0,9.2,0
B100057,West,D03,Antibiotic,0.58,100.0,4.7,0,16.3,0
B100058,East,D20,Cardiac,0.93,79.3,2.9,1,34.4,1
B100059,East,D04,Antidiabetic,0.83,100.1,1.0,0,1.1,1
B100060,East,D04,Antidiabetic,0.89,99.9,0.6,1,7.9,0
B100061,Central,D14,Analgesic,0.53,79.0,,1,13.5,1
B100062,West,D21,Vaccine,0.82,98.7,0.1,0,5.4,0
B100063,East,D05,Cardiac,0.51,98.6,4.0,1,1.9,0
B100064,North,D07,Analgesic,0.81,99.8,0.0,0,0.0,0
B100065,North-East,D19,Vaccine,0.09,98.0,4.7,0,12.3,0
B100066,South,D23,Antibiotic,0.78,99.5,11.3,0,9.8,0
B100067,North-East,D12,Antibiotic,0.72,104.3,2.6,0,2.4,0
B100068,East,D04,Analgesic,0.93,102.3,1.6,0,13.7,0
B100069,North,D01,Antibiotic,0.76,100.7,,0,0.0,0
B100070,North-East,D06,Antibiotic,0.58,103.4,1.5,0,5.1,0
B100071,West,D03,Antibiotic,0.56,98.2,5.2,0,9.5,0
B100072,West,D17,Antidiabetic,0.77,105.5,1.0,0,15.8,0
B100073,West,D03,Antibiotic,0.64,99.0,2.8,0,4.1,0
B100074,North-East,D12,Antibiotic,0.65,104.4,,0,15.9,0
B100075,West,D17,Analgesic,0.74,104.4,3.4,0,3.4,0
B100076,Central,D14,Antibiotic,0.46,96.1,4.4,0,13.8,0
B100077,East,D05,Antidiabetic,0.46,103.2,0.8,0,19.8,0
B100078,East,D20,Antidiabetic,0.85,99.4,2.3,0,1.0,0
B100079,West,D17,Analgesic,0.85,98.8,2.4,0,9.1,1
B100080,North,D18,Analgesic,0.75,101.2,1.0,0,11.8,0
B100081,West,D03,Vaccine,0.69,97.8,2.3,0,0.0,0
B100082,West,D03,Antibiotic,0.75,67.4,14.1,1,7.6,1
B100083,South,D23,Vaccine,0.86,97.9,0.8,0,4.0,0
B100084,North,D10,Antibiotic,0.88,100.4,4.7,0,2.1,0
B100085,North,D07,Antibiotic,0.8,102.9,2.0,0,5.0,0
B100086,North-East,D12,Analgesic,0.7,100.9,4.6,0,4.5,0
B100087,Central,D16,Antibiotic,0.27,94.9,0.3,0,13.6,0
B100088,South,D23,Antibiotic,0.83,101.2,1.7,1,8.0,0
B100089,North,D07,Analgesic,0.67,96.9,1.8,0,24.2,0
B100090,East,D22,Analgesic,0.74,98.2,0.4,0,4.2,0
B100091,North,D01,Antibiotic,0.74,99.1,0.8,0,11.3,1
B100092,Central,D13,Antibiotic,0.83,101.7,1.8,1,6.9,0
B100093,Central,D15,Antibiotic,0.81,100.9,2.6,0,0.0,0
B100094,West,D03,Antibiotic,0.69,101.2,0.6,0,19.1,0
B100095,East,D04,Cardiac,0.85,99.9,1.1,0,8.8,0
B100096,North,D10,Antidiabetic,0.9,98.3,0.4,0,2.5,0
B100097,South,D23,Analgesic,0.79,103.3,0.2,0,10.8,0
B100098,Central,D14,Analgesic,0.47,98.5,15.6,0,15.2,0
B100099,South,D23,Cardiac,0.86,100.9,2.1,0,2.1,0
B100100,East,D20,Analgesic,0.84,99.8,2.5,0,8.4,0
B100101,West,D11,Antibiotic,0.74,101.2,2.6,0,15.3,0
B100102,North-East,D19,Antibiotic,0.15,98.7,0.4,0,9.2,0
B100103,North,D01,Analgesic,0.7,54.1,1.9,0,44.9,1
B100104,West,D03,Analgesic,0.78,103.0,2.7,0,6.2,0
B100105,East,D20,Antibiotic,0.84,102.2,3.4,0,0.0,0
B100106,East,D20,Vaccine,0.83,100.3,2.9,0,6.2,0
B100107,North-East,D06,Vaccine,0.64,99.0,0.9,0,4.1,0
B100108,Central,D13,Vaccine,0.92,,7.8,0,7.2,0
B100109,Central,D15,Analgesic,0.71,97.8,3.9,0,4.2,0
B100110,West,D21,Cardiac,0.85,101.9,2.2,0,9.2,0
B100111,Central,D15,Analgesic,0.76,100.7,2.5,0,5.6,0
B100112,North,D10,Antibiotic,0.79,99.9,0.9,0,13.7,0
B100113,South,D09,Antibiotic,0.2,101.2,1.5,0,14.3,1
B100114,North,D10,Cardiac,0.85,98.9,1.8,0,1.5,0
B100115,Central,D16,Analgesic,0.24,82.3,6.0,0,33.5,1
B100116,West,D21,Antibiotic,0.76,100.7,,0,2.9,0
B100117,West,D11,Vaccine,0.74,105.9,10.8,0,0.1,0
B100118,North-East,D06,Cardiac,0.58,102.4,1.3,0,15.4,0
B100119,North-East,D06,Cardiac,0.62,101.1,1.4,0,3.9,0
B100120,North,D18,Antidiabetic,0.8,101.3,0.9,1,8.7,0
B100121,East,D20,Analgesic,0.9,104.0,1.8,0,0.0,0
B100122,West,D03,Analgesic,0.77,97.9,1.4,0,5.4,0
B100123,Central,D02,Analgesic,0.71,99.6,1.9,0,7.2,0
B100124,Central,D14,Antibiotic,0.44,95.8,0.3,0,5.3,0
B100125,East,D04,Cardiac,0.75,101.2,0.7,0,4.4,0
B100126,East,D20,Analgesic,0.89,101.9,3.2,0,8.3,0
B100127,North,D07,Antibiotic,0.81,97.8,3.0,0,14.9,0
B100128,East,D04,Antidiabetic,0.87,103.2,0.7,0,1.4,0
B100129,East,D22,Vaccine,0.8,98.4,0.5,0,0.0,0
B100130,East,D04,Antibiotic,0.88,99.2,,0,16.7,0
B100131,North,D07,Vaccine,0.91,100.3,0.1,0,3.4,0
B100132,East,D04,Antidiabetic,0.8,103.5,7.0,0,4.0,0
B100133,West,D03,Antidiabetic,0.59,98.1,5.3,0,4.2,0
B100134,North,D01,Analgesic,0.63,100.6,1.0,0,0.0,0
B100135,Central,D02,Antidiabetic,0.7,101.7,7.0,0,5.2,1
B100136,East,D04,Antidiabetic,0.79,101.3,0.9,0,6.0,0
B100137,Central,D02,Cardiac,0.75,101.3,1.7,0,11.0,0
B100138,Central,D14,Antidiabetic,0.54,101.7,,0,4.2,0
B100139,West,D17,Vaccine,0.87,98.8,1.4,1,0.0,0
B100140,North,D10,Cardiac,0.87,103.7,3.8,0,0.0,0
B100141,North,D07,Analgesic,0.91,99.8,3.7,0,15.8,0
B100142,North-East,D12,Cardiac,0.64,99.5,2.9,0,2.1,0
B100143,West,D21,Antibiotic,0.73,103.0,11.4,0,11.8,0
B100144,West,D21,Cardiac,0.89,98.6,2.8,0,3.0,0
B100145,North,D01,Antidiabetic,0.59,,14.5,0,,1
B100146,East,D04,Vaccine,0.8,88.2,0.3,0,8.7,0
B100147,North-East,D06,Antidiabetic,0.63,105.5,1.0,0,0.0,0
B100148,North-East,D06,Vaccine,0.59,105.1,5.5,0,0.0,0
B100149,Central,D13,Antibiotic,0.86,96.8,3.1,1,7.9,1
B100150,North,D10,Antibiotic,0.76,101.1,2.2,0,14.4,0
B100151,Central,D02,Cardiac,0.74,100.0,0.4,0,0.0,0
B100152,South,D09,Analgesic,0.3,89.9,,0,,0
B100153,North-East,D12,Vaccine,0.66,100.3,6.1,0,7.4,0
B100154,West,D03,Analgesic,0.64,91.6,11.9,1,51.1,1
B100155,East,D20,Vaccine,0.86,96.7,1.9,0,4.8,0
B100156,Central,D02,Analgesic,0.69,100.6,1.2,1,,0
B100157,East,D22,Antidiabetic,0.79,99.9,0.1,0,0.0,0
B100158,West,D03,Cardiac,0.71,100.7,2.0,0,0.6,0
B100159,West,D21,Cardiac,0.78,99.8,7.0,0,0.0,0
B100160,East,D22,Analgesic,0.64,99.2,5.7,0,11.0,0
B100161,North-East,D24,Antidiabetic,0.31,101.9,1.1,0,,0
B100162,East,D20,Antibiotic,0.88,101.2,8.4,0,0.5,0
B100163,North-East,D19,Vaccine,0.14,103.1,1.5,0,17.1,0
B100164,Central,D15,Antibiotic,0.67,87.0,2.9,0,7.3,0
B100165,North-East,D19,Analgesic,0.04,99.6,0.5,0,13.9,0
B100166,West,D03,Analgesic,0.7,101.4,7.8,0,13.4,0
B100167,Central,D13,Cardiac,1.0,95.6,0.1,0,7.1,0
B100168,North-East,D12,Vaccine,0.7,104.6,1.7,0,0.0,0
B100169,West,D21,Antibiotic,0.84,,0.6,0,9.4,0
B100170,West,D11,Analgesic,0.78,104.8,1.9,0,11.7,0
B100171,South,D09,Antidiabetic,0.14,98.1,1.5,0,3.4,0
B100172,Central,D15,Vaccine,0.65,97.5,2.1,0,9.1,0
B100173,North-East,D06,Antibiotic,0.44,100.8,3.3,0,7.8,0
B100174,East,D04,Vaccine,0.95,100.8,1.9,0,1.3,0
B100175,West,D11,Analgesic,0.85,100.7,3.1,0,7.3,0
B100176,North,D10,Vaccine,0.86,100.4,0.2,0,4.4,0
B100177,North-East,D06,Vaccine,0.6,98.6,4.6,0,10.6,0
B100178,South,D09,Analgesic,0.15,96.7,3.6,0,3.9,0
B100179,South,D09,Vaccine,0.23,93.9,12.6,0,27.0,1
B100180,Central,D08,Vaccine,0.87,97.2,1.5,0,0.0,0
B100181,South,D09,Antibiotic,0.25,97.0,0.9,0,23.4,0
B100182,West,D17,Antidiabetic,0.74,99.2,1.9,0,4.8,0
B100183,North,D07,Analgesic,0.68,100.9,1.1,0,0.1,0
B100184,South,D23,Vaccine,0.89,104.4,1.5,0,12.2,0
B100185,East,D22,Antibiotic,0.76,102.2,0.5,0,9.3,0
B100186,West,D11,Analgesic,0.65,103.2,0.5,1,,0
B100187,Central,D08,Antidiabetic,0.7,101.4,14.0,0,12.6,0
B100188,Central,D13,Antibiotic,0.8,100.8,4.5,0,15.7,0
B100189,West,D21,Antibiotic,0.82,105.5,0.1,0,0.5,0
B100190,Central,D16,Antibiotic,0.2,97.1,1.9,0,9.0,0
B100191,East,D20,Analgesic,0.9,99.1,4.7,0,0.0,0
B100192,Central,D13,Antidiabetic,0.92,99.3,2.3,1,5.9,0
B100193,Central,D15,Analgesic,0.72,102.0,0.5,0,12.7,1
B100194,North,D07,Vaccine,0.84,97.8,1.1,0,1.7,0
B100195,North,D18,Cardiac,0.78,101.7,1.0,0,23.6,0
B100196,East,D05,Cardiac,0.71,101.3,9.2,0,8.1,0
B100197,West,D17,Antibiotic,0.74,101.8,0.6,0,0.0,0
B100198,West,D21,Antibiotic,0.77,101.7,2.7,0,12.9,0
B100199,West,D03,Vaccine,0.63,103.4,0.5,0,23.5,0
B100200,Central,D15,Cardiac,0.71,99.9,0.7,0,0.0,0
B100201,West,D03,Cardiac,0.59,101.2,2.3,0,13.0,0
B100202,North,D18,Cardiac,0.82,98.4,2.3,0,1.1,0
B100203,Central,D02,Cardiac,0.63,97.9,1.5,1,7.6,0
B100204,South,D23,Vaccine,0.81,103.9,1.5,0,0.0,0
B100205,East,D04,Vaccine,0.77,98.2,5.3,0,14.0,0
B100206,South,D23,Antibiotic,0.78,101.4,6.3,0,5.8,0
B100207,East,D20,Antidiabetic,0.97,101.2,2.5,0,16.1,0
B100208,Central,D14,Analgesic,0.6,102.6,4.0,0,0.8,0
B100209,North-East,D19,Vaccine,0.04,89.2,0.8,0,33.1,1
B100210,East,D20,Antibiotic,0.92,102.0,,0,0.0,0
B100211,South,D23,Cardiac,0.76,99.9,0.6,0,26.2,0
B100212,North-East,D06,Cardiac,0.54,98.7,11.4,0,21.4,0
B100213,Central,D14,Cardiac,0.42,99.4,3.0,0,23.3,0
B100214,West,D03,Antibiotic,0.74,102.3,0.1,0,18.7,0
B100215,Central,D15,Antidiabetic,0.69,101.6,0.5,0,3.9,0
B100216,East,D04,Cardiac,0.98,99.7,21.5,0,7.7,0
B100217,Central,D13,Cardiac,0.9,97.5,8.7,0,10.0,0
B100218,Central,D13,Cardiac,0.81,97.6,3.7,0,10.6,0
B100219,West,D11,Antidiabetic,0.73,101.7,3.9,0,0.3,0
B100220,North-East,D12,Antidiabetic,0.61,97.2,,0,0.0,0
B100221,North-East,D19,Analgesic,0.15,99.7,8.5,0,0.0,0
B100222,East,D20,Analgesic,0.83,105.9,4.3,0,5.0,0
B100223,North-East,D12,Vaccine,0.58,101.0,0.1,0,5.8,0
B100224,Central,D14,Cardiac,0.43,101.6,2.9,0,4.8,0
B100225,South,D23,Analgesic,0.84,97.7,4.6,0,9.8,0
B100226,West,D03,Antibiotic,0.76,97.3,5.5,1,0.0,0
B100227,West,D03,Antibiotic,0.77,101.8,1.2,0,2.0,0
B100228,Central,D02,Antidiabetic,0.77,99.4,1.3,1,2.7,0
B100229,Central,D16,Antidiabetic,0.18,102.6,2.5,0,13.7,0
B100230,North,D10,Antidiabetic,0.88,100.3,1.4,0,9.4,0
B100231,North-East,D19,Analgesic,0.03,107.8,0.9,0,10.4,0
B100232,Central,D16,Cardiac,0.08,99.0,3.3,0,1.5,0
B100233,Central,D08,Cardiac,0.78,100.9,5.3,0,8.3,0
B100234,East,D22,Vaccine,0.71,98.3,0.7,0,2.6,0
B100235,North,D18,Antibiotic,0.8,102.5,1.4,0,2.8,0
B100236,North-East,D06,Antidiabetic,0.6,101.2,0.4,0,10.6,0
B100237,South,D09,Antibiotic,0.26,98.1,1.8,0,3.5,0
B100238,North,D07,Analgesic,0.84,99.5,0.6,0,7.3,0
B100239,East,D04,Cardiac,0.9,103.2,0.4,0,6.1,0
B100240,East,D04,Cardiac,0.86,103.0,4.5,0,0.0,0
B100241,South,D23,Vaccine,0.78,97.1,3.0,0,4.0,0
B100242,West,D11,Cardiac,0.76,99.2,3.5,0,4.1,0
B100243,South,D09,Antibiotic,0.21,104.2,1.2,0,5.3,0
B100244,North,D18,Cardiac,0.79,99.9,,0,0.0,0
B100245,Central,D13,Antibiotic,1.0,100.6,2.2,0,2.9,0
B100246,South,D23,Cardiac,0.81,102.5,2.8,0,14.4,0
B100247,North-East,D19,Cardiac,0.13,97.3,1.5,0,11.1,0
B100248,West,D11,Antibiotic,0.71,98.2,3.2,0,5.2,0
B100249,South,D09,Antibiotic,0.3,65.3,3.2,0,10.6,1
B100250,North-East,D24,Cardiac,0.33,102.9,0.1,0,8.7,0
B100251,West,D17,Antibiotic,0.82,102.5,1.2,0,14.8,0
B100252,South,D23,Antibiotic,0.82,101.8,0.5,0,18.6,0
B100253,West,D03,Analgesic,0.75,99.9,1.0,0,4.3,0
B100254,West,D21,Antidiabetic,0.9,102.7,1.9,0,0.6,0
B100255,Central,D15,Analgesic,0.73,99.9,,0,11.4,0
B100256,West,D03,Vaccine,0.68,101.5,1.0,0,10.5,0
B100257,Central,D14,Antidiabetic,0.51,102.2,2.4,0,8.1,0
B100258,West,D17,Analgesic,0.72,104.0,8.2,0,3.6,0
B100259,North,D01,Analgesic,0.65,100.1,3.6,0,0.0,0
B100260,West,D11,Analgesic,0.75,99.4,1.4,0,12.7,0
B100261,East,D20,Vaccine,0.83,103.1,6.3,0,14.3,0
B100262,North,D07,Vaccine,0.83,103.2,2.3,0,5.5,0
B100263,West,D11,Cardiac,0.7,99.0,0.2,0,20.0,0
B100264,West,D11,Antibiotic,0.73,97.8,0.1,0,9.7,0
B100265,North,D07,Cardiac,0.77,102.9,1.1,1,6.8,0
B100266,East,D22,Antibiotic,0.77,96.6,8.4,0,0.0,0
B100267,North-East,D19,Vaccine,0.08,96.5,4.1,0,0.0,0
B100268,West,D03,Antibiotic,0.69,99.6,19.9,0,4.4,0
B100269,North-East,D24,Analgesic,0.29,100.2,8.8,0,10.6,0
B100270,West,D21,Cardiac,0.8,97.7,,0,24.3,0
B100271,North,D07,Vaccine,0.73,,0.1,0,8.5,0
B100272,West,D21,Antibiotic,0.89,100.6,0.9,0,12.1,0
B100273,West,D03,Antibiotic,0.56,98.9,0.1,0,2.2,0
B100274,North-East,D24,Cardiac,0.28,100.4,1.2,0,9.5,0
B100275,Central,D16,Vaccine,0.16,100.9,0.3,0,8.5,0
B100276,Central,D16,Cardiac,0.21,102.5,9.2,0,1.4,0
B100277,Central,D02,Vaccine,0.65,96.8,5.9,0,17.4,0
B100278,East,D22,Antibiotic,0.74,96.8,2.4,0,7.1,0
B100279,North,D01,Cardiac,0.69,101.0,0.2,0,15.7,0
B100280,North-East,D06,Analgesic,0.66,104.1,1.0,0,8.1,0
B100281,East,D04,Antibiotic,0.87,97.8,1.2,1,5.7,0
B100282,North-East,D19,Antidiabetic,0.03,100.3,1.2,0,2.5,0
B100283,East,D05,Antibiotic,0.49,97.3,0.4,0,5.5,0
B100284,East,D22,Vaccine,0.82,98.4,1.0,0,18.3,0
B100285,Central,D16,Vaccine,0.12,100.4,1.3,0,1.7,0
B100286,North,D01,Analgesic,0.69,98.9,2.1,0,12.7,0
B100287,North,D01,Cardiac,0.7,84.2,0.8,0,5.8,0
B100288,Central,D02,Antibiotic,0.72,97.1,2.2,0,12.1,0
B100289,Central,D15,Antidiabetic,0.88,95.9,0.4,0,9.4,0
B100290,East,D20,Analgesic,0.91,101.0,1.6,0,0.0,0
B100291,North-East,D06,Antidiabetic,0.62,101.3,3.0,0,9.2,0
B100292,West,D21,Cardiac,0.78,101.3,10.6,0,23.2,0
B100293,Central,D02,Antidiabetic,0.77,98.0,5.6,0,10.2,0
B100294,East,D20,Analgesic,0.98,102.2,2.3,0,14.5,0
B100295,South,D23,Vaccine,0.77,98.9,12.8,1,8.9,1
B100296,North-East,D19,Analgesic,0.1,97.6,7.4,1,23.1,1
B100297,West,D17,Cardiac,0.72,99.7,1.9,0,3.0,0
B100298,West,D21,Analgesic,0.76,98.6,2.4,0,7.1,0
B100299,North,D01,Cardiac,0.76,100.4,2.0,0,14.2,0
B100300,East,D05,Antibiotic,0.49,103.6,2.5,0,5.5,0
B100301,West,D03,Cardiac,0.55,96.6,0.4,0,15.5,0
B100302,North-East,D12,Antibiotic,0.76,99.4,3.3,0,1.0,0
B100303,North,D18,Antidiabetic,0.76,101.2,2.6,0,8.4,0
B100304,Central,D15,Antibiotic,0.7,97.6,0.4,0,6.2,0
B100305,West,D21,Antibiotic,0.93,94.9,0.8,0,26.5,0
B100306,East,D04,Cardiac,0.84,98.2,1.0,0,5.3,0
B100307,North,D18,Cardiac,0.79,101.5,5.6,0,10.9,0
B100308,East,D05,Cardiac,0.45,106.5,2.3,0,0.0,0
B100309,North-East,D06,Antidiabetic,0.5,98.7,1.2,0,0.0,0
B100310,West,D17,Vaccine,0.77,106.4,2.1,0,10.1,0
B100311,North-East,D24,Cardiac,0.31,101.1,7.9,0,6.2,0
B100312,Central,D15,Vaccine,0.74,98.4,0.9,0,6.3,0
B100313,Central,D02,Analgesic,0.71,98.2,4.6,0,5.7,0
B100314,Central,D15,Analgesic,0.72,105.2,5.6,0,6.7,0
B100315,North,D01,Antibiotic,0.59,101.1,1.4,0,0.0,0
B100316,East,D22,Analgesic,0.8,98.8,1.3,0,7.4,0
B100317,West,D17,Cardiac,0.79,79.5,7.9,1,14.2,1
B100318,East,D04,Antibiotic,0.97,100.9,0.9,0,15.5,0
B100319,West,D03,Antidiabetic,0.69,100.0,2.1,0,13.8,0
B100320,East,D05,Analgesic,0.47,100.8,,0,0.0,0
B100321,North-East,D24,Antibiotic,0.29,83.2,23.1,0,7.9,1
B100322,West,D11,Analgesic,0.74,84.0,0.9,0,20.6,0
B100323,North-East,D19,Antibiotic,0.13,88.2,18.4,0,2.0,1
B100324,Central,D15,Antibiotic,0.72,99.8,5.0,0,11.4,0
B100325,Central,D13,Cardiac,0.8,98.9,1.1,0,4.5,0
B100326,East,D04,Antibiotic,0.75,102.4,0.8,0,13.2,0
B100327,South,D23,Antibiotic,0.82,96.8,0.8,0,0.0,0
B100328,North,D07,Cardiac,0.86,94.8,1.1,0,4.0,0
B100329,Central,D14,Antibiotic,0.47,64.7,3.4,1,12.6,1
B100330,West,D17,Cardiac,0.82,99.7,1.4,0,12.3,0
B100331,Central,D16,Cardiac,0.25,97.0,2.5,0,9.5,0
B100332,South,D23,Antibiotic,0.82,96.2,2.3,0,10.8,0
B100333,East,D04,Analgesic,0.8,104.2,,0,9.1,0
B100334,North-East,D12,Antibiotic,0.67,101.0,0.4,0,5.8,0
B100335,North,D10,Analgesic,0.91,100.0,4.3,0,17.4,0
B100336,West,D11,Antibiotic,0.79,104.8,40.1,0,21.0,0
B100337,West,D03,Antidiabetic,0.74,102.2,4.2,0,,0
B100338,West,D03,Antibiotic,0.66,103.9,12.1,0,0.0,0
B100339,North,D07,Cardiac,0.77,97.4,1.3,0,6.4,0
B100340,North,D07,Antibiotic,0.77,97.3,2.1,0,8.6,0
B100341,North,D10,Antibiotic,0.83,101.4,6.0,0,0.0,0
B100342,Central,D15,Analgesic,0.79,,5.0,0,17.4,0
B100343,Central,D15,Analgesic,0.58,102.7,,0,3.5,0
B100344,North,D10,Antidiabetic,0.84,96.4,0.1,0,2.2,0
B100345,North,D10,Antibiotic,0.83,101.5,2.6,0,5.6,0
B100346,East,D05,Antibiotic,0.44,102.2,1.2,0,4.7,1
B100347,Central,D14,Vaccine,0.5,102.1,0.5,0,8.4,0
B100348,North,D07,Vaccine,0.74,99.1,,0,13.5,0
B100349,North,D01,Antidiabetic,0.67,101.1,7.2,0,16.9,0
B100350,North,D10,Antidiabetic,0.95,98.3,0.3,0,13.5,0
B100351,West,D11,Antidiabetic,0.82,99.4,1.3,0,1.4,0
B100352,East,D05,Antibiotic,0.56,97.7,,0,7.2,0
B100353,Central,D13,Analgesic,0.9,98.3,3.6,0,8.7,0
B100354,Central,D13,Cardiac,0.86,99.5,0.4,0,10.2,0
B100355,West,D17,Vaccine,0.9,98.9,1.1,0,11.4,0
B100356,Central,D16,Cardiac,0.24,98.3,1.8,0,8.5,0
B100357,Central,D16,Antibiotic,0.14,97.1,,0,7.4,0
B100358,North,D07,Vaccine,0.7,104.3,12.9,0,14.4,0
B100359,North-East,D19,Antidiabetic,0.14,98.9,3.4,0,7.1,0
B100360,Central,D13,Vaccine,0.87,100.7,3.0,0,14.7,0
B100361,North,D10,Antidiabetic,0.75,96.1,7.2,0,13.7,0
B100362,Central,D15,Vaccine,0.74,103.0,4.7,0,18.2,0
B100363,Central,D08,Antibiotic,0.74,100.4,1.8,0,9.5,0
B100364,North-East,D12,Vaccine,0.69,99.0,1.3,0,18.1,0
B100365,North,D18,Antibiotic,0.83,99.0,19.0,0,5.9,0
B100366,East,D22,Analgesic,0.73,101.9,0.4,0,10.4,0
B100367,East,D22,Antibiotic,0.81,93.5,0.5,0,13.4,0
B100368,North-East,D12,Analgesic,0.63,98.2,3.0,0,0.9,0
B100369,North-East,D12,Antidiabetic,0.63,71.7,9.9,1,25.6,1
B100370,East,D20,Vaccine,0.9,99.7,0.1,0,3.3,0
B100371,North,D07,Antibiotic,0.85,105.5,2.2,0,7.6,0
B100372,West,D21,Analgesic,0.81,99.3,1.8,0,4.3,0
B100373,North-East,D12,Cardiac,0.74,102.2,41.7,0,8.7,0
B100374,West,D03,Analgesic,0.8,104.0,7.5,0,7.5,0
B100375,Central,D02,Antibiotic,0.7,101.5,2.0,0,6.0,0
B100376,West,D21,Analgesic,0.65,97.7,2.8,0,,0
B100377,Central,D02,Analgesic,0.8,97.2,0.1,0,3.2,0
B100378,North,D07,Vaccine,0.76,101.6,8.8,0,2.0,0
B100379,Central,D08,Antibiotic,0.71,103.6,3.8,0,0.0,0
B100380,East,D04,Antidiabetic,0.81,101.2,1.1,0,0.0,0
B100381,North,D07,Antibiotic,0.76,90.7,0.4,0,3.2,0
B100382,North,D18,Antibiotic,0.88,105.7,3.9,0,11.8,0
B100383,North,D01,Antibiotic,0.71,101.8,2.4,0,6.6,0
B100384,East,D20,Analgesic,1.0,97.6,2.8,0,8.1,0
B100385,West,D21,Analgesic,0.86,100.1,0.3,0,5.2,0
B100386,South,D09,Antibiotic,0.22,103.0,4.4,0,21.5,0
B100387,East,D04,Analgesic,0.83,99.5,0.8,0,9.2,0
B100388,Central,D15,Cardiac,0.75,103.3,0.2,0,4.0,0
B100389,West,D03,Vaccine,0.74,99.9,6.4,0,0.6,0
B100390,South,D09,Antidiabetic,0.3,80.4,11.6,0,30.3,1
B100391,South,D23,Vaccine,0.79,99.2,0.2,0,0.0,0
B100392,North-East,D24,Antibiotic,0.3,100.4,3.9,0,2.4,0
B100393,North-East,D19,Antidiabetic,0.14,,10.7,0,2.4,0
B100394,North,D07,Cardiac,0.76,96.5,0.4,0,,0
B100395,West,D17,Vaccine,0.71,85.4,1.2,0,10.5,0
B100396,West,D17,Cardiac,0.73,97.3,2.7,0,8.5,0
B100397,South,D09,Analgesic,0.23,104.3,20.0,0,6.6,1
B100398,Central,D15,Vaccine,0.76,98.3,,0,0.0,0
B100399,North,D01,Cardiac,0.77,93.8,13.4,0,21.0,0
B100400,East,D05,Cardiac,0.44,102.3,0.2,0,9.9,0
B100401,North-East,D12,Vaccine,0.62,101.2,1.9,0,12.0,0
B100402,East,D04,Analgesic,0.83,97.2,5.2,0,3.3,0
B100403,East,D04,Vaccine,0.9,62.5,2.1,1,23.5,1
B100404,East,D20,Antibiotic,0.9,97.0,0.5,0,16.2,0
B100405,North-East,D24,Antidiabetic,0.26,99.7,0.6,0,0.0,0
B100406,Central,D13,Analgesic,0.79,101.4,1.2,0,13.3,0
B100407,West,D21,Analgesic,0.86,102.2,3.9,1,6.3,0
B100408,North-East,D24,Analgesic,0.28,97.2,1.6,1,29.4,1
B100409,East,D04,Analgesic,0.81,102.8,0.4,0,19.7,0
B100410,West,D11,Vaccine,0.74,100.6,2.0,0,4.7,0
B100411,North,D10,Antidiabetic,0.9,87.9,5.9,0,,0
B100412,Central,D02,Analgesic,0.68,91.0,0.0,0,0.4,1
B100413,North,D18,Cardiac,0.75,102.0,4.8,0,8.1,0
B100414,North,D10,Analgesic,0.91,98.8,0.4,0,19.5,0
B100415,West,D11,Vaccine,0.76,100.8,4.9,0,5.3,0
B100416,East,D04,Antibiotic,0.89,99.4,2.7,0,18.8,0
B100417,East,D04,Vaccine,0.87,95.6,1.5,1,0.0,0
B100418,East,D22,Antibiotic,0.77,101.0,0.1,0,4.5,0
B100419,North,D01,Cardiac,0.68,97.2,2.6,0,15.3,0
B100420,North-East,D06,Antidiabetic,0.64,100.7,1.0,0,14.6,0
B100421,North,D07,Vaccine,0.85,96.6,0.6,0,0.0,0
B100422,North-East,D12,Vaccine,0.72,98.4,10.0,0,2.1,0
B100423,Central,D14,Cardiac,0.39,75.5,0.7,1,11.3,1
B100424,North-East,D12,Antibiotic,0.74,102.6,0.8,0,3.4,0
B100425,Central,D02,Antidiabetic,0.72,98.8,,0,16.2,0
B100426,North-East,D06,Vaccine,0.55,97.6,,0,8.1,0
B100427,West,D21,Antibiotic,0.82,100.8,2.5,1,0.0,0
B100428,Central,D15,Antibiotic,0.77,99.5,,0,,0
B100429,Central,D16,Antidiabetic,0.22,101.7,1.7,0,11.6,0
B100430,Central,D16,Antibiotic,0.17,89.5,0.8,0,0.0,0
B100431,North,D18,Cardiac,0.85,,0.1,0,1.8,0
B100432,Central,D02,Antibiotic,0.75,105.4,2.5,0,3.0,0
B100433,South,D09,Antibiotic,0.21,99.5,5.5,0,17.6,0
B100434,Central,D13,Antidiabetic,0.83,100.4,4.9,0,7.4,0
B100435,Central,D08,Antibiotic,0.78,77.6,4.6,1,28.1,1
B100436,West,D21,Antibiotic,0.82,98.1,2.3,0,0.0,0
B100437,North-East,D12,Analgesic,0.58,101.0,5.0,0,13.0,0
B100438,North-East,D19,Antidiabetic,0.15,99.3,1.2,0,5.1,0
B100439,West,D21,Vaccine,0.8,101.4,8.3,0,0.0,0
B100440,North-East,D12,Antibiotic,0.75,100.9,,0,5.4,0
B100441,East,D22,Antidiabetic,0.68,97.1,0.6,0,14.9,0
B100442,Central,D14,Cardiac,0.45,102.2,0.7,0,23.2,0
B100443,West,D21,Antidiabetic,0.79,97.3,4.2,0,7.6,0
B100444,Central,D08,Cardiac,0.7,98.3,1.1,0,11.4,0
B100445,North-East,D12,Cardiac,0.63,100.5,,0,7.3,0
B100446,Central,D13,Vaccine,0.98,103.4,9.9,0,9.5,0
B100447,West,D03,Vaccine,0.7,93.8,,0,2.5,1
B100448,North,D10,Cardiac,0.79,100.3,3.7,0,18.1,0
B100449,East,D22,Cardiac,0.66,100.3,4.5,0,4.8,0
B100450,Central,D15,Antidiabetic,0.61,101.4,4.1,0,0.3,0
B100451,East,D04,Analgesic,0.82,102.6,1.7,0,2.6,0
B100452,Central,D08,Vaccine,0.72,99.1,3.8,0,12.7,0
B100453,East,D05,Analgesic,0.51,102.2,2.7,0,3.1,0
B100454,North,D01,Analgesic,0.56,102.9,5.4,0,18.6,0
B100455,South,D23,Analgesic,0.8,103.9,1.0,0,12.5,0
B100456,West,D11,Cardiac,0.82,101.1,6.9,0,14.0,0
B100457,North,D07,Analgesic,0.88,100.3,4.2,0,5.1,0
B100458,Central,D14,Antibiotic,0.35,99.0,0.5,0,3.6,0
B100459,North,D01,Analgesic,0.65,96.8,4.9,0,8.2,0
B100460,North,D07,Analgesic,0.73,99.4,12.9,0,0.0,0
B100461,West,D17,Antidiabetic,0.78,100.2,1.4,0,11.3,0
B100462,Central,D15,Analgesic,0.64,99.8,1.3,0,14.4,0
B100463,North-East,D24,Analgesic,0.39,101.3,3.8,0,3.2,0
B100464,Central,D15,Analgesic,0.72,87.6,5.3,0,12.8,0
B100465,West,D11,Analgesic,0.75,99.6,,0,9.8,0
B100466,North,D18,Antibiotic,0.9,104.4,,0,15.8,0
B100467,East,D22,Antidiabetic,0.77,102.2,0.2,0,19.5,0
B100468,North,D18,Antidiabetic,0.83,101.4,2.9,0,13.5,0
B100469,South,D23,Analgesic,0.76,100.9,1.8,0,7.6,0
B100470,North-East,D19,Analgesic,0.02,104.3,8.9,1,18.2,1
B100471,West,D21,Antibiotic,0.79,96.1,1.5,0,8.3,0
B100472,West,D03,Analgesic,0.82,101.0,2.7,0,6.1,0
B100473,North,D18,Analgesic,0.84,94.6,5.5,0,3.7,0
B100474,West,D11,Cardiac,0.77,99.3,0.7,0,8.7,0
B100475,Central,D13,Antibiotic,0.81,100.0,2.6,0,15.0,0
B100476,Central,D16,Cardiac,0.24,83.5,17.2,1,16.2,1
B100477,South,D23,Vaccine,0.72,104.8,1.3,0,0.0,0
B100478,North-East,D24,Cardiac,0.2,104.0,5.2,0,0.0,0
B100479,North,D07,Analgesic,0.75,102.3,5.4,0,15.2,0
B100480,North,D18,Antibiotic,0.92,98.0,1.0,0,10.8,0
B100481,North,D18,Analgesic,0.92,104.2,0.3,0,18.3,0
B100482,Central,D08,Cardiac,0.73,101.4,0.7,0,4.4,0
B100483,West,D03,Analgesic,0.65,97.9,0.0,0,0.0,0
B100484,North,D01,Antibiotic,0.6,100.1,7.1,0,18.9,0
B100485,North-East,D19,Analgesic,0.11,95.3,6.0,1,10.5,1
B100486,North-East,D12,Vaccine,0.67,86.1,0.1,0,,0
B100487,North-East,D24,Analgesic,0.34,100.3,6.3,0,0.0,0
B100488,West,D11,Analgesic,0.81,100.7,2.9,0,9.3,0
B100489,North-East,D24,Antibiotic,0.28,97.6,0.0,0,6.9,0
B100490,North,D10,Analgesic,0.87,99.4,3.2,0,0.0,0
B100491,East,D20,Cardiac,0.89,97.7,0.2,0,21.2,0
B100492,Central,D02,Cardiac,0.77,104.9,0.9,0,9.8,1
B100493,Central,D13,Antibiotic,0.84,98.0,1.5,0,1.5,0
B100494,East,D20,Vaccine,0.96,100.6,2.5,0,3.4,0
B100495,East,D22,Analgesic,0.79,96.9,4.2,0,0.0,0
B100496,East,D20,Antibiotic,0.93,97.5,2.5,0,5.7,0
B100497,North,D01,Analgesic,0.74,71.1,2.5,1,54.0,1
B100498,South,D09,Antibiotic,0.15,99.4,4.6,0,14.9,0
B100499,Central,D02,Antibiotic,0.68,100.4,2.9,0,10.2,0
B100500,West,D03,Cardiac,0.67,100.8,3.2,0,0.0,0
B100501,West,D17,Vaccine,0.69,96.1,2.3,0,,0
B100502,West,D17,Cardiac,0.75,99.6,1.6,0,23.1,0
B100503,North-East,D19,Antibiotic,0.08,98.3,2.6,0,1.6,0
B100504,West,D21,Analgesic,0.91,101.2,1.7,0,13.8,0
B100505,North,D18,Vaccine,0.81,99.4,6.5,0,3.2,0
B100506,East,D20,Cardiac,0.99,99.8,0.0,0,1.0,0
B100507,Central,D02,Cardiac,0.76,98.4,2.9,0,4.2,0
B100508,North-East,D06,Vaccine,0.56,103.8,0.6,0,18.3,0
B100509,Central,D15,Analgesic,0.73,97.2,0.1,0,0.0,0
B100510,West,D21,Antibiotic,0.87,99.1,1.1,0,12.6,0
B100511,North,D01,Analgesic,0.77,60.4,11.4,1,27.7,1
B100512,North-East,D12,Antibiotic,0.65,99.4,1.2,0,4.1,0
B100513,West,D17,Analgesic,0.68,98.3,22.5,0,15.0,0
B100514,North,D01,Antibiotic,0.59,96.0,3.6,0,13.9,0
B100515,North,D10,Antidiabetic,0.82,98.5,3.4,0,2.4,0
B100516,East,D22,Analgesic,0.63,97.9,0.2,0,1.4,0
B100517,Central,D16,Analgesic,0.3,103.7,3.1,0,6.9,0
B100518,North-East,D06,Vaccine,0.63,105.0,6.2,0,8.8,0
B100519,West,D21,Vaccine,0.79,99.9,1.1,0,5.4,0
B100520,Central,D08,Antibiotic,0.69,96.9,0.3,0,12.0,0
B100521,West,D21,Antidiabetic,0.89,101.6,3.0,0,2.6,0
B100522,North,D07,Cardiac,0.71,97.8,0.7,0,1.6,0
B100523,Central,D14,Antibiotic,0.4,98.8,0.6,0,8.0,0
B100524,North,D10,Cardiac,0.79,,4.7,1,27.6,1
B100525,North,D07,Analgesic,0.79,98.9,3.5,0,17.2,0
B100526,East,D22,Antibiotic,0.81,99.2,1.7,0,11.2,0
B100527,East,D05,Analgesic,0.59,97.1,,0,13.0,0
B100528,Central,D02,Antibiotic,0.8,98.5,1.8,0,5.6,0
B100529,Central,D08,Antibiotic,0.76,102.2,0.2,0,5.6,0
B100530,West,D17,Cardiac,0.84,99.9,2.1,0,3.6,0
B100531,East,D20,Vaccine,0.89,100.3,0.9,0,9.3,0
B100532,North-East,D24,Antidiabetic,0.18,95.1,5.4,0,9.0,0
B100533,North,D07,Cardiac,0.74,102.1,3.7,0,8.7,0
B100534,North,D10,Cardiac,0.79,98.5,4.2,0,6.6,0
B100535,East,D04,Analgesic,0.81,,0.9,0,7.7,0
B100536,Central,D14,Antidiabetic,0.4,100.3,3.6,0,19.6,0
B100537,North-East,D24,Vaccine,0.26,98.8,2.0,0,9.9,0
B100538,West,D17,Analgesic,0.81,96.0,2.1,0,12.1,0
B100539,Central,D14,Analgesic,0.56,104.8,11.0,0,11.3,0
B100540,North,D10,Antidiabetic,0.73,101.8,,0,6.8,0
B100541,East,D22,Antibiotic,0.69,101.9,,0,11.8,0
B100542,North-East,D12,Analgesic,0.61,104.0,5.0,0,8.1,0
B100543,West,D03,Cardiac,0.74,100.5,8.2,0,0.0,0
B100544,South,D09,Vaccine,0.23,85.3,5.4,0,36.3,1
B100545,Central,D02,Antidiabetic,0.7,98.9,0.5,0,22.0,0
B100546,East,D05,Vaccine,0.57,101.6,1.7,0,16.2,0
B100547,North,D01,Antibiotic,0.75,98.6,0.2,0,5.9,0
B100548,West,D11,Analgesic,0.75,98.9,1.1,0,12.7,0
B100549,Central,D15,Analgesic,0.67,100.2,4.9,0,9.5,0
B100550,Central,D08,Antibiotic,0.77,97.2,2.2,1,20.2,0
B100551,North,D10,Antibiotic,0.82,100.7,0.8,0,7.1,0
B100552,South,D23,Antibiotic,0.79,99.3,5.0,0,9.6,0
B100553,North,D18,Cardiac,0.77,95.6,11.2,1,2.4,0
B100554,Central,D13,Antidiabetic,0.93,99.0,0.3,0,7.1,0
B100555,North,D07,Analgesic,0.8,99.2,0.9,0,,0
B100556,East,D22,Antibiotic,0.83,101.9,2.3,0,9.8,0
B100557,North-East,D06,Analgesic,0.67,100.6,6.2,0,15.0,0
B100558,Central,D08,Antidiabetic,0.79,,0.1,0,19.8,0
B100559,East,D22,Cardiac,0.74,101.1,2.6,0,11.4,0
B100560,Central,D13,Vaccine,0.93,98.8,0.6,0,5.4,0
B100561,North,D18,Antibiotic,0.83,99.9,0.1,0,2.2,0
B100562,Central,D14,Antidiabetic,0.62,99.2,,0,4.7,0
B100563,Central,D16,Antidiabetic,0.21,101.1,4.4,0,0.0,0
B100564,North,D07,Antibiotic,0.82,100.1,3.3,0,6.2,0
B100565,North-East,D06,Cardiac,0.61,98.6,1.3,0,0.0,0
B100566,Central,D08,Antibiotic,0.75,100.0,0.1,0,,0
B100567,East,D04,Antibiotic,0.83,101.0,3.3,0,6.6,0
B100568,West,D21,Cardiac,0.85,97.8,3.5,0,10.3,0
B100569,North,D07,Analgesic,0.81,100.7,0.3,0,0.0,0
B100570,Central,D13,Analgesic,0.94,,2.3,0,5.6,0
B100571,East,D20,Antidiabetic,0.95,102.4,5.0,0,12.8,0
B100572,North-East,D19,Cardiac,0.07,101.2,10.8,0,17.8,0
B100573,West,D11,Antibiotic,0.74,103.6,2.3,0,7.5,0
B100574,West,D11,Analgesic,0.68,97.5,2.0,0,23.4,0
B100575,North-East,D24,Cardiac,0.39,102.5,,0,12.9,0
B100576,West,D17,Analgesic,0.74,102.1,3.7,0,8.4,0
B100577,East,D20,Antidiabetic,0.99,99.6,3.7,0,16.7,0
B100578,East,D22,Cardiac,0.79,99.2,,0,4.5,0
B100579,North-East,D19,Antibiotic,0.12,80.8,5.3,0,18.5,1
B100580,East,D05,Antibiotic,0.52,97.0,10.7,0,14.5,1
B100581,Central,D13,Cardiac,0.83,98.3,,0,11.7,0
B100582,West,D03,Antidiabetic,0.63,97.2,4.1,0,15.3,0
B100583,Central,D16,Antibiotic,0.29,101.5,25.4,1,22.3,1
B100584,South,D23,Antibiotic,0.81,96.7,5.8,0,22.1,0
B100585,North-East,D12,Cardiac,0.73,100.3,,0,0.0,0
B100586,North,D10,Antibiotic,0.92,101.0,2.0,0,5.5,0
B100587,North,D01,Antibiotic,0.67,100.8,6.6,0,6.0,0
B100588,South,D23,Antidiabetic,0.83,101.0,2.8,0,16.2,0
B100589,West,D03,Cardiac,0.69,102.1,1.5,0,10.6,0
B100590,North,D01,Antidiabetic,0.63,99.0,1.2,0,16.2,0
B100591,North-East,D06,Cardiac,0.58,100.2,4.8,0,10.0,0
B100592,Central,D02,Vaccine,0.78,99.4,1.5,0,7.9,0
B100593,West,D11,Antidiabetic,0.72,102.9,1.7,0,12.8,0
B100594,North-East,D12,Vaccine,0.64,104.6,8.7,0,,0
B100595,North,D07,Vaccine,0.77,97.4,2.0,0,10.7,0
B100596,Central,D02,Antidiabetic,0.87,95.5,1.5,0,,0
B100597,West,D03,Cardiac,0.58,101.3,2.5,0,11.0,0
B100598,South,D09,Antidiabetic,0.27,98.8,7.7,0,23.7,1
B100599,Central,D02,Antibiotic,0.72,104.3,0.4,0,8.4,0
B100600,West,D17,Antidiabetic,0.74,101.6,0.2,0,9.2,0
B100601,East,D05,Analgesic,0.51,103.1,,0,1.0,1
B100602,North,D07,Cardiac,0.82,103.7,2.6,0,14.9,0
B100603,North,D10,Antidiabetic,0.88,103.2,0.1,0,20.0,0
B100604,North,D10,Vaccine,0.85,101.9,14.4,0,0.0,0
B100605,North,D01,Cardiac,0.76,97.2,5.7,0,12.5,0
B100606,West,D03,Analgesic,0.77,76.2,6.0,1,36.3,0
B100607,West,D21,Cardiac,0.88,100.7,0.9,0,6.7,0
B100608,North,D01,Antidiabetic,0.66,99.8,2.1,0,12.4,0
B100609,North-East,D12,Cardiac,0.69,99.9,2.3,0,7.8,0
B100610,North-East,D12,Antibiotic,0.69,103.4,1.4,0,10.7,0
B100611,Central,D08,Antibiotic,0.71,98.3,0.9,0,5.5,0
B100612,North,D10,Antidiabetic,0.74,101.8,4.7,0,18.5,0
B100613,North-East,D19,Antidiabetic,0.02,69.2,0.1,0,48.9,1
B100614,West,D21,Antidiabetic,0.83,98.1,5.3,0,2.7,0
B100615,North-East,D06,Antibiotic,0.61,97.6,1.1,0,10.4,0
B100616,Central,D08,Vaccine,0.69,96.3,4.5,0,2.2,0
B100617,North-East,D06,Cardiac,0.66,101.1,10.0,0,9.6,0
B100618,West,D11,Cardiac,0.76,99.9,1.0,0,19.5,0
B100619,West,D17,Antibiotic,0.86,98.2,2.4,0,7.7,0
B100620,North-East,D06,Analgesic,0.62,95.9,1.7,0,0.0,0
B100621,Central,D08,Antibiotic,0.69,101.0,3.4,0,5.1,0
B100622,South,D23,Analgesic,0.83,99.6,1.6,0,13.7,0
B100623,Central,D02,Antibiotic,0.78,98.4,2.4,0,8.7,0
B100624,West,D11,Antibiotic,0.72,97.9,0.6,0,12.9,0
B100625,West,D17,Antibiotic,0.69,99.5,0.4,0,3.6,1
B100626,East,D04,Antidiabetic,0.86,101.0,4.9,0,5.1,0
B100627,Central,D02,Cardiac,0.68,99.3,1.5,0,12.4,0
B100628,East,D04,Antidiabetic,0.92,97.4,5.2,0,19.3,0
B100629,East,D22,Analgesic,0.74,99.9,1.5,0,5.3,0
B100630,North,D01,Analgesic,0.8,102.3,1.0,0,8.3,0
B100631,East,D05,Vaccine,0.4,93.1,2.2,0,29.4,1
B100632,North,D01,Analgesic,0.7,100.2,0.1,0,,0
B100633,West,D03,Vaccine,0.78,99.3,4.7,0,12.5,0
B100634,Central,D15,Cardiac,0.66,98.0,0.9,0,2.8,0
B100635,North-East,D06,Cardiac,0.58,98.0,0.2,0,8.0,0
B100636,Central,D13,Antidiabetic,0.85,96.3,0.6,0,3.7,0
B100637,Central,D14,Antibiotic,0.42,102.6,0.9,0,0.0,0
B100638,West,D21,Analgesic,0.84,101.0,1.2,0,1.8,0
B100639,North,D01,Antibiotic,0.62,100.2,2.0,0,11.1,0
B100640,West,D21,Antibiotic,0.82,100.7,0.7,0,11.9,0
B100641,Central,D15,Cardiac,0.75,100.7,0.8,1,13.4,0
B100642,East,D04,Analgesic,0.84,98.4,5.5,1,11.6,0
B100643,North-East,D19,Cardiac,0.04,94.4,3.1,0,7.4,1
B100644,West,D21,Antibiotic,0.89,99.0,0.0,0,0.0,0
B100645,North-East,D06,Antidiabetic,0.64,105.5,1.2,0,0.0,0
B100646,East,D22,Antidiabetic,0.71,83.7,13.9,0,13.4,1
B100647,West,D11,Analgesic,0.68,100.4,3.5,0,2.1,0
B100648,Central,D15,Antidiabetic,0.66,103.0,0.5,0,7.5,0
B100649,North-East,D24,Antibiotic,0.32,102.7,6.4,1,8.4,0
B100650,Central,D08,Cardiac,0.78,97.0,3.3,1,0.0,0
B100651,East,D20,Antidiabetic,0.98,99.5,0.8,0,10.3,0
B100652,Central,D08,Cardiac,0.74,,10.0,0,18.7,0
B100653,East,D20,Cardiac,0.87,101.3,0.2,0,7.9,0
B100654,Central,D15,Analgesic,0.77,99.5,1.5,0,6.1,0
B100655,East,D05,Cardiac,0.49,99.8,2.9,0,0.0,0
B100656,North,D10,Cardiac,0.85,99.0,2.7,0,6.1,0
B100657,North,D07,Antibiotic,0.69,,0.3,0,11.8,0
B100658,Central,D02,Antibiotic,0.71,96.8,0.2,0,8.0,0
B100659,North,D01,Cardiac,0.76,99.1,0.9,0,4.9,0
B100660,Central,D08,Analgesic,0.72,95.9,3.3,1,15.0,0
B100661,North,D01,Analgesic,0.75,87.2,29.9,1,17.4,1
B100662,East,D04,Antidiabetic,0.71,100.7,1.5,1,,0
B100663,North,D18,Cardiac,0.77,100.7,0.7,0,9.0,0
B100664,West,D17,Vaccine,0.77,99.3,2.0,0,17.1,0
B100665,North,D18,Analgesic,0.91,102.5,21.6,0,6.9,0
B100666,North,D07,Analgesic,0.71,103.0,0.2,0,1.8,0
B100667,East,D22,Cardiac,0.81,99.8,1.2,0,11.8,0
B100668,Central,D14,Analgesic,0.52,100.6,6.4,0,5.7,0
B100669,West,D03,Analgesic,0.65,99.0,8.3,0,11.9,0
B100670,East,D04,Cardiac,0.83,101.4,2.7,0,0.0,0
B100671,West,D17,Cardiac,0.78,97.4,0.3,0,8.3,0
B100672,East,D04,Cardiac,0.76,85.1,8.5,0,34.8,1
B100673,North-East,D12,Antibiotic,0.63,102.5,2.2,0,1.3,0
B100674,North-East,D24,Cardiac,0.37,93.6,4.9,0,0.0,0
B100675,North,D01,Analgesic,0.73,,7.1,0,6.0,0
B100676,North,D01,Antibiotic,0.69,100.9,0.5,0,0.5,0
B100677,North-East,D24,Cardiac,0.3,99.3,5.0,0,0.0,0
B100678,Central,D14,Cardiac,0.5,101.2,0.9,0,0.0,0
B100679,West,D03,Analgesic,0.74,99.2,6.4,0,0.0,0
B100680,East,D22,Cardiac,0.74,103.4,0.4,0,,0
B100681,West,D21,Vaccine,0.92,100.0,1.7,0,0.0,0
B100682,Central,D13,Antibiotic,0.95,105.3,1.1,0,8.0,0
B100683,Central,D15,Vaccine,0.76,101.3,0.0,0,1.3,0
B100684,North,D07,Analgesic,0.73,97.0,3.5,0,13.5,0
B100685,Central,D02,Cardiac,0.68,104.6,0.1,0,10.6,0
B100686,Central,D14,Cardiac,0.44,102.4,0.7,0,5.9,0
B100687,North,D07,Cardiac,0.78,100.8,1.3,0,9.0,0
B100688,Central,D16,Antibiotic,0.08,101.4,4.8,0,12.0,0
B100689,East,D20,Vaccine,0.96,97.4,3.8,0,8.4,0
B100690,North,D01,Antibiotic,0.77,96.0,1.5,0,9.0,0
B100691,Central,D14,Cardiac,0.5,99.9,3.5,0,0.0,0
B100692,North-East,D06,Antibiotic,0.55,103.0,0.9,0,4.4,0
B100693,West,D21,Analgesic,0.78,100.9,1.5,0,2.5,0
B100694,North-East,D06,Cardiac,0.61,103.8,1.8,0,15.4,0
B100695,Central,D15,Cardiac,0.71,102.9,0.7,0,5.3,0
B100696,Central,D13,Vaccine,0.9,100.0,2.9,0,3.3,0
B100697,North,D10,Vaccine,0.87,102.6,2.5,0,12.1,0
B100698,West,D17,Cardiac,0.84,103.3,2.8,0,,0
B100699,North,D18,Analgesic,0.74,99.8,8.0,1,7.4,0
B100700,Central,D13,Antibiotic,0.89,99.5,0.7,0,0.0,0
B100701,North,D18,Antidiabetic,0.78,100.3,3.9,0,3.0,0
B100702,North-East,D24,Analgesic,0.28,94.7,,0,4.8,0
B100703,North,D10,Analgesic,0.89,100.6,0.1,0,18.2,0
B100704,North-East,D12,Antibiotic,0.72,101.6,0.6,0,7.0,0
B100705,North,D01,Vaccine,0.78,100.3,2.2,0,,0
B100706,East,D20,Vaccine,0.96,100.8,6.1,0,7.1,0
B100707,North-East,D12,Vaccine,0.65,,4.9,0,18.1,0
B100708,North,D10,Analgesic,0.82,95.6,3.6,0,0.0,0
B100709,West,D03,Analgesic,0.59,103.7,4.1,0,13.4,0
B100710,East,D22,Antidiabetic,0.85,99.2,1.6,0,10.7,0
B100711,North,D10,Antidiabetic,0.82,98.6,13.3,0,7.2,0
B100712,West,D17,Antibiotic,0.81,103.0,0.2,0,5.8,0
B100713,East,D04,Antibiotic,0.89,102.2,0.3,0,18.1,0
B100714,South,D23,Cardiac,0.73,100.6,1.6,0,13.0,0
B100715,East,D04,Antidiabetic,0.79,101.7,4.1,0,0.7,0
B100716,East,D05,Antidiabetic,0.62,97.5,0.6,0,8.2,0
B100717,West,D21,Antibiotic,0.85,99.8,25.0,0,16.7,0
B100718,East,D22,Vaccine,0.73,102.8,8.0,0,11.8,0
B100719,East,D05,Antibiotic,0.52,98.5,6.8,0,9.8,0
B100720,West,D11,Cardiac,0.82,97.8,3.8,0,0.0,1
B100721,North,D18,Analgesic,0.86,100.2,1.2,0,24.2,0
B100722,West,D21,Analgesic,0.74,100.2,3.6,0,,0
B100723,South,D09,Analgesic,0.34,101.4,1.7,0,20.5,0
B100724,North-East,D12,Vaccine,0.72,97.0,0.0,0,10.1,0
B100725,North,D18,Analgesic,0.79,94.4,1.5,0,7.9,0
B100726,North,D18,Antibiotic,0.73,102.0,1.0,0,3.5,0
B100727,North-East,D19,Analgesic,0.17,65.1,2.7,0,8.3,1
B100728,Central,D13,Cardiac,0.9,98.7,0.8,0,18.5,0
B100729,West,D03,Cardiac,0.6,95.2,0.8,0,15.3,0
B100730,East,D22,Vaccine,0.76,102.3,1.0,0,23.8,0
B100731,West,D21,Cardiac,1.0,100.8,0.4,0,,0
B100732,East,D20,Cardiac,0.93,100.7,11.0,0,3.7,0
B100733,West,D03,Antibiotic,0.65,93.3,2.0,0,9.8,0
B100734,East,D05,Antibiotic,0.46,95.5,2.5,1,13.6,0
B100735,North,D18,Analgesic,0.91,97.8,9.6,0,6.2,0
B100736,North,D01,Vaccine,0.75,99.0,0.4,0,7.7,0
B100737,North-East,D24,Antibiotic,0.37,98.4,0.2,0,9.5,0
B100738,South,D09,Antibiotic,0.26,99.4,0.1,0,11.5,0
B100739,North,D18,Antibiotic,0.88,100.5,1.7,0,8.9,0
B100740,East,D22,Analgesic,0.72,102.2,6.2,0,9.5,0
B100741,North,D10,Analgesic,0.85,96.7,2.5,0,12.5,0
B100742,Central,D08,Antibiotic,0.78,99.7,17.0,1,11.6,1
B100743,Central,D15,Cardiac,0.8,101.6,,0,4.5,0
B100744,Central,D14,Vaccine,0.48,98.0,1.2,0,0.0,0
B100745,North,D10,Vaccine,0.8,99.6,,0,0.7,0
B100746,Central,D15,Antibiotic,0.72,101.0,4.8,0,11.2,0
B100747,South,D23,Cardiac,0.7,100.0,,0,2.9,0
B100748,West,D11,Antidiabetic,0.62,101.5,,0,9.9,0
B100749,East,D05,Analgesic,0.57,100.2,1.0,0,7.6,0
B100750,South,D09,Antibiotic,0.22,99.3,0.4,0,8.5,0
B100751,North,D10,Vaccine,0.82,97.4,5.8,0,11.4,0
B100752,West,D03,Antibiotic,0.74,100.5,4.6,0,16.3,0
B100753,East,D04,Cardiac,0.93,100.2,4.9,0,7.9,0
B100754,West,D17,Antibiotic,0.81,97.8,0.2,0,0.7,0
B100755,Central,D08,Antidiabetic,0.87,101.3,18.4,0,10.2,1
B100756,South,D23,Analgesic,0.83,102.8,0.9,0,13.0,0
B100757,North-East,D06,Analgesic,0.61,98.5,1.2,0,0.0,0
B100758,West,D03,Cardiac,0.7,,5.7,0,2.9,0
B100759,North,D18,Antibiotic,0.73,98.3,3.7,0,8.2,0
B100760,West,D21,Cardiac,0.89,96.3,0.8,0,4.6,0
B100761,North,D07,Antibiotic,0.63,104.4,0.8,0,8.9,0
B100762,East,D05,Cardiac,0.49,99.0,5.0,0,3.6,0
B100763,East,D05,Analgesic,0.52,98.1,8.2,0,14.6,0
B100764,North-East,D12,Antibiotic,0.61,97.5,2.0,0,8.4,0
B100765,West,D11,Cardiac,0.73,99.1,,0,0.0,0
B100766,North-East,D06,Antibiotic,0.7,98.5,7.0,0,13.1,0
B100767,North,D01,Antibiotic,0.76,103.2,0.4,0,13.6,0
B100768,West,D11,Cardiac,0.71,97.3,2.4,0,7.7,0
B100769,South,D23,Analgesic,0.78,96.6,3.0,0,0.0,0
B100770,Central,D16,Antidiabetic,0.11,101.2,0.9,0,14.3,0
B100771,North-East,D12,Analgesic,0.7,99.8,5.5,0,0.8,0
B100772,West,D03,Analgesic,0.68,99.5,0.3,0,5.5,0
B100773,North-East,D06,Vaccine,0.48,101.2,1.4,0,4.0,0
B100774,North,D07,Antibiotic,0.79,100.3,3.5,0,0.0,0
B100775,North-East,D19,Antidiabetic,0.13,99.9,1.0,0,8.0,0
B100776,West,D21,Antibiotic,0.89,96.9,2.2,1,9.4,0
B100777,East,D22,Analgesic,0.76,96.3,0.2,0,8.8,0
B100778,North-East,D24,Vaccine,0.27,98.5,1.0,0,6.5,0
B100779,North-East,D24,Vaccine,0.41,97.6,1.5,0,2.8,0
B100780,South,D23,Analgesic,0.8,100.6,,0,18.3,0
B100781,Central,D02,Cardiac,0.78,96.0,1.9,0,9.3,0
B100782,East,D04,Cardiac,0.82,99.0,2.5,1,1.5,0
B100783,North,D07,Antidiabetic,0.82,99.6,2.5,0,11.1,0
B100784,Central,D13,Vaccine,0.78,99.9,0.0,0,10.6,0
B100785,West,D03,Analgesic,0.66,100.9,2.0,0,12.3,0
B100786,West,D21,Antibiotic,0.76,99.3,3.2,0,7.8,0
B100787,Central,D15,Cardiac,0.68,98.5,3.4,0,3.6,0
B100788,Central,D13,Vaccine,0.95,102.7,2.4,0,0.0,0
B100789,East,D04,Analgesic,0.81,99.3,1.6,0,4.3,0
B100790,North-East,D06,Antibiotic,0.64,103.1,0.5,0,0.0,0
B100791,East,D04,Cardiac,0.94,99.3,2.4,1,10.1,0
B100792,West,D21,Cardiac,0.83,100.0,2.2,1,0.0,0
B100793,Central,D14,Antidiabetic,0.52,99.7,0.8,0,5.5,0
B100794,North,D18,Antibiotic,0.84,100.5,6.9,0,13.1,0
B100795,North,D07,Antidiabetic,0.79,99.1,6.9,0,6.3,0
B100796,South,D09,Antibiotic,0.29,77.3,7.7,0,46.0,1
B100797,North,D10,Vaccine,0.95,103.4,1.2,0,11.1,0
B100798,North,D18,Antibiotic,0.77,102.3,2.1,0,11.6,0
B100799,North-East,D19,Vaccine,0.04,75.4,4.3,0,38.2,0
B100800,East,D05,Analgesic,0.46,97.0,0.4,0,11.9,0
B100801,South,D23,Antibiotic,0.86,97.4,1.1,0,10.5,0
B100802,West,D03,Vaccine,0.76,100.5,1.0,0,0.0,0
B100803,East,D22,Cardiac,0.74,101.7,2.5,0,9.7,1
B100804,West,D03,Cardiac,0.56,98.9,0.5,0,19.6,0
B100805,North-East,D06,Cardiac,0.55,98.5,12.4,0,12.5,0
B100806,West,D21,Analgesic,0.86,103.1,1.5,0,14.8,0
B100807,East,D04,Antibiotic,0.85,101.5,0.6,0,3.3,0
B100808,North,D10,Cardiac,0.85,102.3,0.5,0,7.5,0
B100809,West,D11,Antibiotic,0.72,99.0,0.5,0,12.0,0
B100810,North-East,D06,Vaccine,0.66,98.9,5.2,0,11.1,0
B100811,West,D17,Antibiotic,0.8,102.1,2.8,0,13.5,0
B100812,West,D21,Cardiac,0.86,99.4,4.3,0,0.1,0
B100813,West,D21,Vaccine,0.84,81.6,2.4,0,0.0,1
B100814,Central,D08,Cardiac,0.79,98.0,3.1,0,0.0,0
B100815,Central,D13,Vaccine,0.9,98.9,5.9,0,9.8,0
B100816,North-East,D06,Analgesic,0.54,,2.0,0,6.7,0
B100817,North-East,D06,Analgesic,0.62,96.7,2.7,0,6.6,0
B100818,East,D04,Antibiotic,0.9,101.4,2.0,1,3.2,0
B100819,South,D23,Analgesic,0.87,98.4,0.3,0,2.1,0
B100820,East,D22,Analgesic,0.79,99.5,1.2,0,8.0,0
B100821,North-East,D19,Analgesic,0.04,76.3,0.1,1,33.5,0
B100822,North-East,D12,Antibiotic,0.61,99.5,,0,19.0,0
B100823,North-East,D12,Cardiac,0.63,99.4,2.8,1,19.0,0
B100824,Central,D13,Vaccine,0.88,99.0,33.8,1,4.7,0
B100825,Central,D13,Antibiotic,0.86,98.7,2.6,0,0.0,0
B100826,North,D10,Antibiotic,0.77,102.9,3.9,1,14.2,0
B100827,West,D03,Analgesic,0.62,100.1,0.9,0,16.9,0
B100828,West,D03,Vaccine,0.56,99.7,0.3,0,10.9,0
B100829,South,D23,Cardiac,0.62,98.6,6.5,0,7.8,0
B100830,North-East,D12,Antibiotic,0.65,99.1,1.1,0,3.6,0
B100831,South,D23,Cardiac,0.94,,2.5,0,12.2,0
B100832,East,D04,Vaccine,0.96,101.7,0.3,1,12.0,1
B100833,Central,D13,Analgesic,0.81,98.3,0.2,0,10.0,0
B100834,East,D05,Cardiac,0.53,95.1,0.6,0,0.3,0
B100835,North-East,D06,Vaccine,0.51,100.1,3.1,0,1.0,0
B100836,North,D01,Antibiotic,0.62,90.2,2.9,0,,0
B100837,West,D03,Analgesic,0.62,98.7,2.4,0,15.3,0
B100838,East,D22,Antidiabetic,0.76,102.0,1.2,0,14.4,0
B100839,Central,D08,Antidiabetic,0.75,92.3,1.6,0,5.2,0
B100840,Central,D15,Antibiotic,0.73,55.9,1.2,0,28.1,1
B100841,West,D11,Cardiac,0.79,102.3,4.4,0,17.3,0
B100842,North,D10,Vaccine,0.82,98.6,1.1,1,16.7,0
B100843,Central,D13,Antibiotic,0.87,99.0,0.3,0,8.9,0
B100844,East,D05,Cardiac,0.46,101.1,13.1,0,5.0,0
B100845,North-East,D24,Analgesic,0.21,101.2,0.4,0,5.8,0
B100846,East,D20,Analgesic,0.84,98.6,0.2,0,,0
B100847,North,D18,Cardiac,0.84,96.4,0.2,0,11.8,0
B100848,West,D11,Vaccine,0.73,104.7,1.6,0,5.0,0
B100849,East,D04,Cardiac,0.74,102.1,2.3,0,23.4,0
B100850,East,D22,Vaccine,0.77,100.3,0.2,0,0.0,0
B100851,Central,D08,Antibiotic,0.68,100.4,1.5,0,3.8,0
B100852,Central,D02,Vaccine,0.84,101.4,0.3,0,3.9,0
B100853,Central,D08,Antidiabetic,0.72,101.6,1.8,0,8.7,0
B100854,East,D20,Analgesic,0.97,95.4,5.9,0,,0
B100855,Central,D15,Antibiotic,0.78,99.2,1.8,0,13.8,0
B100856,North,D18,Cardiac,0.75,99.0,9.2,0,8.9,0
B100857,East,D20,Antidiabetic,0.94,99.6,2.1,0,0.0,0
B100858,East,D05,Antidiabetic,0.56,101.7,5.5,0,14.7,0
B100859,East,D22,Analgesic,0.78,96.1,3.1,0,0.1,0
B100860,West,D11,Vaccine,0.78,97.0,2.4,0,5.2,0
B100861,Central,D15,Analgesic,0.64,98.5,1.6,0,7.5,0
B100862,North,D01,Cardiac,0.73,100.3,,0,2.3,0
B100863,North-East,D24,Antidiabetic,0.26,101.8,6.2,0,2.2,0
B100864,North,D07,Cardiac,0.8,103.6,2.5,0,14.2,0
B100865,Central,D02,Analgesic,0.8,99.4,6.7,0,18.2,0
B100866,West,D11,Antibiotic,0.79,101.8,0.8,0,7.5,0
B100867,West,D03,Analgesic,0.71,101.6,7.9,0,0.0,0
B100868,East,D04,Antibiotic,0.89,101.2,0.6,0,10.0,0
B100869,Central,D15,Antibiotic,0.76,99.9,,0,3.1,0
B100870,North,D10,Analgesic,0.93,99.1,0.6,0,10.5,0
B100871,East,D22,Cardiac,0.77,97.7,0.2,0,10.1,0
B100872,Central,D08,Antidiabetic,0.77,97.5,1.2,0,0.0,0
B100873,North,D18,Cardiac,0.86,100.8,1.3,0,,0
B100874,West,D11,Antidiabetic,0.73,99.9,3.6,0,12.3,0
B100875,Central,D16,Cardiac,0.11,50.5,5.5,0,,1
B100876,Central,D14,Cardiac,0.49,101.5,1.8,0,0.3,0
B100877,West,D11,Antibiotic,0.74,99.6,0.7,0,12.6,0
B100878,South,D23,Analgesic,0.73,98.0,0.8,0,0.0,0
B100879,Central,D08,Antibiotic,0.79,99.4,7.8,0,9.6,0
B100880,East,D04,Antibiotic,0.94,101.8,1.5,0,4.2,0
B100881,West,D17,Antibiotic,0.68,97.7,13.4,0,11.0,0
B100882,West,D21,Cardiac,0.89,100.5,1.6,0,6.4,0
B100883,North,D01,Cardiac,0.54,99.9,1.1,0,11.4,0
B100884,West,D11,Antidiabetic,0.73,98.3,1.8,0,17.5,0
B100885,East,D22,Antidiabetic,0.88,99.4,4.6,0,12.9,0
B100886,North,D18,Antidiabetic,0.78,96.5,2.6,0,12.7,0
B100887,North-East,D24,Antibiotic,0.29,100.2,2.4,0,12.1,0
B100888,Central,D13,Antidiabetic,0.92,97.0,0.2,0,0.0,0
B100889,Central,D16,Cardiac,0.08,87.6,1.5,0,40.7,1
B100890,North,D07,Antidiabetic,0.78,99.8,0.4,0,9.9,0
B100891,South,D23,Antibiotic,0.81,98.7,5.9,0,11.9,0
B100892,South,D09,Antibiotic,0.36,102.6,0.8,0,7.4,0
B100893,North,D18,Antidiabetic,0.73,97.7,0.7,0,13.0,0
B100894,North,D10,Antibiotic,0.81,98.4,3.0,0,1.3,0
B100895,Central,D13,Vaccine,0.82,96.0,0.7,0,21.9,0
B100896,North,D18,Analgesic,0.74,102.9,0.6,0,11.9,0
B100897,North-East,D12,Antibiotic,0.73,104.1,4.9,0,1.6,0
B100898,East,D22,Antibiotic,0.77,96.3,0.1,0,17.5,0
B100899,North,D10,Antidiabetic,0.8,98.2,3.1,0,0.2,0
B100900,Central,D16,Antidiabetic,0.16,100.2,0.4,0,8.1,0
B100901,Central,D08,Antidiabetic,0.72,98.9,3.4,0,8.8,0
B100902,North,D10,Vaccine,0.81,88.3,0.3,0,5.1,0
B100903,West,D11,Antibiotic,0.68,99.7,3.5,0,7.1,0
B100904,West,D03,Analgesic,0.67,100.9,0.6,0,8.4,0
B100905,West,D03,Analgesic,0.67,97.9,1.4,0,0.5,0
B100906,Central,D16,Antibiotic,0.14,100.4,0.7,0,9.9,0
B100907,Central,D16,Cardiac,0.2,97.5,12.3,0,8.0,0
B100908,Central,D16,Antidiabetic,0.2,99.1,0.0,0,21.6,0
B100909,North,D01,Analgesic,0.66,96.2,1.0,0,18.4,0
B100910,Central,D08,Vaccine,0.75,99.1,3.3,0,2.9,0
B100911,East,D05,Vaccine,0.65,98.7,5.1,0,7.0,0
B100912,North-East,D19,Antibiotic,0.23,102.1,2.6,0,3.1,0
B100913,West,D21,Vaccine,0.76,99.9,2.5,0,6.2,0
B100914,North-East,D06,Analgesic,0.54,100.3,0.0,0,14.0,0
B100915,Central,D16,Analgesic,0.12,69.4,3.7,1,20.6,0
B100916,West,D03,Analgesic,0.75,95.3,0.2,0,4.5,0
B100917,North,D07,Cardiac,0.76,88.2,9.9,0,12.2,0
B100918,East,D04,Antibiotic,0.86,99.3,2.4,0,0.0,0
B100919,North,D07,Antibiotic,0.9,100.6,4.9,0,5.3,0
B100920,West,D17,Antibiotic,0.78,99.5,2.3,0,17.6,0
B100921,East,D22,Antibiotic,0.81,98.1,4.0,1,17.9,0
B100922,East,D05,Analgesic,0.55,99.5,,0,17.1,0
B100923,Central,D13,Cardiac,0.84,99.3,0.6,0,0.0,0
B100924,West,D17,Antidiabetic,0.84,101.7,8.1,0,0.0,0
B100925,South,D23,Analgesic,0.75,101.6,2.3,0,4.5,0
B100926,Central,D15,Analgesic,0.8,98.8,1.9,0,8.1,0
B100927,North-East,D06,Antibiotic,0.56,99.9,0.4,0,2.9,0
B100928,Central,D15,Analgesic,0.69,100.6,1.4,0,0.0,0
B100929,Central,D08,Vaccine,0.69,100.9,0.2,0,14.5,0
B100930,North-East,D24,Antidiabetic,0.23,103.6,2.6,0,13.3,0
B100931,North,D10,Analgesic,0.81,99.9,2.7,0,3.9,0
B100932,West,D17,Antibiotic,0.63,102.6,1.8,0,13.0,0
B100933,North,D01,Vaccine,0.68,97.4,7.2,0,14.6,0
B100934,North,D10,Antibiotic,0.81,98.6,2.5,0,0.0,0
B100935,West,D21,Antidiabetic,0.88,75.0,11.9,0,17.8,1
B100936,Central,D15,Antibiotic,0.74,100.3,0.3,0,7.6,0
B100937,West,D11,Antibiotic,0.71,101.4,1.2,0,0.0,0
B100938,South,D23,Antibiotic,0.78,94.4,18.3,0,15.1,0
B100939,West,D21,Cardiac,0.81,98.2,4.4,0,9.6,1
B100940,Central,D08,Analgesic,0.85,101.3,2.2,1,0.0,0
B100941,Central,D13,Analgesic,0.82,101.2,2.2,0,10.8,0
B100942,North-East,D12,Vaccine,0.62,97.4,2.5,0,9.3,0
B100943,Central,D15,Antibiotic,0.65,101.7,1.3,1,11.8,0
B100944,Central,D08,Antidiabetic,0.67,100.0,4.0,1,0.0,0
B100945,North-East,D06,Antibiotic,0.61,101.3,2.8,0,,0
B100946,East,D22,Antibiotic,0.78,99.7,,0,1.1,0
B100947,East,D22,Analgesic,0.85,100.8,,0,6.9,0
B100948,West,D21,Antibiotic,0.89,102.4,0.0,0,0.0,0
B100949,North-East,D24,Antibiotic,0.43,99.6,7.7,0,0.2,0
B100950,North,D18,Cardiac,0.8,100.6,0.2,0,18.8,0
B100951,North-East,D19,Analgesic,0.09,102.7,0.3,0,16.1,0
B100952,North,D18,Antibiotic,0.73,99.7,3.3,0,14.8,0
B100953,West,D11,Vaccine,0.8,97.5,3.1,0,18.3,0
B100954,West,D11,Cardiac,0.76,101.5,2.7,0,0.0,0
B100955,North-East,D06,Antibiotic,0.63,103.2,0.3,0,7.6,0
B100956,Central,D15,Antibiotic,0.65,102.8,1.6,0,9.7,0
B100957,North,D07,Analgesic,0.8,101.6,6.3,0,5.3,0
B100958,North-East,D06,Analgesic,0.61,94.8,0.9,0,0.0,0
B100959,Central,D14,Antidiabetic,0.47,98.6,0.1,0,14.2,0
B100960,North,D10,Vaccine,0.79,98.7,0.3,0,12.3,0
B100961,East,D05,Antibiotic,0.59,100.1,1.2,0,3.7,0
B100962,East,D20,Analgesic,1.0,103.7,1.1,0,13.9,0
B100963,West,D21,Analgesic,0.76,97.6,3.2,0,8.9,0
B100964,East,D04,Antibiotic,0.89,104.9,2.3,0,12.4,0
B100965,North,D01,Analgesic,0.52,99.2,4.3,0,1.6,0
B100966,Central,D08,Antibiotic,0.8,98.3,6.4,0,9.7,0
B100967,East,D20,Cardiac,0.82,101.9,6.0,0,9.7,0
B100968,West,D21,Cardiac,0.8,102.0,,0,6.4,0
B100969,East,D04,Analgesic,0.77,66.1,3.6,0,41.9,1
B100970,North-East,D19,Antidiabetic,0.09,65.8,3.2,1,8.5,1
B100971,West,D03,Antidiabetic,0.74,101.1,2.4,0,,0
B100972,South,D09,Antibiotic,0.13,97.7,0.4,0,1.4,0
B100973,North-East,D24,Vaccine,0.27,91.3,4.1,1,11.8,1
B100974,East,D05,Analgesic,0.49,96.4,1.7,0,9.7,0
B100975,East,D04,Antibiotic,0.94,98.2,0.7,0,10.9,1
B100976,North,D10,Vaccine,0.86,102.3,2.8,0,5.4,0
B100977,Central,D15,Vaccine,0.65,98.7,0.3,0,0.0,0
B100978,South,D23,Antidiabetic,0.78,99.5,0.8,0,0.0,0
B100979,North-East,D24,Analgesic,0.38,74.9,0.5,0,9.5,1
B100980,Central,D02,Cardiac,0.78,102.3,3.0,0,0.3,0
B100981,East,D04,Vaccine,0.79,98.5,4.6,0,2.4,0
B100982,North-East,D19,Antibiotic,0.09,102.5,6.3,0,13.9,0
B100983,North-East,D06,Antidiabetic,0.58,102.4,0.7,0,0.0,1
B100984,East,D22,Antibiotic,0.74,99.0,,0,0.0,0
B100985,Central,D16,Antibiotic,0.09,100.1,0.3,0,13.5,0
B100986,West,D03,Vaccine,0.65,99.0,4.4,0,8.6,0
B100987,East,D20,Cardiac,1.0,89.2,4.8,0,0.0,0
B100988,East,D04,Vaccine,0.83,,0.1,0,4.9,0
B100989,North,D10,Antibiotic,0.83,99.1,6.9,0,9.2,0
B100990,Central,D13,Vaccine,0.88,100.1,0.9,0,0.3,0
B100991,North-East,D12,Antibiotic,0.79,84.5,13.9,0,0.0,0
B100992,West,D17,Antibiotic,0.78,99.8,23.1,0,0.0,0
B100993,Central,D16,Analgesic,0.25,86.3,0.8,1,35.1,1
B100994,North-East,D24,Antibiotic,0.25,100.3,1.7,0,15.3,0
B100995,North-East,D24,Vaccine,0.27,102.1,2.7,1,13.3,0
B100996,North-East,D12,Analgesic,0.66,99.2,0.7,0,16.6,0
B100997,West,D03,Cardiac,0.64,99.0,4.3,0,17.0,0
B100998,North,D18,Vaccine,0.79,97.5,26.6,0,0.0,0
B100999,North-East,D24,Vaccine,0.34,99.1,16.4,0,15.0,0
B101000,Central,D08,Antibiotic,0.71,104.3,5.9,0,8.8,0
B101001,West,D11,Antidiabetic,0.75,100.6,1.2,0,21.3,0
B101002,North,D10,Antibiotic,0.88,98.7,0.4,0,31.7,0
B101003,Central,D02,Antibiotic,0.69,97.8,1.2,0,6.6,0
B101004,Central,D16,Analgesic,0.25,96.5,3.8,0,5.9,0
B101005,Central,D08,Antibiotic,0.76,98.2,1.4,0,5.3,0
B101006,North-East,D19,Antibiotic,0.09,101.7,2.2,0,8.5,0
B101007,East,D20,Antibiotic,0.81,99.1,,0,9.6,0
B101008,East,D20,Analgesic,0.91,97.9,3.9,0,26.5,0
B101009,North,D10,Analgesic,0.86,98.1,1.6,0,9.0,0
B101010,Central,D08,Cardiac,0.86,101.4,1.1,0,5.0,0
B101011,North,D18,Cardiac,0.84,99.8,4.1,0,8.1,0
B101012,East,D20,Vaccine,1.0,98.6,3.1,0,2.2,0
B101013,North-East,D12,Antidiabetic,0.59,99.3,0.1,0,0.0,0
B101014,East,D22,Cardiac,0.76,104.9,0.0,0,7.0,0
B101015,East,D04,Cardiac,0.92,102.7,0.7,0,24.3,0
B101016,West,D21,Cardiac,0.77,103.2,0.9,0,14.2,0
B101017,West,D03,Vaccine,0.75,96.1,2.6,0,4.6,0
B101018,East,D04,Vaccine,0.89,99.7,3.4,0,10.5,0
B101019,Central,D13,Analgesic,0.89,98.6,1.6,0,25.6,0
B101020,Central,D02,Antibiotic,0.72,101.2,3.0,0,9.4,0
B101021,Central,D02,Analgesic,0.68,102.3,4.7,0,1.8,0
B101022,North,D01,Antibiotic,0.8,100.7,0.2,0,8.5,0
B101023,North,D10,Antibiotic,0.87,98.1,12.0,0,12.5,0
B101024,North-East,D19,Antidiabetic,0.12,88.0,11.2,1,26.1,1
B101025,North,D01,Cardiac,0.67,101.4,2.5,0,18.2,0
B101026,Central,D16,Analgesic,0.19,,8.5,1,35.3,1
B101027,East,D20,Vaccine,0.94,100.3,3.3,0,0.0,0
B101028,East,D04,Analgesic,0.87,100.3,3.5,0,11.3,0
B101029,East,D04,Antidiabetic,0.89,100.1,,0,10.8,0
B101030,West,D21,Cardiac,0.78,83.5,2.1,0,10.4,0
B101031,East,D20,Analgesic,0.84,101.6,0.6,0,2.1,0
B101032,Central,D13,Analgesic,0.88,,5.8,0,22.0,0
B101033,East,D20,Vaccine,0.83,100.1,1.9,0,0.4,0
B101034,West,D03,Cardiac,0.67,99.9,18.6,1,1.1,0
B101035,North,D10,Antidiabetic,0.81,99.8,0.6,0,6.4,0
B101036,North,D18,Analgesic,0.83,98.3,2.5,0,17.3,0
B101037,North-East,D06,Vaccine,0.71,98.3,,0,17.6,0
B101038,North,D18,Analgesic,0.69,101.2,3.6,0,12.5,1
B101039,North-East,D12,Analgesic,0.8,98.4,0.9,0,14.3,0
B101040,North,D18,Antidiabetic,0.79,101.8,3.2,0,0.0,0
B101041,West,D11,Cardiac,0.78,,4.2,0,0.0,0
B101042,South,D09,Vaccine,0.16,101.8,1.4,0,5.4,0
B101043,East,D05,Vaccine,0.58,101.4,0.0,0,14.2,0
B101044,East,D05,Analgesic,0.53,101.9,5.3,0,14.4,0
B101045,North,D18,Antibiotic,0.8,99.0,1.8,0,1.9,1
B101046,West,D03,Analgesic,0.57,100.9,0.4,0,1.2,0
B101047,Central,D02,Cardiac,0.74,101.6,5.0,0,16.2,0
B101048,East,D04,Cardiac,0.9,96.6,0.3,0,9.3,0
B101049,East,D04,Antibiotic,0.84,103.7,0.0,0,0.0,0
B101050,East,D20,Cardiac,1.0,105.0,2.5,0,0.1,0
B101051,North,D10,Cardiac,0.9,,1.7,0,11.4,0
B101052,North-East,D24,Vaccine,0.25,101.8,1.2,0,0.0,0
B101053,East,D04,Analgesic,0.95,101.3,2.0,0,1.1,0
B101054,Central,D16,Analgesic,0.19,95.2,2.0,1,38.3,1
B101055,West,D11,Cardiac,0.76,,8.2,0,14.1,0
B101056,North,D10,Antibiotic,0.84,102.1,,0,7.9,0
B101057,West,D21,Antibiotic,0.83,97.9,8.5,0,19.7,0
B101058,North-East,D24,Analgesic,0.13,97.7,2.2,0,5.0,0
B101059,West,D21,Antibiotic,0.82,99.1,4.9,0,6.5,0
B101060,East,D05,Analgesic,0.44,101.4,0.1,0,10.3,0
B101061,East,D05,Cardiac,0.62,98.1,1.3,0,3.6,0
B101062,Central,D16,Antibiotic,0.28,78.2,0.7,1,5.1,1
B101063,North,D07,Analgesic,0.83,99.8,2.7,0,5.5,0
B101064,North,D18,Antidiabetic,0.79,,0.0,0,2.8,0
B101065,Central,D13,Analgesic,0.81,94.6,1.7,0,7.1,1
B101066,Central,D13,Analgesic,0.83,97.7,22.8,0,3.8,0
B101067,East,D20,Analgesic,1.0,100.6,1.2,0,11.2,0
B101068,West,D17,Antibiotic,0.73,101.1,1.8,0,5.5,0
B101069,North,D01,Antibiotic,0.56,95.7,0.5,0,7.4,1
B101070,Central,D02,Cardiac,0.8,101.3,0.4,0,3.6,0
B101071,Central,D15,Vaccine,0.81,98.6,1.1,0,0.0,0
B101072,North-East,D12,Vaccine,0.76,98.2,1.8,0,21.5,0
B101073,North-East,D06,Antibiotic,0.66,100.8,1.6,0,8.3,0
B101074,North,D10,Cardiac,0.91,99.5,3.3,0,12.7,0
B101075,North,D18,Antibiotic,0.81,102.0,7.2,0,7.3,0
B101076,East,D20,Cardiac,0.81,100.8,1.0,0,20.8,0
B101077,Central,D13,Vaccine,0.87,102.8,0.3,0,,0
B101078,South,D09,Analgesic,0.28,99.0,1.4,0,2.5,0
B101079,North-East,D06,Antibiotic,0.59,102.3,,0,15.8,0
B101080,North-East,D12,Antibiotic,0.65,92.6,1.1,0,4.4,0
B101081,North,D07,Analgesic,0.72,100.1,3.0,0,2.8,0
B101082,Central,D13,Cardiac,0.81,101.1,0.3,0,4.1,0
B101083,West,D17,Antibiotic,0.89,98.0,,0,21.5,0
B101084,Central,D02,Analgesic,0.85,102.0,0.7,0,22.3,0
B101085,North,D01,Analgesic,0.7,102.5,2.3,0,10.9,0
B101086,East,D05,Antibiotic,0.54,98.9,0.1,0,9.4,0
B101087,East,D22,Analgesic,0.71,101.3,0.2,0,13.5,0
B101088,Central,D16,Antibiotic,0.23,100.6,1.1,0,10.7,0
B101089,East,D04,Analgesic,0.96,100.9,2.7,0,9.2,0
B101090,East,D22,Antibiotic,0.68,101.8,13.1,0,4.8,0
B101091,West,D11,Analgesic,0.78,101.1,2.3,0,,0
B101092,West,D11,Vaccine,0.79,99.7,4.4,0,11.5,0
B101093,South,D23,Analgesic,0.84,101.8,2.1,0,9.0,0
B101094,Central,D02,Analgesic,0.84,102.4,5.5,0,18.3,0
B101095,East,D05,Antidiabetic,0.65,98.8,2.9,0,6.2,0
B101096,Central,D14,Analgesic,0.45,100.0,0.2,0,1.5,0
B101097,East,D05,Cardiac,0.56,96.1,2.1,0,0.0,0
B101098,West,D17,Antibiotic,0.78,101.3,0.3,0,2.6,0
B101099,East,D05,Vaccine,0.49,102.7,3.2,0,0.0,0
B101100,West,D03,Antibiotic,0.71,99.4,0.0,0,16.0,0
B101101,East,D05,Analgesic,0.56,100.3,0.8,0,5.0,0
B101102,North,D10,Cardiac,0.85,99.5,4.0,0,2.6,0
B101103,East,D04,Cardiac,0.8,99.2,1.5,0,11.4,0
B101104,West,D03,Analgesic,0.66,100.5,6.1,0,21.6,0
B101105,West,D21,Analgesic,0.8,98.3,1.2,0,5.0,0
B101106,Central,D08,Antibiotic,0.71,99.5,0.3,0,0.1,0
B101107,Central,D08,Antibiotic,0.78,98.0,2.9,0,5.2,0
B101108,Central,D02,Cardiac,0.76,101.3,0.6,0,0.0,0
B101109,Central,D08,Antibiotic,0.82,100.5,,0,11.6,0
B101110,North-East,D06,Antibiotic,0.54,99.1,4.6,0,12.0,0
B101111,Central,D15,Antidiabetic,0.68,100.1,1.0,0,4.9,0
B101112,East,D05,Antidiabetic,0.62,99.5,0.5,0,0.2,0
B101113,East,D22,Analgesic,0.76,92.7,0.0,0,24.8,0
B101114,South,D23,Vaccine,0.81,99.0,,0,0.0,0
B101115,West,D03,Cardiac,0.68,101.4,,0,2.7,0
B101116,West,D03,Antibiotic,0.76,98.4,0.5,0,8.2,0
B101117,West,D03,Analgesic,0.76,101.8,6.3,0,14.0,0
B101118,Central,D15,Vaccine,0.78,102.3,1.1,0,6.9,0
B101119,West,D03,Antidiabetic,0.69,102.4,1.0,0,8.2,0
B101120,West,D21,Antidiabetic,0.78,103.2,0.0,0,12.3,0
B101121,North,D18,Cardiac,0.92,100.6,3.4,1,30.4,0
B101122,East,D20,Antibiotic,0.98,102.7,2.7,0,3.9,0
B101123,North-East,D12,Analgesic,0.63,103.6,10.1,1,4.4,0
B101124,North-East,D24,Antibiotic,0.37,97.5,3.0,0,7.2,0
B101125,North,D01,Antidiabetic,0.66,98.7,6.4,0,12.8,0
B101126,North,D10,Antibiotic,0.92,96.7,2.7,0,25.7,0
B101127,Central,D08,Antibiotic,0.85,102.3,0.9,0,7.2,0
B101128,South,D23,Cardiac,0.75,96.7,6.2,0,11.9,0
B101129,Central,D14,Analgesic,0.5,96.1,8.9,0,0.0,0
B101130,East,D20,Cardiac,0.98,97.6,1.7,0,8.5,0
B101131,East,D04,Antibiotic,1.0,96.2,3.5,0,7.9,0
B101132,North-East,D24,Cardiac,0.24,93.7,5.0,0,15.1,0
B101133,North-East,D12,Antibiotic,0.74,97.6,1.4,1,4.4,1
B101134,North-East,D12,Antibiotic,0.66,96.3,1.3,0,0.0,0
B101135,South,D23,Analgesic,0.73,99.9,16.0,0,9.6,0
B101136,South,D09,Antibiotic,0.24,88.7,3.2,1,21.0,1
B101137,North,D10,Analgesic,0.84,95.9,9.8,0,2.4,0
B101138,Central,D14,Antibiotic,0.4,98.4,1.3,0,8.4,0
B101139,West,D03,Antibiotic,0.71,99.8,7.4,0,0.0,0
B101140,Central,D08,Cardiac,0.82,99.2,,0,6.2,0
B101141,East,D05,Antibiotic,0.54,99.3,4.0,0,19.1,0
B101142,West,D03,Cardiac,0.66,102.6,8.7,0,0.0,0
B101143,West,D21,Cardiac,0.82,104.7,1.7,0,3.2,0
B101144,Central,D14,Antibiotic,0.46,99.3,2.0,0,12.1,0
B101145,Central,D08,Cardiac,0.77,97.1,3.3,0,13.7,0
B101146,North,D10,Vaccine,0.9,99.5,1.4,0,8.4,0
B101147,North,D10,Vaccine,0.85,100.4,2.9,0,6.7,0
B101148,Central,D15,Antibiotic,0.63,99.9,,0,,0
B101149,East,D22,Cardiac,0.74,101.3,0.1,0,9.5,0
B101150,South,D23,Analgesic,0.81,104.9,,0,0.6,0
B101151,North,D10,Analgesic,0.9,96.2,0.7,0,8.8,0
B101152,Central,D08,Antidiabetic,0.84,98.9,4.5,0,7.1,0
B101153,West,D11,Vaccine,0.86,103.4,2.2,0,4.9,0
B101154,Central,D13,Antidiabetic,0.88,86.8,0.1,0,0.0,0
B101155,West,D11,Cardiac,0.8,90.4,2.3,1,21.5,1
B101156,Central,D16,Antidiabetic,0.1,101.4,0.0,0,12.1,0
B101157,Central,D13,Antidiabetic,0.9,102.7,0.5,0,13.3,0
B101158,Central,D08,Antidiabetic,0.69,104.2,2.4,0,8.1,0
B101159,Central,D08,Antibiotic,0.76,100.7,2.2,0,8.2,0
B101160,South,D09,Cardiac,0.43,65.8,15.3,1,15.7,1
B101161,West,D03,Cardiac,0.71,98.5,2.8,0,14.8,0
B101162,East,D04,Analgesic,0.8,104.8,5.4,0,0.0,0
B101163,North,D18,Vaccine,0.83,96.9,3.6,0,4.4,0
B101164,South,D09,Antidiabetic,0.21,101.1,0.4,0,2.4,0
B101165,East,D05,Antibiotic,0.47,99.5,4.1,0,7.2,0
B101166,Central,D13,Analgesic,1.0,97.0,0.7,0,17.2,0
B101167,North,D18,Analgesic,0.87,102.0,1.4,0,0.0,0
B101168,North-East,D06,Antibiotic,0.62,100.1,0.9,0,10.0,0
B101169,East,D20,Cardiac,0.91,99.2,4.1,0,10.1,0
B101170,South,D23,Antibiotic,0.79,98.2,2.4,0,1.3,0
B101171,Central,D14,Cardiac,0.55,95.6,0.9,0,6.7,0
B101172,Central,D16,Cardiac,0.21,101.5,0.1,0,1.7,0
B101173,Central,D02,Vaccine,0.55,99.4,2.7,1,8.7,0
B101174,South,D23,Cardiac,0.95,,0.5,0,7.2,0
B101175,North,D10,Antibiotic,0.85,100.1,3.2,0,18.5,0
B101176,East,D22,Cardiac,0.79,101.3,6.6,0,2.6,0
B101177,Central,D14,Antidiabetic,0.53,99.6,4.3,0,6.8,0
B101178,North,D01,Antibiotic,0.72,100.3,1.9,0,5.4,0
B101179,North,D01,Cardiac,0.74,100.1,0.5,0,17.5,0
B101180,West,D17,Analgesic,0.75,98.4,1.1,0,4.6,0
B101181,Central,D13,Analgesic,0.8,100.1,4.9,0,1.8,0
B101182,North,D01,Cardiac,0.71,101.6,1.8,0,2.6,0
B101183,North,D18,Analgesic,0.89,102.3,0.5,0,2.5,0
B101184,West,D21,Analgesic,0.79,101.7,,0,3.9,0
B101185,North-East,D12,Antibiotic,0.61,98.5,1.8,0,2.0,0
B101186,West,D11,Vaccine,0.83,101.4,2.8,0,8.1,1
B101187,North,D01,Antidiabetic,0.67,101.0,0.3,0,0.0,0
B101188,North-East,D19,Antibiotic,0.08,81.4,0.2,0,14.7,1
B101189,Central,D08,Analgesic,0.74,99.0,2.8,0,8.3,0
B101190,West,D21,Antibiotic,0.82,101.5,0.9,0,19.4,0
B101191,South,D09,Cardiac,0.15,103.0,2.4,0,11.3,0
B101192,Central,D13,Analgesic,0.84,,,0,10.6,0
B101193,North-East,D06,Analgesic,0.61,103.6,0.7,0,22.1,0
B101194,East,D04,Antibiotic,0.86,102.6,1.7,0,11.0,0
B101195,North-East,D19,Analgesic,0.17,54.1,11.4,1,27.5,1
B101196,North-East,D12,Antidiabetic,0.77,99.5,0.7,0,1.9,0
B101197,Central,D13,Analgesic,0.96,100.9,5.9,0,18.2,0
B101198,South,D23,Analgesic,0.86,98.6,6.1,0,0.9,0
B101199,South,D23,Cardiac,0.8,99.6,0.1,0,0.0,0
B101200,West,D21,Vaccine,0.79,96.8,0.2,0,0.1,0
B101201,East,D05,Analgesic,0.52,96.2,12.0,0,2.7,0
B101202,Central,D14,Vaccine,0.5,105.1,0.0,0,8.3,0
B101203,West,D21,Antibiotic,0.88,100.1,4.1,0,6.2,0
B101204,South,D09,Cardiac,0.28,100.4,1.9,0,11.7,0
B101205,West,D03,Antidiabetic,0.68,99.9,1.4,0,0.4,0
B101206,East,D20,Antidiabetic,0.98,98.2,3.5,0,1.9,0
B101207,West,D11,Antidiabetic,0.83,99.3,3.4,0,9.1,0
B101208,Central,D13,Analgesic,0.93,100.2,2.2,0,1.3,0
B101209,North-East,D24,Vaccine,0.29,99.6,6.8,0,0.0,0
B101210,Central,D15,Analgesic,0.67,98.3,1.6,0,0.0,0
B101211,North,D10,Antidiabetic,0.78,101.1,5.6,0,7.7,0
B101212,South,D09,Cardiac,0.2,100.4,,0,7.5,1
B101213,North,D10,Analgesic,0.85,100.9,1.9,0,7.2,1
B101214,West,D03,Cardiac,0.72,101.6,2.5,0,16.5,0
B101215,East,D20,Cardiac,0.85,99.6,,0,10.1,0
B101216,West,D21,Antidiabetic,0.8,99.6,3.1,0,8.0,0
B101217,North,D07,Cardiac,0.8,103.3,0.1,0,17.4,0
B101218,North,D07,Analgesic,0.73,97.9,2.0,0,14.8,0
B101219,West,D21,Vaccine,0.85,95.9,0.2,0,2.9,0
B101220,North,D01,Analgesic,0.68,101.2,0.0,0,13.8,0
B101221,North-East,D12,Vaccine,0.62,98.6,0.3,0,,0
B101222,West,D11,Antidiabetic,0.76,97.6,1.2,0,20.4,0
B101223,West,D17,Analgesic,0.8,101.9,8.5,0,14.8,0
B101224,East,D04,Analgesic,0.8,99.7,,0,10.7,0
B101225,Central,D16,Vaccine,0.17,,,0,50.8,1
B101226,South,D09,Analgesic,0.27,104.3,16.0,0,18.2,0
B101227,Central,D15,Analgesic,0.67,96.5,0.6,0,0.0,0
B101228,North,D01,Antibiotic,0.6,99.8,1.1,0,16.9,0
B101229,West,D11,Antidiabetic,0.66,95.8,31.0,0,8.9,0
B101230,North-East,D12,Vaccine,0.63,100.6,0.4,0,1.5,0
B101231,East,D05,Analgesic,0.44,98.6,0.9,0,0.0,0
B101232,East,D04,Antibiotic,0.83,101.8,2.4,0,0.0,0
B101233,East,D05,Analgesic,0.62,100.0,0.5,0,12.0,0
B101234,Central,D08,Cardiac,0.68,103.0,0.6,0,21.5,0
B101235,West,D03,Antidiabetic,0.67,99.1,,0,4.5,0
B101236,South,D23,Antibiotic,0.93,96.5,,0,2.0,0
B101237,North,D10,Antidiabetic,0.86,100.5,1.1,0,16.5,0
B101238,East,D20,Cardiac,0.91,99.4,0.9,0,8.8,0
B101239,North-East,D24,Vaccine,0.28,96.0,2.7,0,16.8,0
B101240,Central,D02,Antibiotic,0.77,97.7,4.9,0,1.2,0
B101241,Central,D16,Vaccine,0.29,98.4,3.7,0,12.6,0
B101242,West,D21,Antidiabetic,0.8,103.4,2.9,0,20.7,0
B101243,Central,D15,Vaccine,0.67,101.6,,0,,0
B101244,North,D10,Analgesic,0.75,99.2,2.1,1,5.8,0
B101245,North,D10,Cardiac,0.84,101.0,1.9,0,5.5,0
B101246,North,D01,Antidiabetic,0.61,95.5,5.2,0,13.2,0
B101247,Central,D13,Cardiac,0.84,98.8,1.6,0,16.8,0
B101248,North-East,D24,Cardiac,0.23,100.9,1.2,0,3.2,1
B101249,South,D23,Antibiotic,0.87,100.4,5.0,0,25.5,0
B101250,North,D01,Antidiabetic,0.67,98.8,6.2,0,8.4,0
B101251,West,D17,Vaccine,0.8,99.9,,0,4.0,0
B101252,North,D07,Antibiotic,0.68,100.7,8.8,0,18.0,0
B101253,East,D22,Antidiabetic,0.78,100.0,1.4,0,9.0,0
B101254,North,D01,Antibiotic,0.62,,2.6,0,5.4,0
B101255,South,D23,Antibiotic,0.78,100.7,1.3,0,4.2,0
B101256,West,D21,Analgesic,0.96,101.1,1.2,0,22.7,1
B101257,West,D03,Vaccine,0.75,103.8,4.0,0,1.0,0
B101258,Central,D02,Antibiotic,0.73,101.8,2.8,0,15.9,0
B101259,East,D20,Analgesic,1.0,103.8,1.1,0,2.3,0
B101260,East,D04,Cardiac,0.79,98.5,0.7,0,3.6,0
B101261,Central,D13,Cardiac,0.94,,3.9,0,7.4,0
B101262,East,D22,Antibiotic,0.68,99.7,0.8,0,11.3,0
B101263,Central,D13,Analgesic,0.86,99.5,2.8,0,0.0,0
B101264,North,D10,Cardiac,0.75,103.2,1.9,1,,0
B101265,West,D11,Antibiotic,0.77,97.5,,0,15.2,0
B101266,Central,D02,Antibiotic,0.74,99.8,4.8,0,15.2,0
B101267,South,D23,Antibiotic,0.79,100.9,0.8,0,6.0,0
B101268,North,D07,Analgesic,0.85,100.2,3.3,0,0.0,0
B101269,East,D05,Antibiotic,0.49,99.6,,0,9.5,0
B101270,North,D07,Cardiac,0.8,100.8,0.3,0,13.8,0
B101271,South,D23,Antidiabetic,0.85,102.4,,0,9.3,0
B101272,West,D03,Antibiotic,0.6,103.4,11.4,0,17.8,0
B101273,West,D21,Analgesic,0.78,100.1,0.2,0,6.1,0
B101274,West,D17,Antibiotic,0.78,98.2,0.5,0,0.0,0
B101275,East,D20,Antibiotic,0.97,103.4,0.4,0,3.8,0
B101276,North-East,D24,Cardiac,0.37,97.6,0.9,0,8.0,0
B101277,West,D21,Analgesic,0.82,103.9,2.7,0,3.1,0
B101278,South,D23,Antidiabetic,0.78,103.0,3.0,0,4.4,0
B101279,West,D03,Analgesic,0.64,103.3,1.9,0,14.7,0
B101280,East,D20,Antibiotic,0.95,101.5,1.9,0,2.3,0
B101281,Central,D13,Analgesic,0.85,95.4,6.1,0,0.0,0
B101282,Central,D13,Antibiotic,0.86,97.7,4.2,0,13.7,0
B101283,East,D22,Antidiabetic,0.76,100.7,3.4,0,12.5,0
B101284,South,D23,Cardiac,0.84,98.5,11.0,0,0.7,0
B101285,West,D17,Vaccine,0.74,69.9,3.9,1,54.5,1
B101286,North-East,D12,Analgesic,0.61,101.3,1.7,0,0.1,0
B101287,West,D11,Cardiac,0.78,,1.5,0,2.9,0
B101288,South,D09,Cardiac,0.06,102.1,15.5,1,38.4,1
B101289,Central,D08,Antibiotic,0.72,101.9,8.7,0,4.8,0
B101290,North,D10,Antibiotic,0.77,101.1,0.6,0,11.9,0
B101291,Central,D02,Antibiotic,0.81,99.5,1.6,0,9.9,0
B101292,Central,D02,Vaccine,0.71,101.6,0.0,0,2.3,0
B101293,North-East,D19,Analgesic,0.07,100.2,2.0,0,9.3,0
B101294,West,D11,Antibiotic,0.75,102.9,1.1,0,10.7,0
B101295,South,D23,Analgesic,0.77,100.3,0.6,0,14.7,0
B101296,Central,D15,Analgesic,0.69,102.9,,0,10.5,0
B101297,North,D01,Antibiotic,0.7,95.9,4.4,0,13.2,0
B101298,East,D04,Antidiabetic,0.82,101.0,1.9,0,8.5,0
B101299,East,D05,Analgesic,0.5,99.1,4.0,1,2.3,0
B101300,North-East,D24,Vaccine,0.23,98.1,0.6,0,9.1,0
B101301,East,D05,Analgesic,0.45,102.5,0.6,0,16.5,0
B101302,North-East,D12,Vaccine,0.66,102.0,0.0,0,16.9,0
B101303,South,D23,Antidiabetic,0.82,95.6,0.9,0,0.0,0
B101304,North-East,D24,Analgesic,0.2,101.6,5.6,0,12.4,0
B101305,North-East,D06,Analgesic,0.64,60.2,6.2,1,18.2,1
B101306,Central,D02,Antidiabetic,0.79,98.4,0.8,0,10.8,0
B101307,East,D04,Cardiac,0.91,98.2,0.2,0,0.0,1
B101308,Central,D02,Cardiac,0.76,77.5,2.6,0,36.1,1
B101309,East,D05,Antibiotic,0.56,99.3,0.5,0,0.0,0
B101310,Central,D13,Antibiotic,1.0,99.6,1.3,0,5.0,0
B101311,East,D22,Cardiac,0.75,101.8,2.4,0,12.3,0
B101312,Central,D13,Analgesic,0.81,100.6,,0,11.1,0
B101313,Central,D15,Cardiac,0.63,91.0,8.4,0,23.0,0
B101314,East,D05,Cardiac,0.63,100.5,4.1,0,4.4,0
B101315,East,D20,Vaccine,1.0,99.4,0.3,0,1.9,0
B101316,Central,D15,Vaccine,0.66,97.9,0.8,0,17.7,0
B101317,West,D21,Analgesic,0.78,96.5,0.5,0,,0
B101318,South,D23,Vaccine,0.78,101.4,0.3,0,9.4,0
B101319,Central,D08,Cardiac,0.83,101.0,1.2,0,11.5,0
B101320,Central,D02,Cardiac,0.66,101.2,2.3,1,0.0,0
B101321,East,D05,Analgesic,0.41,98.4,0.6,0,,0
B101322,West,D11,Cardiac,0.88,100.4,1.2,0,0.0,0
B101323,South,D23,Analgesic,0.82,97.0,5.0,0,13.8,0
B101324,South,D09,Cardiac,0.27,97.8,1.8,0,3.5,0
B101325,North-East,D19,Antibiotic,0.09,100.1,0.7,0,6.2,0
B101326,Central,D13,Cardiac,0.9,100.6,1.5,0,0.0,0
B101327,East,D05,Cardiac,0.43,96.4,,0,2.3,0
B101328,Central,D08,Vaccine,0.71,97.7,4.7,0,2.5,0
B101329,Central,D16,Analgesic,0.19,74.5,4.8,0,0.8,1
B101330,West,D17,Antidiabetic,0.64,102.1,0.4,0,5.9,0
B101331,North,D10,Antibiotic,0.82,98.2,1.3,0,18.3,0
B101332,North-East,D06,Cardiac,0.57,100.3,1.7,0,12.8,0
B101333,North,D18,Antidiabetic,0.79,100.5,2.5,0,0.0,0
B101334,East,D04,Antidiabetic,0.82,99.5,0.8,0,15.1,0
B101335,South,D23,Analgesic,0.74,100.6,0.8,0,14.2,0
B101336,East,D05,Analgesic,0.41,97.0,1.7,0,8.5,0
B101337,West,D03,Antidiabetic,0.7,,0.2,0,14.9,0
B101338,North-East,D12,Analgesic,0.64,103.2,5.2,0,16.4,0
B101339,North-East,D12,Antibiotic,0.58,103.3,0.8,0,4.6,0
B101340,North-East,D12,Antibiotic,0.66,101.9,0.2,0,0.0,0
B101341,West,D11,Cardiac,0.74,102.4,4.6,0,12.0,0
B101342,North-East,D24,Analgesic,0.26,96.0,4.4,0,2.3,0
B101343,North-East,D12,Antibiotic,0.53,97.9,15.1,0,9.9,0
B101344,West,D11,Vaccine,0.8,99.3,4.5,0,0.7,1
B101345,North,D10,Cardiac,0.76,105.3,0.6,0,14.8,0
B101346,Central,D02,Analgesic,0.74,99.3,2.8,0,2.7,0
B101347,Central,D14,Antidiabetic,0.41,101.6,1.6,0,6.5,0
B101348,North-East,D06,Cardiac,0.57,100.8,6.8,0,6.1,0
B101349,Central,D15,Antidiabetic,0.79,100.8,7.8,0,0.0,0
B101350,Central,D02,Antidiabetic,0.77,101.7,4.7,1,34.9,1
B101351,North-East,D24,Vaccine,0.36,97.4,0.9,0,17.0,0
B101352,West,D11,Cardiac,0.77,94.1,5.8,0,7.0,0
B101353,East,D22,Antibiotic,0.79,102.8,9.7,0,2.7,0
B101354,West,D11,Antidiabetic,0.65,98.6,1.2,0,6.4,0
B101355,Central,D02,Vaccine,0.72,89.2,15.7,1,30.2,1
B101356,East,D20,Cardiac,0.92,101.6,,1,36.0,1
B101357,Central,D16,Cardiac,0.26,56.3,9.7,0,4.4,1
B101358,North-East,D19,Antibiotic,0.07,93.1,11.4,0,,1
B101359,North,D10,Cardiac,0.85,102.5,0.3,0,15.9,0
B101360,Central,D15,Antibiotic,0.73,98.0,5.1,0,6.5,0
B101361,West,D21,Analgesic,0.9,98.1,0.7,0,21.5,0
B101362,Central,D15,Analgesic,0.71,99.3,0.7,0,8.7,0
B101363,Central,D08,Vaccine,0.81,101.8,,0,5.2,0
B101364,Central,D16,Analgesic,0.09,64.7,8.0,0,29.8,1
B101365,Central,D16,Antidiabetic,0.09,100.3,2.1,0,5.4,0
B101366,South,D23,Vaccine,0.67,102.1,7.9,0,7.3,0
B101367,South,D09,Analgesic,0.29,102.0,2.3,0,9.6,0
B101368,North,D10,Antidiabetic,0.88,101.6,0.2,0,0.1,0
B101369,East,D20,Cardiac,0.98,102.3,3.8,0,0.9,1
B101370,North-East,D12,Antibiotic,0.62,94.0,2.2,0,13.5,0
B101371,North,D18,Antidiabetic,0.77,103.5,2.0,0,11.6,0
B101372,West,D11,Antibiotic,0.75,100.7,7.3,0,0.0,0
B101373,East,D05,Analgesic,0.61,102.9,7.8,0,11.7,0
B101374,North,D18,Analgesic,0.91,97.4,6.1,0,13.9,0
B101375,West,D03,Cardiac,0.74,96.1,0.0,0,9.8,0
B101376,East,D05,Antibiotic,0.54,103.9,2.5,0,0.0,0
B101377,Central,D15,Antibiotic,0.8,98.0,1.3,0,0.0,0
B101378,North,D18,Cardiac,0.79,99.3,,1,7.7,0
B101379,East,D22,Antibiotic,0.75,101.2,0.8,0,21.2,0
B101380,North-East,D06,Analgesic,0.59,101.7,0.9,0,4.2,0
B101381,West,D03,Cardiac,0.63,102.4,1.7,0,,0
B101382,South,D23,Cardiac,0.79,100.5,3.1,0,3.5,0
B101383,East,D04,Antibiotic,0.78,97.7,6.5,0,19.9,0
B101384,East,D05,Vaccine,0.58,101.6,1.6,1,8.3,0
B101385,North,D07,Antidiabetic,0.81,101.6,0.5,0,0.0,0
B101386,Central,D13,Analgesic,0.96,96.0,0.0,0,2.3,0
B101387,East,D22,Antibiotic,0.67,103.1,1.6,1,1.7,0
B101388,North,D18,Antibiotic,0.92,94.5,,0,8.8,0
B101389,West,D17,Vaccine,0.68,,0.6,0,3.1,0
B101390,East,D04,Antidiabetic,0.78,98.6,0.3,0,4.5,0
B101391,Central,D08,Vaccine,0.72,101.6,1.9,0,21.6,0
B101392,West,D11,Antibiotic,0.83,101.1,0.7,0,3.9,0
B101393,East,D04,Analgesic,0.86,99.9,1.6,0,9.2,0
B101394,North,D07,Antibiotic,0.77,101.0,8.5,0,6.1,0
B101395,North,D07,Vaccine,0.73,99.8,3.1,0,7.7,0
B101396,West,D03,Antidiabetic,0.61,101.6,7.1,0,12.7,0
B101397,Central,D13,Cardiac,0.94,,1.2,0,0.0,0
B101398,West,D17,Antibiotic,0.82,97.0,2.0,0,9.1,0
B101399,Central,D02,Analgesic,0.82,93.0,2.6,0,5.4,0
B101400,West,D11,Antibiotic,0.78,99.1,16.0,0,9.2,0
B101401,North-East,D19,Antibiotic,0.02,98.9,1.4,1,6.6,0
B101402,North,D18,Analgesic,0.73,99.2,8.2,0,6.6,0
B101403,East,D20,Analgesic,0.96,98.0,4.9,0,10.1,0
B101404,West,D11,Cardiac,0.73,101.9,1.2,0,4.1,0
B101405,East,D20,Antidiabetic,0.9,97.0,2.9,0,21.8,0
B101406,North-East,D06,Antibiotic,0.53,101.0,1.0,1,1.3,0
B101407,Central,D08,Antidiabetic,0.82,101.4,0.6,0,18.1,0
B101408,East,D04,Analgesic,0.88,100.7,2.9,0,0.0,0
B101409,West,D11,Vaccine,0.78,101.1,0.2,0,6.2,0
B101410,North,D10,Cardiac,0.8,102.1,,0,10.2,0
B101411,North-East,D06,Antibiotic,0.61,100.1,0.5,0,1.5,0
B101412,North,D18,Analgesic,0.72,99.2,0.5,0,1.0,0
B101413,North,D07,Cardiac,0.77,101.1,3.0,0,6.0,0
B101414,North,D07,Vaccine,0.63,101.3,22.9,0,14.3,0
B101415,West,D03,Antidiabetic,0.6,102.0,5.1,0,8.6,0
B101416,West,D11,Antibiotic,0.74,96.2,3.6,0,21.3,0
B101417,North,D07,Cardiac,0.92,99.6,6.7,0,12.0,0
B101418,South,D09,Antibiotic,0.14,97.7,0.6,0,4.8,0
B101419,North-East,D06,Antibiotic,0.52,101.2,2.3,0,0.0,0
B101420,North,D18,Vaccine,0.82,101.6,3.7,0,0.0,0
B101421,South,D23,Antidiabetic,0.91,99.4,2.2,0,6.1,0
B101422,North-East,D12,Antibiotic,0.67,98.4,,0,0.0,0
B101423,Central,D15,Antidiabetic,0.76,101.3,0.3,0,6.7,0
B101424,West,D21,Antibiotic,0.81,99.7,1.5,0,9.6,0
B101425,North-East,D24,Analgesic,0.26,103.1,14.8,0,6.0,0
B101426,Central,D15,Vaccine,0.72,103.9,3.0,0,6.1,0
B101427,East,D22,Antibiotic,0.73,102.2,1.3,0,21.7,0
B101428,East,D22,Antidiabetic,0.81,100.5,5.8,0,8.5,0
B101429,East,D20,Analgesic,0.83,104.0,1.0,0,7.0,0
B101430,West,D11,Cardiac,0.81,100.5,3.6,0,1.0,0
B101431,Central,D02,Analgesic,0.74,98.9,18.1,0,,0
B101432,North,D01,Analgesic,0.68,98.5,1.5,0,4.7,0
B101433,West,D11,Analgesic,0.66,98.5,3.2,1,20.6,0
B101434,North-East,D12,Antidiabetic,0.6,100.0,0.4,0,12.0,0
B101435,North,D10,Cardiac,0.91,101.0,2.4,0,17.9,0
B101436,Central,D13,Analgesic,0.86,93.5,1.6,0,9.5,0
B101437,Central,D13,Analgesic,0.89,99.0,4.4,0,,0
B101438,West,D21,Analgesic,0.78,100.5,0.2,1,1.0,0
B101439,West,D03,Analgesic,0.69,101.4,,0,9.7,0
B101440,East,D05,Analgesic,0.44,99.9,1.0,0,1.9,0
B101441,East,D20,Analgesic,0.94,100.5,2.8,1,4.9,0
B101442,West,D21,Cardiac,0.85,97.3,0.7,0,8.3,0
B101443,North-East,D24,Antidiabetic,0.31,98.0,4.4,0,1.3,0
B101444,West,D21,Antidiabetic,0.77,99.9,1.5,0,0.0,0
B101445,East,D22,Cardiac,0.75,101.1,3.1,0,14.9,0
B101446,North,D07,Analgesic,0.81,100.5,0.2,0,0.0,0
B101447,North,D10,Cardiac,0.82,98.1,,0,19.8,0
B101448,North-East,D06,Antibiotic,0.58,99.5,4.2,0,2.3,0
B101449,Central,D15,Analgesic,0.83,103.3,0.1,0,12.0,0
B101450,South,D23,Vaccine,0.75,101.2,0.1,0,12.4,0
B101451,Central,D08,Antibiotic,0.82,99.6,1.7,0,0.3,0
B101452,Central,D13,Antidiabetic,0.8,97.7,0.5,0,11.2,0
B101453,North,D07,Antidiabetic,0.82,98.4,0.4,0,9.2,0
B101454,East,D04,Analgesic,0.89,88.7,0.6,0,12.4,0
B101455,East,D05,Vaccine,0.49,100.6,2.2,0,16.5,1
B101456,Central,D02,Cardiac,0.67,101.2,0.2,0,13.7,1
B101457,South,D23,Analgesic,0.69,100.9,3.9,0,1.9,0
B101458,North,D10,Cardiac,0.8,99.2,2.2,0,7.0,0
B101459,East,D20,Antidiabetic,0.96,98.9,5.1,0,2.2,0
B101460,West,D17,Vaccine,0.71,104.5,5.8,0,4.0,0
B101461,East,D05,Antibiotic,0.53,98.8,21.8,0,11.4,0
B101462,East,D04,Vaccine,0.76,97.2,5.0,0,12.2,0
B101463,East,D20,Antibiotic,0.92,96.4,18.2,0,,0
B101464,North-East,D06,Vaccine,0.53,99.2,5.7,0,10.0,0
B101465,East,D22,Antibiotic,0.76,102.1,6.2,0,11.1,0
B101466,East,D04,Antibiotic,0.82,98.7,1.8,0,4.8,0
B101467,West,D17,Vaccine,0.7,103.3,6.8,0,17.5,0
B101468,East,D20,Antibiotic,0.89,100.0,1.6,1,,0
B101469,North-East,D06,Cardiac,0.54,102.4,0.7,0,7.9,0
B101470,North,D07,Antibiotic,0.7,98.3,13.0,0,15.9,0
B101471,South,D23,Antidiabetic,0.87,98.4,7.8,0,4.4,0
B101472,North-East,D06,Antibiotic,0.57,100.2,3.3,0,8.8,0
B101473,North,D10,Antibiotic,0.7,101.1,3.4,0,14.3,0
B101474,North,D10,Antibiotic,0.8,99.6,19.8,0,0.0,0
B101475,North-East,D06,Cardiac,0.65,100.6,7.3,0,23.6,0
B101476,North-East,D19,Vaccine,0.06,60.7,7.0,1,39.1,1
B101477,North-East,D19,Analgesic,0.19,96.9,9.1,0,4.8,0
B101478,South,D09,Antibiotic,0.19,99.2,3.5,0,8.1,0
B101479,East,D20,Antidiabetic,0.96,98.9,6.2,0,13.2,0
B101480,East,D05,Antibiotic,0.59,99.0,6.3,0,13.8,0
B101481,North,D01,Analgesic,0.72,100.9,1.9,0,18.5,0
B101482,Central,D13,Antidiabetic,0.79,98.9,0.3,0,7.6,0
B101483,North-East,D24,Antibiotic,0.23,,0.3,0,10.3,0
B101484,North,D01,Vaccine,0.77,93.6,3.4,1,0.0,0
B101485,East,D05,Cardiac,0.48,97.7,1.0,1,0.5,0
B101486,North-East,D12,Vaccine,0.72,101.1,2.8,0,7.4,0
B101487,East,D20,Antibiotic,0.9,101.8,0.7,0,10.5,0
B101488,Central,D02,Analgesic,0.75,95.2,0.9,0,7.7,0
B101489,North,D10,Antibiotic,0.75,98.3,0.2,0,11.7,0
B101490,North,D18,Antidiabetic,0.77,100.8,3.7,0,7.6,0
B101491,South,D09,Analgesic,0.19,,1.0,0,6.4,0
B101492,East,D05,Analgesic,0.54,101.7,0.3,0,24.8,0
B101493,East,D05,Antibiotic,0.53,102.3,0.1,0,6.2,0
B101494,North,D10,Cardiac,0.86,,1.8,0,15.1,0
B101495,West,D11,Cardiac,0.73,98.3,4.0,0,0.0,0
B101496,West,D21,Antibiotic,0.77,94.9,4.1,1,8.9,0
B101497,Central,D15,Antidiabetic,0.73,101.8,2.1,0,3.3,0
B101498,West,D17,Analgesic,0.71,104.4,10.1,0,21.9,0
B101499,North-East,D24,Cardiac,0.35,82.5,25.4,1,36.8,1
B101500,North,D10,Vaccine,0.83,99.6,0.4,0,7.8,0
B101501,North,D10,Antibiotic,0.82,97.6,,0,2.2,0
B101502,East,D22,Cardiac,0.8,102.4,1.4,0,1.8,0
B101503,North-East,D06,Cardiac,0.59,99.7,2.9,0,7.5,0
B101504,North,D18,Vaccine,0.7,101.1,5.4,0,10.5,0
B101505,North,D18,Antibiotic,0.74,100.7,2.0,0,15.4,0
B101506,West,D03,Cardiac,0.75,87.1,0.5,0,3.9,0
B101507,West,D11,Antibiotic,0.76,102.3,0.8,0,3.8,0
B101508,East,D05,Vaccine,0.42,76.1,2.2,1,32.5,1
B101509,East,D05,Analgesic,0.54,98.9,0.1,0,19.2,0
B101510,West,D11,Antibiotic,0.72,98.0,2.1,0,7.4,0
B101511,North,D07,Antibiotic,0.73,94.5,,1,11.3,0
B101512,East,D20,Antibiotic,0.86,99.2,2.3,0,19.7,0
B101513,East,D22,Antidiabetic,0.83,97.6,5.3,0,26.5,0
B101514,East,D20,Vaccine,0.81,100.9,1.4,0,10.9,0
B101515,North-East,D06,Cardiac,0.54,99.3,0.0,0,13.3,0
B101516,North,D07,Antidiabetic,0.79,99.5,2.2,0,8.9,0
B101517,North-East,D06,Cardiac,0.69,101.8,0.5,0,0.0,0
B101518,West,D03,Analgesic,0.72,100.9,0.1,0,10.4,0
B101519,South,D23,Analgesic,0.75,99.7,1.3,0,17.6,0
B101520,North,D10,Vaccine,0.93,103.7,0.5,0,2.7,0
B101521,East,D05,Analgesic,0.44,101.6,1.2,0,0.0,0
B101522,West,D21,Antidiabetic,0.84,99.1,4.2,0,12.1,0
B101523,North,D10,Cardiac,0.87,99.2,1.5,0,0.0,0
B101524,North,D01,Analgesic,0.64,101.7,1.9,0,0.0,0
B101525,East,D04,Vaccine,0.89,100.4,0.8,0,0.0,0
B101526,Central,D15,Antidiabetic,0.69,97.5,33.5,0,0.0,0
B101527,North-East,D19,Antibiotic,0.14,78.2,23.5,0,35.1,1
B101528,East,D05,Cardiac,0.41,102.8,17.0,0,9.0,0
B101529,East,D22,Vaccine,0.79,102.6,8.8,0,22.4,0
B101530,West,D21,Cardiac,0.8,103.4,1.2,0,13.1,0
B101531,West,D21,Cardiac,0.9,104.6,0.5,0,22.4,0
B101532,North-East,D06,Analgesic,0.59,103.8,,0,3.5,0
B101533,Central,D02,Antibiotic,0.81,100.7,0.6,0,10.5,0
B101534,West,D21,Cardiac,0.86,99.5,1.8,0,0.0,0
B101535,North,D07,Vaccine,0.77,96.0,0.9,0,6.1,0
B101536,Central,D15,Vaccine,0.77,100.0,1.1,0,18.0,0
B101537,North,D18,Analgesic,0.85,101.1,2.2,0,7.7,0
B101538,West,D03,Analgesic,0.72,100.1,5.8,0,6.4,0
B101539,North-East,D19,Cardiac,0.02,95.8,1.9,0,7.8,0
B101540,South,D23,Antibiotic,0.74,99.4,16.4,1,9.0,0
B101541,North,D18,Analgesic,0.89,101.4,2.8,0,9.0,0
B101542,West,D11,Antidiabetic,0.68,97.7,0.8,0,17.3,0
B101543,West,D21,Antibiotic,0.88,100.4,2.4,0,3.0,0
B101544,Central,D13,Analgesic,0.91,100.9,,0,6.6,0
B101545,North,D18,Cardiac,0.76,102.5,8.1,0,8.7,0
B101546,East,D20,Antidiabetic,0.81,103.8,0.3,0,1.7,0
B101547,North,D18,Analgesic,0.77,99.2,0.6,0,4.9,0
B101548,North,D07,Cardiac,0.91,100.4,1.1,0,13.4,0
B101549,West,D03,Antibiotic,0.64,100.5,17.6,0,2.2,0
B101550,North-East,D06,Vaccine,0.55,65.7,4.5,0,15.8,1
B101551,North-East,D12,Antidiabetic,0.6,101.2,7.7,0,19.5,0
B101552,North-East,D12,Antidiabetic,0.73,103.1,3.5,0,9.2,0
B101553,Central,D14,Analgesic,0.45,80.0,1.5,0,11.5,1
B101554,North,D10,Analgesic,0.8,100.9,2.3,0,13.4,0
B101555,North-East,D19,Analgesic,0.19,101.1,0.6,0,11.9,0
B101556,East,D22,Antibiotic,0.8,99.5,1.3,0,8.7,0
B101557,North-East,D06,Antidiabetic,0.54,95.0,5.5,0,27.3,0
B101558,North,D18,Cardiac,0.73,99.9,3.8,0,3.0,0
B101559,West,D17,Analgesic,0.85,86.4,1.3,0,5.3,0
B101560,North-East,D12,Vaccine,0.66,87.7,6.1,0,8.5,0
B101561,East,D05,Vaccine,0.43,100.8,,0,12.5,0
B101562,East,D20,Antibiotic,0.82,98.2,3.8,0,22.1,0
B101563,South,D23,Cardiac,0.74,95.5,7.3,0,8.0,0
B101564,North,D18,Analgesic,0.73,101.3,1.0,0,12.0,0
B101565,East,D22,Antibiotic,0.65,101.5,1.1,0,10.7,0
B101566,North-East,D24,Analgesic,0.22,99.5,,0,7.4,0
B101567,Central,D08,Antidiabetic,0.7,101.3,0.1,0,16.7,0
B101568,Central,D15,Antibiotic,0.69,99.2,1.9,0,11.0,0
B101569,West,D11,Analgesic,0.86,102.3,0.2,0,14.9,0
B101570,North-East,D24,Analgesic,0.27,102.2,6.6,0,5.9,1
B101571,West,D03,Antibiotic,0.68,96.4,0.0,1,4.2,0
B101572,North,D10,Analgesic,0.87,96.9,,0,5.6,0
B101573,West,D21,Analgesic,0.81,104.5,0.3,0,10.1,0
B101574,North,D07,Antibiotic,0.8,102.1,3.9,1,15.8,0
B101575,North-East,D19,Antibiotic,0.12,99.7,2.3,1,44.9,1
B101576,South,D09,Antidiabetic,0.25,96.5,0.9,0,9.2,0
B101577,North-East,D24,Vaccine,0.46,100.5,1.7,0,21.0,0
B101578,East,D22,Analgesic,0.82,97.5,0.0,0,12.4,0
B101579,North,D07,Analgesic,0.72,99.3,1.5,0,3.3,0
B101580,North-East,D19,Cardiac,0.12,99.9,0.7,0,8.8,0
B101581,Central,D08,Cardiac,0.71,99.8,2.4,0,13.4,0
B101582,Central,D15,Cardiac,0.74,102.5,,0,13.9,0
B101583,Central,D16,Analgesic,0.11,104.0,0.1,0,4.6,0
B101584,East,D20,Analgesic,0.86,98.9,0.0,0,5.5,0
B101585,North,D01,Vaccine,0.72,90.3,2.7,0,5.7,0
B101586,East,D05,Vaccine,0.58,100.9,3.0,0,6.6,0
B101587,West,D17,Analgesic,0.81,103.6,1.4,0,10.1,0
B101588,Central,D13,Antibiotic,0.92,99.1,1.6,0,21.2,0
B101589,North-East,D12,Analgesic,0.68,101.9,1.9,0,5.1,0
B101590,Central,D02,Vaccine,0.75,98.2,1.0,0,0.0,0
B101591,Central,D08,Antibiotic,0.73,100.0,4.0,0,0.0,0
B101592,West,D21,Vaccine,0.88,97.4,2.6,0,13.7,0
B101593,North,D01,Cardiac,0.76,100.0,3.3,0,4.2,0
B101594,North,D10,Analgesic,0.83,99.7,1.1,0,9.9,0
B101595,South,D23,Cardiac,0.8,101.3,0.9,0,3.0,0
B101596,Central,D02,Analgesic,0.84,103.9,1.4,0,7.0,0
B101597,North,D18,Antidiabetic,0.8,99.1,0.4,0,,0
B101598,North-East,D06,Cardiac,0.6,89.4,2.2,0,3.2,0
B101599,West,D21,Antibiotic,0.86,99.6,8.4,0,16.7,0
B101600,North,D18,Antidiabetic,0.8,100.7,0.8,0,17.2,0
B101601,East,D22,Antibiotic,0.72,,2.7,0,12.5,0
B101602,East,D05,Analgesic,0.55,99.7,0.0,0,22.3,0
B101603,Central,D13,Cardiac,0.87,86.8,1.1,0,0.0,0
B101604,North-East,D19,Vaccine,0.21,76.9,7.7,1,13.6,1
B101605,North-East,D06,Analgesic,0.64,99.8,1.0,0,5.6,0
B101606,North-East,D06,Vaccine,0.56,98.3,12.0,0,13.0,0
B101607,North,D01,Antibiotic,0.74,88.8,2.8,1,28.7,0
B101608,South,D23,Antibiotic,0.82,100.7,9.6,0,12.7,0
B101609,West,D17,Antibiotic,0.85,100.5,1.3,0,0.0,0
B101610,Central,D15,Antibiotic,0.69,97.7,2.0,0,13.2,0
B101611,North,D18,Analgesic,0.82,99.9,9.4,0,16.1,0
B101612,Central,D13,Analgesic,0.87,99.7,2.9,0,0.1,0
B101613,West,D11,Analgesic,0.76,98.6,1.6,0,5.4,0
B101614,West,D11,Cardiac,0.7,98.3,0.9,0,,0
B101615,Central,D15,Antibiotic,0.75,100.9,,0,17.7,0
B101616,East,D05,Vaccine,0.55,99.5,1.2,0,,0
B101617,East,D22,Cardiac,0.85,98.7,0.3,0,10.6,0
B101618,East,D20,Antidiabetic,0.93,98.1,,0,12.6,0
B101619,Central,D08,Analgesic,0.73,99.7,0.5,0,7.9,0
B101620,Central,D14,Antibiotic,0.51,100.0,11.8,0,1.5,1
B101621,East,D04,Cardiac,0.8,100.5,1.1,0,4.2,0
B101622,South,D23,Antidiabetic,0.87,99.5,3.0,0,5.1,0
B101623,East,D22,Analgesic,0.83,100.7,3.0,0,,0
B101624,East,D22,Antibiotic,0.84,103.0,0.0,0,9.7,0
B101625,Central,D08,Antibiotic,0.78,101.1,0.5,0,6.1,0
B101626,East,D04,Analgesic,0.82,91.8,2.8,0,14.1,1
B101627,East,D05,Antidiabetic,0.53,83.8,9.4,0,41.0,0
B101628,Central,D02,Cardiac,0.76,99.8,0.2,0,6.8,0
B101629,West,D03,Vaccine,0.66,100.4,6.0,0,9.8,0
B101630,Central,D02,Analgesic,0.82,98.9,1.4,0,2.6,0
B101631,North-East,D24,Cardiac,0.32,96.6,0.2,0,15.5,0
B101632,Central,D02,Analgesic,0.69,100.8,2.4,0,13.2,0
B101633,West,D03,Cardiac,0.8,100.8,8.9,0,12.9,0
B101634,East,D20,Vaccine,0.94,91.3,0.3,0,1.2,0
B101635,Central,D14,Vaccine,0.4,102.3,3.8,0,19.2,0
B101636,North-East,D19,Analgesic,0.05,,0.7,0,0.0,0
B101637,Central,D15,Analgesic,0.81,96.1,1.9,0,13.6,0
B101638,East,D22,Antidiabetic,0.88,98.5,2.8,0,9.4,0
B101639,Central,D15,Analgesic,0.78,96.6,0.2,0,13.1,0
B101640,North-East,D12,Vaccine,0.74,100.7,,0,6.9,0
B101641,West,D17,Vaccine,0.85,98.3,4.7,0,9.0,0
B101642,West,D11,Analgesic,0.79,102.2,1.3,0,13.3,0
B101643,Central,D08,Vaccine,0.78,102.1,1.3,0,8.4,0
B101644,West,D11,Cardiac,0.79,52.3,8.6,0,7.8,1
B101645,East,D04,Vaccine,0.89,98.2,,0,10.1,0
B101646,East,D20,Vaccine,0.89,101.2,0.2,0,23.8,0
B101647,North-East,D06,Analgesic,0.64,102.2,0.5,0,0.0,0
B101648,East,D04,Antibiotic,0.94,95.6,0.6,0,17.5,0
B101649,North-East,D06,Cardiac,0.58,100.6,0.3,0,11.6,0
B101650,West,D21,Analgesic,0.81,95.2,2.7,0,10.7,0
B101651,Central,D08,Analgesic,0.79,98.8,12.0,0,0.0,0
B101652,West,D17,Cardiac,0.74,102.4,,0,16.5,0
B101653,West,D21,Cardiac,0.75,106.6,0.1,0,0.5,0
B101654,Central,D02,Cardiac,0.81,99.5,0.0,0,18.7,0
B101655,North-East,D19,Vaccine,0.07,51.3,3.8,0,16.6,1
B101656,North,D07,Vaccine,0.78,98.9,2.9,0,18.7,0
B101657,East,D05,Cardiac,0.49,100.1,0.8,0,3.4,0
B101658,West,D17,Analgesic,0.85,98.5,4.5,0,1.9,0
B101659,East,D22,Analgesic,0.82,98.0,0.6,0,7.7,0
B101660,North,D07,Analgesic,0.77,99.1,1.0,0,3.2,0
B101661,Central,D13,Cardiac,0.8,100.9,2.4,0,6.7,0
B101662,North,D07,Antibiotic,0.76,99.6,6.6,0,20.2,0
B101663,Central,D13,Analgesic,0.91,98.1,1.3,0,,0
B101664,Central,D15,Antibiotic,0.73,98.5,2.6,0,9.6,0
B101665,Central,D15,Analgesic,0.72,99.1,5.9,0,19.5,0
B101666,Central,D15,Cardiac,0.73,97.8,3.1,0,10.0,0
B101667,West,D03,Analgesic,0.74,98.4,,0,16.3,0
B101668,West,D17,Vaccine,0.77,101.4,0.1,0,12.3,0
B101669,West,D17,Antidiabetic,0.8,99.5,20.0,0,15.4,0
B101670,West,D17,Cardiac,0.72,96.1,1.5,0,7.9,0
B101671,Central,D02,Analgesic,0.89,102.3,4.4,0,12.4,0
B101672,West,D11,Antidiabetic,0.74,100.9,1.2,0,21.0,0
B101673,North,D10,Analgesic,0.85,97.0,0.6,0,6.1,0
B101674,Central,D02,Cardiac,0.77,99.2,7.5,0,11.3,0
B101675,East,D05,Antibiotic,0.5,98.3,2.7,0,3.6,0
B101676,West,D11,Vaccine,0.76,101.5,2.7,0,15.6,0
B101677,North,D18,Vaccine,0.8,,,0,0.0,0
B101678,North-East,D06,Antibiotic,0.54,99.8,2.7,0,6.3,0
B101679,East,D20,Analgesic,0.96,99.6,3.4,0,15.4,0
B101680,Central,D13,Antibiotic,0.77,96.7,,0,,0
B101681,North,D18,Analgesic,0.91,103.1,1.1,0,0.0,0
B101682,West,D11,Antibiotic,0.8,101.5,1.5,0,3.0,0
B101683,North-East,D12,Antibiotic,0.7,91.5,1.6,0,3.6,0
B101684,Central,D15,Antidiabetic,0.61,100.4,0.4,0,19.4,0
B101685,South,D23,Cardiac,0.76,102.1,3.7,0,13.9,0
B101686,North-East,D12,Antidiabetic,0.74,100.1,0.1,0,14.6,0
B101687,Central,D13,Analgesic,1.0,103.4,4.2,0,0.0,0
B101688,Central,D15,Antibiotic,0.79,106.4,3.8,0,8.4,0
B101689,North,D18,Analgesic,0.87,99.7,3.8,0,19.2,0
B101690,Central,D02,Analgesic,0.77,98.7,2.6,0,14.6,0
B101691,North-East,D12,Antibiotic,0.61,97.8,4.1,0,4.8,0
B101692,West,D11,Antidiabetic,0.81,95.1,3.7,0,13.8,0
B101693,East,D22,Analgesic,0.7,102.7,0.4,0,0.0,0
B101694,North-East,D12,Cardiac,0.59,82.3,4.0,0,39.2,1
B101695,West,D11,Analgesic,0.68,101.9,4.7,0,,0
B101696,South,D23,Analgesic,0.86,102.4,2.9,0,7.6,0
B101697,West,D11,Vaccine,0.75,97.6,0.2,0,12.8,0
B101698,East,D04,Antidiabetic,0.86,98.0,4.0,0,1.6,0
B101699,East,D05,Analgesic,0.52,103.8,1.3,0,7.7,0
B101700,West,D03,Antibiotic,0.62,99.8,0.8,0,2.5,0
B101701,North,D01,Antibiotic,0.66,98.5,7.0,0,4.2,0
B101702,North,D10,Analgesic,0.8,97.7,1.5,0,1.0,0
B101703,North-East,D19,Antidiabetic,0.02,99.7,0.0,0,17.0,0
B101704,North,D18,Antidiabetic,0.77,103.3,3.1,0,3.5,0
B101705,North,D01,Cardiac,0.63,101.5,1.0,0,6.6,0
B101706,Central,D13,Antidiabetic,0.91,100.4,2.9,0,4.7,0
B101707,East,D04,Cardiac,0.89,103.5,1.3,0,10.5,0
B101708,South,D23,Vaccine,0.73,103.1,0.0,0,25.8,0
B101709,East,D04,Analgesic,0.83,100.7,0.1,0,27.8,0
B101710,Central,D15,Antibiotic,0.83,106.1,4.2,0,6.8,0
B101711,Central,D08,Antibiotic,0.7,93.7,0.9,0,11.3,0
B101712,Central,D15,Analgesic,0.74,102.4,3.6,0,15.1,0
B101713,North,D10,Antibiotic,0.84,99.1,0.2,0,17.1,0
B101714,North,D18,Antidiabetic,0.87,102.0,0.8,0,12.8,0
B101715,North-East,D06,Antidiabetic,0.61,99.5,,0,16.1,0
B101716,East,D22,Vaccine,0.74,101.0,1.4,0,11.2,0
B101717,North-East,D12,Cardiac,0.66,105.3,1.1,0,4.0,0
B101718,North,D18,Analgesic,0.81,102.1,1.0,0,16.1,0
B101719,West,D21,Antibiotic,0.82,101.0,2.0,0,9.3,0
B101720,North-East,D24,Vaccine,0.21,98.3,0.1,0,10.7,0
B101721,East,D05,Antibiotic,0.6,91.6,8.0,1,11.7,1
B101722,North,D07,Vaccine,0.84,97.8,2.2,0,3.0,0
B101723,North-East,D06,Antibiotic,0.53,102.0,2.3,1,5.7,0
B101724,North-East,D06,Antibiotic,0.58,101.9,4.5,0,12.1,0
B101725,Central,D14,Antibiotic,0.45,99.6,3.0,0,20.9,0
B101726,North-East,D24,Antidiabetic,0.22,103.7,0.2,0,13.8,0
B101727,North-East,D24,Antibiotic,0.18,74.9,0.1,0,44.8,1
B101728,North-East,D12,Vaccine,0.62,100.3,5.0,0,1.5,0
B101729,Central,D15,Analgesic,0.7,,0.9,0,17.1,0
B101730,West,D21,Vaccine,0.74,,3.2,0,10.6,0
B101731,South,D23,Analgesic,0.81,99.4,0.1,0,,0
B101732,East,D05,Antibiotic,0.59,97.6,2.7,0,15.7,0
B101733,Central,D13,Analgesic,0.92,98.9,0.4,0,11.0,0
B101734,East,D20,Analgesic,0.92,99.8,8.8,0,0.0,0
B101735,North,D07,Cardiac,0.67,96.3,2.2,0,12.7,0
B101736,West,D11,Analgesic,0.8,101.3,3.0,0,9.0,0
B101737,North-East,D24,Analgesic,0.3,105.9,7.5,1,38.5,1
B101738,North-East,D24,Vaccine,0.31,100.0,1.3,0,22.6,0
B101739,East,D22,Antibiotic,0.89,,3.2,0,11.4,0
B101740,East,D20,Analgesic,0.88,99.4,0.0,0,5.0,0
B101741,North-East,D06,Antibiotic,0.42,59.2,6.0,0,29.4,1
B101742,Central,D08,Vaccine,0.7,98.7,2.4,0,7.0,0
B101743,Central,D13,Cardiac,0.9,103.2,1.4,1,7.2,0
B101744,Central,D13,Antibiotic,0.87,94.6,8.1,0,12.4,0
B101745,North-East,D12,Antibiotic,0.59,98.2,8.7,0,6.7,0
B101746,Central,D15,Cardiac,0.63,101.8,0.2,0,5.5,0
B101747,North,D10,Vaccine,0.81,98.5,2.8,0,9.5,0
B101748,North,D18,Cardiac,0.73,98.3,1.0,0,5.3,0
B101749,Central,D08,Antidiabetic,0.79,104.5,3.0,1,7.5,0
B101750,Central,D08,Antidiabetic,0.73,100.8,7.1,0,18.0,0
B101751,West,D03,Analgesic,0.65,69.2,0.2,0,10.4,1
B101752,East,D05,Vaccine,0.48,101.1,0.2,0,7.1,0
B101753,West,D21,Analgesic,0.84,100.4,0.5,0,2.7,0
B101754,West,D11,Analgesic,0.76,102.8,1.3,0,15.7,0
B101755,North-East,D06,Analgesic,0.61,104.2,0.3,0,0.0,0
B101756,North,D18,Vaccine,0.81,96.3,0.1,0,2.2,0
B101757,Central,D13,Antibiotic,0.87,99.9,0.6,0,13.0,0
B101758,North,D01,Antibiotic,0.63,99.9,4.4,0,6.9,0
B101759,North,D07,Antibiotic,0.74,99.1,4.9,0,14.2,0
B101760,East,D04,Antibiotic,0.83,102.2,2.8,0,6.6,0
B101761,Central,D16,Antidiabetic,0.31,100.6,0.2,0,3.3,0
B101762,North,D07,Antibiotic,0.7,104.2,4.7,0,7.1,0
B101763,Central,D02,Analgesic,0.71,102.4,1.4,0,0.0,0
B101764,Central,D02,Antidiabetic,0.75,103.0,1.9,0,2.2,0
B101765,Central,D14,Vaccine,0.44,97.4,6.4,0,14.4,0
B101766,North,D01,Analgesic,0.76,98.2,38.4,0,6.2,0
B101767,West,D21,Cardiac,0.81,98.4,0.7,0,7.8,0
B101768,East,D04,Vaccine,0.84,102.9,1.2,0,8.9,0
B101769,Central,D15,Analgesic,0.77,97.9,1.6,0,0.0,0
B101770,West,D11,Cardiac,0.86,97.9,2.5,0,0.0,0
B101771,West,D11,Cardiac,0.84,97.5,0.5,0,10.7,0
B101772,Central,D02,Cardiac,0.73,106.1,1.6,0,5.1,0
B101773,East,D20,Antidiabetic,0.93,99.7,1.4,0,6.5,0
B101774,East,D22,Vaccine,0.77,101.2,0.7,0,12.3,0
B101775,North,D01,Cardiac,0.71,79.8,6.3,0,17.2,1
B101776,East,D04,Analgesic,0.8,102.1,1.4,0,4.0,0
B101777,East,D22,Cardiac,0.83,96.1,8.7,0,5.5,0
B101778,Central,D13,Cardiac,0.88,97.8,1.5,1,10.4,0
B101779,East,D04,Cardiac,0.85,98.4,0.8,0,5.5,0
B101780,East,D05,Antidiabetic,0.45,100.5,8.4,0,3.6,0
B101781,Central,D16,Vaccine,0.19,84.0,7.1,0,17.7,1
B101782,North,D18,Cardiac,0.69,103.4,3.2,0,8.3,0
B101783,Central,D14,Vaccine,0.43,101.1,8.9,0,12.6,0
B101784,South,D23,Analgesic,0.77,98.5,2.8,0,0.0,0
B101785,North-East,D12,Cardiac,0.68,102.2,4.3,0,,0
B101786,North,D07,Cardiac,0.89,99.1,,0,12.1,0
B101787,West,D11,Analgesic,0.79,98.7,4.5,0,6.3,0
B101788,Central,D08,Analgesic,0.85,102.0,9.0,0,5.3,0
B101789,East,D05,Vaccine,0.56,94.6,4.3,0,1.3,0
B101790,Central,D02,Antibiotic,0.81,101.6,0.9,0,14.8,0
B101791,Central,D08,Vaccine,0.87,98.4,1.8,0,12.6,0
B101792,West,D17,Antidiabetic,0.73,98.4,4.0,0,7.5,0
B101793,North,D01,Vaccine,0.65,104.3,5.4,0,9.7,0
B101794,West,D11,Antidiabetic,0.79,70.4,0.8,0,18.2,1
B101795,Central,D15,Antibiotic,0.72,102.1,2.2,0,3.2,0
B101796,Central,D15,Cardiac,0.73,100.6,0.1,0,4.4,0
B101797,North-East,D19,Analgesic,0.09,98.0,1.9,0,2.4,1
B101798,East,D20,Cardiac,0.89,99.4,1.7,0,5.2,0
B101799,West,D17,Analgesic,0.87,99.3,0.0,0,8.4,0
B101800,West,D03,Cardiac,0.62,103.4,0.5,0,5.0,0
B101801,West,D11,Antidiabetic,0.8,102.0,3.0,0,14.6,0
B101802,Central,D15,Analgesic,0.75,98.9,1.7,0,3.4,0
B101803,North-East,D06,Antibiotic,0.5,97.7,3.6,0,18.7,0
B101804,North,D01,Vaccine,0.65,98.7,0.1,0,4.0,0
B101805,East,D05,Cardiac,0.48,102.2,2.9,0,4.0,0
B101806,West,D11,Analgesic,0.79,102.6,10.8,0,22.0,0
B101807,North,D10,Analgesic,0.81,101.2,2.1,0,0.5,0
B101808,East,D04,Analgesic,0.84,96.4,5.3,0,7.7,0
B101809,East,D20,Vaccine,0.84,101.7,1.0,0,15.1,0
B101810,East,D22,Cardiac,0.91,102.9,8.1,0,0.0,0
B101811,East,D05,Cardiac,0.53,100.4,2.9,0,9.8,0
B101812,South,D23,Cardiac,0.83,104.4,0.7,0,0.0,0
B101813,North,D01,Cardiac,0.66,97.1,2.3,0,8.3,0
B101814,East,D22,Antidiabetic,0.73,101.5,0.7,0,22.3,0
B101815,South,D23,Analgesic,0.92,97.8,0.9,0,0.0,0
B101816,North,D01,Antidiabetic,0.58,102.3,0.6,0,7.5,0
B101817,North,D18,Antibiotic,0.82,101.3,1.9,0,4.8,0
B101818,South,D23,Analgesic,0.73,104.0,0.3,0,0.9,0
B101819,East,D22,Cardiac,0.74,101.1,1.4,0,0.0,0
B101820,South,D23,Analgesic,0.77,99.1,3.8,1,15.7,0
B101821,Central,D13,Vaccine,0.81,98.9,,0,9.4,0
B101822,Central,D02,Analgesic,0.74,99.4,4.0,0,,0
B101823,West,D21,Vaccine,0.67,98.9,0.9,0,1.4,0
B101824,Central,D15,Antidiabetic,0.7,103.0,0.2,0,4.2,0
B101825,Central,D15,Vaccine,0.71,102.8,4.7,0,0.0,0
B101826,North,D10,Antibiotic,0.75,96.7,1.2,0,8.6,0
B101827,Central,D13,Analgesic,0.96,100.1,0.4,0,9.8,0
B101828,East,D04,Vaccine,0.81,100.1,0.3,0,9.7,0
B101829,North,D18,Antibiotic,0.79,98.3,0.4,0,22.1,0
B101830,Central,D02,Analgesic,0.7,101.0,7.2,0,1.4,0
B101831,North,D18,Analgesic,0.8,103.2,4.1,0,4.7,0
B101832,West,D21,Antibiotic,0.91,102.0,19.8,0,4.3,0
B101833,West,D11,Analgesic,0.9,86.1,0.4,0,4.1,1
B101834,North-East,D12,Analgesic,0.7,98.4,0.5,0,13.2,0
B101835,North,D07,Cardiac,0.85,100.1,6.2,1,0.1,0
B101836,South,D23,Vaccine,0.91,98.3,0.8,0,18.1,0
B101837,North,D18,Antibiotic,0.82,100.5,1.2,0,1.6,0
B101838,South,D09,Antidiabetic,0.34,79.7,0.2,0,31.3,1
B101839,East,D04,Analgesic,0.9,102.1,0.4,0,13.6,0
B101840,East,D05,Antibiotic,0.53,102.9,0.3,0,10.8,0
B101841,West,D11,Cardiac,0.78,101.5,1.1,0,5.7,0
B101842,South,D23,Antibiotic,0.69,98.1,0.7,0,5.8,0
B101843,North,D18,Cardiac,0.82,97.0,2.2,0,11.4,0
B101844,East,D05,Cardiac,0.43,101.1,0.2,0,11.7,0
B101845,West,D21,Antidiabetic,0.73,103.3,1.3,0,13.0,0
B101846,South,D09,Antidiabetic,0.26,99.9,0.6,0,13.0,0
B101847,West,D21,Vaccine,0.76,95.2,6.3,0,,0
B101848,North-East,D06,Cardiac,0.59,98.9,3.7,0,17.9,0
B101849,Central,D15,Vaccine,0.73,101.1,28.7,0,3.8,0
B101850,East,D22,Analgesic,0.78,100.4,0.3,0,8.3,0
B101851,North-East,D06,Analgesic,0.54,97.4,1.0,0,4.1,0
B101852,West,D17,Antibiotic,0.83,100.0,3.5,0,25.1,0
B101853,North-East,D24,Antibiotic,0.28,101.5,,0,13.4,0
B101854,East,D04,Antibiotic,0.88,101.1,6.2,0,15.1,0
B101855,Central,D02,Antibiotic,0.67,98.5,,0,11.1,0
B101856,West,D17,Vaccine,0.77,99.9,4.9,0,7.6,0
B101857,Central,D08,Antidiabetic,0.82,98.6,10.2,0,26.7,0
B101858,Central,D02,Analgesic,0.8,103.7,2.5,0,16.5,0
B101859,West,D11,Cardiac,0.71,102.0,0.6,0,5.8,0
B101860,North,D18,Cardiac,0.77,98.8,2.5,0,6.1,0
B101861,North,D07,Cardiac,0.72,97.4,1.0,0,9.6,0
B101862,Central,D08,Vaccine,0.72,100.6,6.6,0,4.2,0
B101863,West,D21,Antidiabetic,0.74,98.9,0.8,0,5.6,0
B101864,North-East,D12,Cardiac,0.65,99.1,0.9,0,0.0,0
B101865,West,D21,Cardiac,0.87,97.5,5.5,0,0.0,0
B101866,West,D11,Antidiabetic,0.71,97.8,1.4,0,21.8,0
B101867,South,D23,Analgesic,0.8,100.4,0.1,0,4.5,0
B101868,Central,D16,Analgesic,0.17,99.4,0.1,0,5.9,0
B101869,West,D03,Antidiabetic,0.75,105.5,,0,8.5,0
B101870,East,D22,Analgesic,0.73,101.3,0.8,1,12.9,0
B101871,North-East,D12,Cardiac,0.62,97.5,2.2,0,13.4,0
B101872,East,D04,Antibiotic,0.8,96.6,6.0,0,15.2,0
B101873,East,D04,Antibiotic,0.78,100.9,2.6,0,12.0,0
B101874,West,D17,Analgesic,0.81,99.1,1.3,0,6.1,0
B101875,Central,D02,Antibiotic,0.73,102.9,0.2,0,16.9,0
B101876,North,D07,Antidiabetic,0.78,100.6,3.9,0,6.8,0
B101877,East,D04,Antibiotic,0.93,95.6,0.3,0,15.2,0
B101878,West,D11,Cardiac,0.83,97.8,0.4,0,0.0,1
B101879,North,D10,Antibiotic,0.74,98.5,1.0,0,17.1,0
B101880,North-East,D12,Antidiabetic,0.7,101.0,8.0,0,1.8,0
B101881,North,D07,Vaccine,0.79,97.7,1.1,0,0.0,0
B101882,North,D01,Antibiotic,0.67,100.3,2.2,0,0.0,0
B101883,Central,D15,Antibiotic,0.74,97.1,0.5,0,9.4,0
B101884,South,D09,Analgesic,0.14,100.0,1.9,0,24.0,0
B101885,Central,D16,Antidiabetic,0.28,100.8,2.4,0,6.6,0
B101886,West,D03,Antidiabetic,0.72,103.2,2.2,0,7.2,0
B101887,North,D01,Vaccine,0.64,100.5,6.9,0,13.4,0
B101888,North-East,D06,Analgesic,0.56,98.2,1.5,0,4.0,0
B101889,West,D11,Antibiotic,0.65,103.3,19.6,0,7.0,0
B101890,North,D10,Analgesic,0.82,99.6,4.7,0,5.6,0
B101891,East,D20,Analgesic,0.9,101.7,0.5,0,21.8,0
B101892,South,D09,Vaccine,0.16,73.5,7.7,0,27.4,1
B101893,Central,D13,Analgesic,0.92,93.2,1.3,0,13.2,0
B101894,Central,D14,Antidiabetic,0.54,98.2,1.0,0,3.0,0
B101895,North,D01,Antibiotic,0.69,100.7,3.2,0,0.0,0
B101896,North-East,D12,Antibiotic,0.64,101.8,1.5,0,12.6,0
B101897,Central,D08,Antibiotic,0.78,98.9,0.0,0,9.8,0
B101898,North,D10,Antibiotic,0.83,98.8,3.8,0,15.2,0
B101899,West,D03,Antibiotic,0.63,92.0,1.1,0,1.8,0
B101900,North-East,D19,Analgesic,0.06,84.5,0.2,0,38.9,1
B101901,South,D23,Antibiotic,0.79,96.7,2.0,0,0.0,0
B101902,North,D01,Cardiac,0.71,100.8,0.4,0,4.5,0
B101903,Central,D15,Antidiabetic,0.72,99.8,0.8,0,0.0,0
B101904,North-East,D19,Antidiabetic,0.11,99.7,7.1,0,6.0,1
B101905,North,D07,Cardiac,0.69,101.1,2.5,0,17.2,0
B101906,North-East,D19,Antibiotic,0.14,101.5,2.0,0,2.0,0
B101907,Central,D15,Antibiotic,0.72,99.6,,0,1.9,0
B101908,South,D23,Antibiotic,0.96,97.5,2.3,1,6.8,0
B101909,North-East,D24,Antidiabetic,0.27,76.2,3.0,0,55.7,1
B101910,North,D01,Antidiabetic,0.72,101.3,,1,13.4,0
B101911,West,D11,Vaccine,0.92,100.3,6.8,0,0.0,0
B101912,Central,D13,Vaccine,0.88,98.8,0.4,0,0.0,0
B101913,East,D04,Analgesic,0.85,98.3,0.5,1,8.4,0
B101914,Central,D08,Vaccine,0.7,101.4,0.3,0,19.8,0
B101915,North-East,D24,Antidiabetic,0.38,76.2,7.8,0,27.2,1
B101916,North,D01,Antibiotic,0.63,101.7,0.2,1,10.8,1
B101917,West,D11,Vaccine,0.78,101.9,1.4,0,7.4,0
B101918,West,D21,Analgesic,0.8,99.3,0.9,0,13.2,0
B101919,Central,D08,Antibiotic,0.75,102.1,,0,5.9,0
B101920,West,D11,Vaccine,0.67,100.3,0.4,1,7.5,0
B101921,North-East,D24,Antidiabetic,0.37,100.6,11.3,0,,0
B101922,West,D11,Antibiotic,0.74,95.2,1.3,0,16.0,0
B101923,West,D03,Analgesic,0.62,97.9,0.2,0,3.2,0
B101924,Central,D02,Analgesic,0.82,98.0,1.9,0,3.3,0
B101925,South,D23,Antibiotic,0.77,99.3,0.1,0,3.8,0
B101926,North-East,D06,Antibiotic,0.61,100.3,8.8,1,0.1,0
B101927,North-East,D12,Vaccine,0.71,87.0,3.2,0,4.1,0
B101928,Central,D02,Antibiotic,0.77,100.6,0.3,0,7.1,0
B101929,North,D10,Vaccine,0.7,98.5,0.9,0,2.6,0
B101930,South,D23,Cardiac,0.85,101.5,0.4,0,11.6,0
B101931,North-East,D12,Cardiac,0.65,104.0,0.6,0,0.0,0
B101932,South,D23,Antidiabetic,0.78,99.2,3.3,0,0.0,0
B101933,North-East,D06,Analgesic,0.59,98.5,1.4,0,12.6,0
B101934,North-East,D12,Cardiac,0.56,98.5,4.5,1,21.3,0
B101935,West,D21,Cardiac,0.84,100.2,0.8,0,9.8,0
B101936,West,D11,Antibiotic,0.67,98.8,3.0,0,2.2,0
B101937,North,D07,Vaccine,0.76,96.2,0.8,0,0.2,0
B101938,West,D21,Analgesic,0.84,96.8,1.6,1,5.4,0
B101939,South,D09,Cardiac,0.31,102.2,0.2,0,16.9,0
B101940,Central,D13,Analgesic,0.82,102.8,0.1,0,11.6,0
B101941,North-East,D24,Antibiotic,0.38,103.5,0.5,0,0.0,0
B101942,East,D05,Antidiabetic,0.58,100.5,4.2,0,10.5,0
B101943,North,D07,Antibiotic,0.75,97.8,2.9,0,18.0,0
B101944,North,D01,Antidiabetic,0.63,99.0,11.3,0,16.3,0
B101945,North,D10,Cardiac,0.75,96.7,8.3,0,17.3,0
B101946,East,D05,Cardiac,0.54,,0.1,0,,0
B101947,West,D17,Cardiac,0.73,100.6,8.2,0,0.0,0
B101948,East,D04,Antibiotic,0.92,101.2,0.6,0,2.3,0
B101949,West,D17,Analgesic,0.74,95.7,0.5,0,20.2,0
B101950,North-East,D06,Cardiac,0.54,99.8,2.3,0,5.6,0
B101951,Central,D08,Cardiac,0.77,97.0,2.1,0,0.0,0
B101952,Central,D08,Vaccine,0.72,99.7,3.7,0,12.2,0
B101953,West,D17,Antibiotic,0.78,99.4,10.3,0,15.4,0
B101954,West,D11,Vaccine,0.81,98.9,2.4,0,7.4,0
B101955,Central,D08,Analgesic,0.77,100.8,1.9,0,11.8,0
B101956,West,D21,Analgesic,0.84,97.3,1.2,0,2.2,0
B101957,Central,D13,Cardiac,0.88,100.3,0.3,0,4.7,0
B101958,East,D05,Cardiac,0.42,101.4,4.8,0,0.0,0
B101959,East,D22,Cardiac,0.79,103.1,5.7,0,0.5,0
B101960,Central,D08,Vaccine,0.77,100.7,2.4,0,18.1,0
B101961,North,D01,Analgesic,0.75,102.3,1.6,0,0.0,0
B101962,North-East,D12,Vaccine,0.69,99.0,0.2,0,5.3,0
B101963,West,D03,Antibiotic,0.68,99.3,2.9,0,4.3,0
B101964,North-East,D06,Antibiotic,0.66,103.0,6.9,0,12.2,0
B101965,North,D18,Vaccine,0.79,75.7,3.3,0,42.1,1
B101966,West,D03,Vaccine,0.71,99.1,1.2,0,2.7,0
B101967,East,D20,Analgesic,0.91,102.5,0.3,0,3.9,0
B101968,South,D23,Antibiotic,0.83,99.5,1.4,1,10.8,0
B101969,Central,D15,Vaccine,0.7,99.4,19.9,0,7.9,0
B101970,West,D17,Antibiotic,0.87,99.4,0.1,0,0.0,0
B101971,West,D17,Analgesic,0.9,100.3,0.5,0,5.6,0
B101972,North-East,D24,Analgesic,0.34,67.3,,0,21.0,1
B101973,Central,D08,Vaccine,0.85,102.0,2.2,0,11.2,0
B101974,East,D04,Antibiotic,0.76,100.0,0.7,0,6.3,0
B101975,North-East,D12,Antidiabetic,0.57,102.4,0.7,0,20.2,0
B101976,Central,D13,Analgesic,0.85,100.8,2.6,0,3.4,0
B101977,East,D04,Cardiac,0.85,101.9,3.1,0,4.0,0
B101978,Central,D15,Analgesic,0.71,97.7,2.6,0,4.3,0
B101979,North,D01,Cardiac,0.6,103.8,5.4,0,6.6,0
B101980,South,D23,Antidiabetic,0.87,100.5,6.7,0,13.9,0
B101981,North-East,D06,Vaccine,0.72,94.0,2.1,0,,0
B101982,North,D01,Cardiac,0.77,103.7,3.5,0,5.2,0
B101983,West,D03,Antibiotic,0.76,100.0,4.4,0,10.5,0
B101984,North-East,D06,Cardiac,0.61,99.1,8.0,0,1.4,0
B101985,North,D07,Vaccine,0.73,98.7,1.0,0,12.4,0
B101986,North,D01,Antibiotic,0.7,101.0,0.1,0,5.4,0
B101987,North,D07,Antidiabetic,0.91,98.0,0.9,0,1.7,0
B101988,East,D05,Antidiabetic,0.5,98.7,10.0,0,0.0,0
B101989,South,D09,Vaccine,0.22,98.8,0.9,0,0.3,0
B101990,South,D09,Antidiabetic,0.31,99.4,0.8,0,6.6,0
B101991,Central,D08,Vaccine,0.83,98.9,0.2,1,7.4,0
B101992,Central,D08,Analgesic,0.71,66.0,5.7,1,34.1,1
B101993,Central,D02,Antidiabetic,0.72,100.6,0.0,0,0.0,0
B101994,North,D01,Vaccine,0.67,100.9,1.0,0,,0
B101995,East,D05,Analgesic,0.53,101.3,0.0,0,0.0,0
B101996,North,D18,Cardiac,0.87,71.2,16.7,1,30.7,1
B101997,North-East,D24,Antibiotic,0.24,97.8,2.7,0,15.6,0
B101998,South,D23,Analgesic,0.87,104.0,1.1,0,7.1,1
B101999,North-East,D12,Vaccine,0.66,102.0,0.4,0,11.0,0
B102000,Central,D13,Cardiac,1.0,103.5,5.2,0,17.8,0
B102001,North,D07,Antibiotic,0.8,102.3,1.1,0,7.4,0
B102002,North-East,D19,Antibiotic,0.1,99.0,1.9,0,14.5,0
B102003,North-East,D19,Cardiac,0.14,94.8,5.6,0,10.5,0
B102004,West,D21,Antibiotic,0.81,97.3,0.3,0,2.7,0
B102005,East,D22,Analgesic,0.66,78.4,4.5,0,22.8,1
B102006,North,D10,Cardiac,0.82,99.8,1.1,0,2.5,0
B102007,North-East,D19,Cardiac,0.09,99.1,8.6,0,12.1,0
B102008,East,D20,Antibiotic,0.83,94.5,1.7,0,14.8,0
B102009,North,D07,Antidiabetic,0.78,53.7,12.1,0,30.5,1
B102010,South,D23,Cardiac,0.68,97.6,6.5,0,1.6,0
B102011,West,D03,Vaccine,0.67,98.4,2.5,0,5.3,0
B102012,North-East,D24,Cardiac,0.3,101.9,,0,2.1,0
B102013,North-East,D19,Cardiac,0.11,97.7,9.8,0,6.1,0
B102014,West,D03,Analgesic,0.67,97.9,3.0,0,10.3,0
B102015,Central,D16,Analgesic,0.18,100.4,5.2,0,16.8,0
B102016,North,D01,Cardiac,0.65,101.9,3.0,0,4.2,0
B102017,North-East,D19,Antidiabetic,0.1,90.3,20.5,0,9.1,1
B102018,East,D20,Analgesic,0.93,103.2,0.2,0,10.4,0
B102019,Central,D15,Cardiac,0.66,97.2,2.0,0,7.4,0
B102020,West,D21,Cardiac,0.84,105.3,6.2,1,25.8,1
B102021,West,D03,Antidiabetic,0.71,96.6,1.5,0,1.7,0
B102022,North,D07,Antidiabetic,0.77,96.4,1.4,0,5.3,0
B102023,North,D10,Antibiotic,0.98,100.7,8.5,0,13.2,0
B102024,North,D01,Antibiotic,0.69,97.8,2.4,0,15.5,0
B102025,West,D11,Analgesic,0.74,64.2,11.6,1,35.9,1
B102026,North-East,D06,Analgesic,0.57,100.8,2.0,0,2.3,0
B102027,North,D10,Analgesic,0.78,101.8,13.1,0,13.8,0
B102028,North,D10,Cardiac,0.88,102.3,3.8,0,4.5,0
B102029,West,D21,Antidiabetic,0.79,101.9,0.4,0,10.2,0
B102030,North-East,D06,Analgesic,0.56,98.0,2.8,0,6.4,0
B102031,East,D22,Cardiac,0.74,100.6,10.3,1,7.9,0
B102032,North,D10,Antibiotic,0.78,101.1,,0,4.8,0
B102033,Central,D08,Analgesic,0.65,99.0,3.0,0,15.5,0
B102034,North-East,D12,Antibiotic,0.63,100.4,1.6,0,0.0,0
B102035,North,D10,Analgesic,0.89,97.2,0.6,0,4.9,0
B102036,North-East,D06,Analgesic,0.61,98.6,3.7,0,,0
B102037,North-East,D12,Cardiac,0.75,100.8,1.5,0,6.2,0
B102038,East,D04,Analgesic,0.89,103.3,3.7,0,6.9,0
B102039,Central,D08,Vaccine,0.79,102.5,0.8,0,14.4,0
B102040,Central,D13,Antibiotic,0.99,101.5,1.7,0,10.9,0
B102041,North,D10,Antibiotic,0.83,100.2,22.8,0,13.6,0
B102042,East,D20,Antidiabetic,0.93,99.8,,0,16.0,0
B102043,North-East,D06,Antidiabetic,0.59,96.8,1.6,0,0.0,0
B102044,South,D23,Vaccine,0.9,98.2,1.3,0,,0
B102045,North-East,D19,Vaccine,0.1,98.2,1.0,0,,0
B102046,South,D23,Analgesic,0.77,99.0,6.4,0,15.2,1
B102047,West,D21,Cardiac,0.86,102.1,0.0,0,14.9,0
B102048,East,D04,Vaccine,0.8,,11.6,0,0.0,0
B102049,North-East,D12,Antibiotic,0.69,102.6,2.3,0,0.0,0
B102050,East,D04,Analgesic,0.87,87.8,1.8,0,0.0,0
B102051,East,D20,Vaccine,0.92,97.8,5.9,0,1.5,0
B102052,Central,D14,Vaccine,0.49,99.9,3.2,0,7.8,0
B102053,North-East,D06,Antibiotic,0.51,98.4,3.9,0,18.8,0
B102054,South,D23,Cardiac,0.81,87.6,10.4,0,0.0,0
B102055,West,D03,Analgesic,0.66,99.2,1.5,0,24.2,0
B102056,Central,D13,Vaccine,1.0,99.8,1.2,0,11.1,0
B102057,North,D18,Analgesic,0.81,101.5,,0,11.3,0
B102058,Central,D02,Analgesic,0.7,98.4,6.0,0,12.4,0
B102059,Central,D14,Cardiac,0.38,102.1,2.0,0,0.0,0
B102060,East,D20,Antidiabetic,1.0,97.0,,0,3.2,0
B102061,Central,D02,Antibiotic,0.72,100.7,0.3,0,0.2,0
B102062,North-East,D12,Antidiabetic,0.61,99.8,7.8,0,11.9,0
B102063,North-East,D06,Cardiac,0.61,101.8,1.1,1,1.0,0
B102064,Central,D16,Cardiac,0.23,97.0,0.1,0,5.8,0
B102065,West,D03,Vaccine,0.73,96.6,0.4,0,2.6,0
B102066,South,D23,Vaccine,0.81,101.7,2.7,0,17.3,0
B102067,East,D22,Antibiotic,0.78,99.1,3.0,0,3.0,0
B102068,East,D05,Antidiabetic,0.54,99.8,0.3,0,0.0,0
B102069,Central,D08,Analgesic,0.78,98.5,3.2,0,10.7,0
B102070,Central,D14,Analgesic,0.49,78.5,5.1,0,51.2,1
B102071,West,D17,Analgesic,0.84,100.7,0.9,0,17.1,0
B102072,West,D11,Antibiotic,0.76,100.5,7.9,0,9.4,0
B102073,East,D04,Antibiotic,0.8,97.4,2.8,0,,0
B102074,West,D03,Analgesic,0.68,101.1,11.7,0,,0
B102075,North-East,D24,Analgesic,0.33,60.6,3.1,0,25.8,1
B102076,West,D11,Cardiac,0.65,98.6,6.4,0,12.8,0
B102077,West,D21,Cardiac,0.72,97.0,,0,12.3,0
B102078,North-East,D12,Analgesic,0.71,99.7,1.4,0,5.0,0
B102079,East,D22,Cardiac,0.86,102.3,0.6,0,0.0,0
B102080,Central,D02,Antibiotic,0.66,100.5,4.2,0,6.1,0
B102081,West,D03,Cardiac,0.7,99.0,2.0,0,0.0,0
B102082,South,D23,Cardiac,0.78,100.2,8.3,0,2.1,0
B102083,South,D23,Vaccine,0.79,100.2,1.2,0,4.5,0
B102084,North,D07,Antibiotic,0.8,100.1,0.8,0,16.4,0
B102085,Central,D08,Antibiotic,0.68,100.4,1.3,0,6.2,0
B102086,West,D11,Antibiotic,0.69,97.7,3.8,0,19.6,0
B102087,North,D10,Analgesic,0.82,100.2,5.1,0,10.6,0
B102088,East,D05,Antibiotic,0.51,96.1,1.6,0,0.0,0
B102089,East,D22,Cardiac,0.7,101.3,2.3,0,15.3,0
B102090,North-East,D06,Antibiotic,0.64,97.6,0.2,0,14.6,0
B102091,West,D17,Antibiotic,0.75,102.6,1.1,0,0.0,0
B102092,Central,D02,Vaccine,0.71,94.6,0.6,0,12.4,0
B102093,North,D01,Antibiotic,0.71,98.4,10.8,0,41.2,1
B102094,Central,D16,Antidiabetic,0.18,96.4,0.8,0,0.0,0
B102095,Central,D08,Vaccine,0.81,97.4,12.9,0,0.0,0
B102096,Central,D16,Antibiotic,0.13,100.7,3.9,0,14.0,0
B102097,West,D03,Antibiotic,0.61,101.4,1.2,0,6.1,0
B102098,South,D23,Vaccine,0.79,99.4,2.2,0,17.7,0
B102099,North,D18,Analgesic,0.81,102.0,0.3,0,14.0,0
B102100,West,D21,Cardiac,0.75,98.2,4.2,0,13.2,0
B102101,East,D04,Vaccine,0.77,99.1,1.6,0,15.6,0
B102102,Central,D08,Analgesic,0.77,99.3,1.8,0,1.7,0
B102103,South,D09,Analgesic,0.2,98.8,1.7,0,5.2,0
B102104,Central,D13,Cardiac,0.79,95.7,10.1,0,21.0,0
B102105,North,D07,Analgesic,0.84,99.9,4.1,0,5.0,0
B102106,Central,D02,Vaccine,0.7,99.7,2.5,0,15.1,0
B102107,South,D09,Cardiac,0.31,102.4,,0,6.0,0
B102108,North-East,D06,Cardiac,0.6,97.2,3.7,0,2.1,0
B102109,South,D09,Analgesic,0.26,98.6,1.3,0,0.5,0
B102110,East,D05,Antidiabetic,0.51,102.6,7.6,0,11.3,0
B102111,North-East,D06,Antidiabetic,0.44,100.6,0.9,0,16.6,0
B102112,Central,D15,Antibiotic,0.65,101.2,0.3,0,10.8,0
B102113,South,D09,Cardiac,0.24,101.0,3.5,0,9.2,0
B102114,Central,D08,Analgesic,0.78,101.0,2.3,0,0.0,0
B102115,Central,D13,Analgesic,0.76,104.0,0.6,1,7.4,0
B102116,North-East,D19,Analgesic,0.1,100.2,12.6,0,8.7,0
B102117,South,D09,Antidiabetic,0.18,93.0,1.0,0,1.3,1
B102118,Central,D14,Analgesic,0.47,101.4,,0,10.5,1
B102119,South,D23,Analgesic,0.8,98.8,3.3,0,2.6,0
B102120,North-East,D12,Antibiotic,0.7,99.8,,0,4.7,0
B102121,East,D22,Analgesic,0.83,100.8,2.9,0,,0
B102122,East,D20,Antidiabetic,0.96,95.6,10.2,1,14.8,1
B102123,Central,D02,Cardiac,0.79,98.9,4.6,0,18.0,0
B102124,North,D10,Antibiotic,0.81,101.0,0.4,0,6.4,0
B102125,West,D17,Antidiabetic,0.95,98.8,2.6,1,11.3,0
B102126,North-East,D24,Cardiac,0.22,99.7,5.0,0,11.9,0
B102127,West,D11,Analgesic,0.72,97.8,25.6,0,11.8,0
B102128,West,D03,Antibiotic,0.74,97.8,0.5,0,8.3,0
B102129,Central,D13,Analgesic,0.92,104.2,0.9,0,16.5,0
B102130,West,D03,Antibiotic,0.72,96.6,2.8,0,3.2,0
B102131,North,D18,Vaccine,0.84,99.9,3.3,0,0.0,0
B102132,North-East,D12,Analgesic,0.53,104.1,,0,9.9,0
B102133,North,D18,Antidiabetic,0.9,99.9,0.1,0,5.3,0
B102134,West,D21,Vaccine,0.82,103.0,3.8,0,20.9,0
B102135,Central,D15,Antidiabetic,0.79,101.4,2.1,0,4.2,0
B102136,Central,D15,Antidiabetic,0.6,100.0,1.9,0,14.7,0
B102137,North,D18,Antibiotic,0.82,99.7,9.8,0,10.8,0
B102138,West,D21,Antibiotic,0.79,66.2,10.0,1,34.2,1
B102139,West,D21,Cardiac,0.86,99.3,28.4,0,11.6,0
B102140,North,D01,Cardiac,0.72,100.5,6.3,0,2.9,0
B102141,Central,D13,Vaccine,0.89,100.5,3.3,0,24.3,0
B102142,East,D05,Cardiac,0.46,105.4,0.7,0,2.0,0
B102143,West,D21,Analgesic,0.82,100.6,1.4,0,1.0,0
B102144,Central,D16,Cardiac,0.18,105.0,3.8,0,26.4,1
B102145,North,D10,Cardiac,0.87,102.6,3.6,0,,0
B102146,East,D05,Antibiotic,0.58,101.2,0.4,0,12.6,0
B102147,Central,D08,Antibiotic,0.77,99.8,10.1,0,0.3,0
B102148,West,D17,Antibiotic,0.7,99.8,1.2,0,11.1,0
B102149,East,D05,Antidiabetic,0.53,72.1,0.5,1,19.5,1
B102150,West,D03,Antidiabetic,0.85,101.0,3.1,0,0.7,0
B102151,East,D22,Cardiac,0.87,99.6,4.3,0,,0
B102152,North-East,D19,Antibiotic,0.02,101.4,5.7,0,0.9,0
B102153,East,D05,Analgesic,0.53,53.4,1.3,0,41.2,1
B102154,North,D07,Antibiotic,0.84,100.3,8.8,0,0.0,0
B102155,South,D23,Vaccine,0.79,103.4,10.3,0,,0
B102156,West,D17,Vaccine,0.75,99.5,1.7,0,2.4,0
B102157,Central,D15,Cardiac,0.7,104.1,1.0,0,8.3,0
B102158,North,D07,Antibiotic,0.81,100.4,0.6,0,10.7,0
B102159,North,D07,Analgesic,0.71,99.9,3.7,0,8.5,0
B102160,North,D01,Antidiabetic,0.77,100.3,1.1,0,21.9,0
B102161,North,D18,Cardiac,0.8,99.3,4.6,0,4.6,0
B102162,North,D01,Antibiotic,0.64,95.6,0.0,0,0.0,0
B102163,North,D01,Antidiabetic,0.76,101.9,4.1,0,22.7,0
B102164,North,D18,Analgesic,0.71,,1.9,0,10.1,0
B102165,South,D23,Analgesic,0.77,101.1,3.5,0,8.6,0
B102166,North,D18,Cardiac,0.77,101.2,1.4,0,23.2,0
B102167,West,D11,Antidiabetic,0.88,99.6,4.1,0,0.0,0
B102168,North-East,D12,Analgesic,0.62,102.5,1.2,0,6.9,0
B102169,North,D10,Analgesic,0.71,99.9,2.2,0,0.0,0
B102170,Central,D08,Analgesic,0.72,100.6,0.4,0,6.8,0
B102171,North-East,D12,Antibiotic,0.69,96.6,5.0,0,0.0,0
B102172,North,D10,Cardiac,0.88,98.8,0.8,0,8.2,0
B102173,Central,D14,Antibiotic,0.6,100.8,0.5,0,7.7,0
B102174,East,D22,Vaccine,0.85,102.0,3.6,0,7.3,0
B102175,North-East,D24,Vaccine,0.3,102.1,0.5,0,0.0,0
B102176,Central,D02,Vaccine,0.69,96.5,0.8,0,12.9,0
B102177,South,D09,Analgesic,0.34,,1.1,0,24.7,1
B102178,East,D04,Analgesic,0.83,101.3,2.0,0,26.0,0
B102179,Central,D08,Vaccine,0.72,98.4,2.0,0,4.3,0
B102180,North,D07,Antibiotic,0.76,102.0,3.0,0,3.1,0
B102181,East,D04,Antidiabetic,0.77,96.4,1.5,0,8.7,0
B102182,North-East,D19,Antidiabetic,0.07,99.8,9.8,0,0.0,0
B102183,North-East,D12,Analgesic,0.64,99.9,8.0,0,16.2,0
B102184,East,D22,Vaccine,0.81,101.1,2.2,0,1.1,0
B102185,North,D01,Antibiotic,0.67,97.7,1.0,1,1.8,0
B102186,Central,D02,Antibiotic,0.66,95.7,0.2,0,13.5,0
B102187,North,D10,Vaccine,0.74,100.4,0.3,0,9.5,0
B102188,Central,D02,Antidiabetic,0.75,101.2,2.5,0,9.3,0
B102189,North-East,D06,Cardiac,0.6,102.2,,0,0.0,0
B102190,North-East,D24,Vaccine,0.26,99.2,8.0,0,14.8,0
B102191,East,D05,Antidiabetic,0.5,101.7,1.7,0,0.8,0
B102192,East,D05,Analgesic,0.55,101.1,3.4,0,0.0,1
B102193,Central,D14,Vaccine,0.54,102.9,0.3,0,10.6,0
B102194,North-East,D12,Analgesic,0.61,99.9,2.7,0,6.5,0
B102195,Central,D14,Antibiotic,0.47,96.2,0.4,0,6.3,0
B102196,South,D09,Antidiabetic,0.3,99.9,1.5,0,12.7,0
B102197,East,D20,Vaccine,0.88,100.2,0.3,0,5.8,0
B102198,East,D04,Cardiac,0.85,101.1,,1,0.0,0
B102199,North,D10,Vaccine,0.83,96.6,3.4,0,5.6,0
B102200,West,D17,Antidiabetic,0.7,99.3,2.5,0,10.0,0
B102201,West,D21,Analgesic,0.84,101.9,0.4,0,9.2,0
B102202,South,D09,Analgesic,0.25,99.8,0.4,0,6.7,0
B102203,Central,D13,Antibiotic,0.91,99.3,1.2,0,24.9,0
B102204,Central,D02,Antidiabetic,0.67,104.2,5.1,0,19.6,0
B102205,East,D04,Analgesic,0.85,97.6,0.8,0,0.0,0
B102206,Central,D02,Vaccine,0.82,102.7,0.1,0,0.0,0
B102207,North,D18,Antidiabetic,0.93,102.2,1.3,0,17.3,0
B102208,North,D07,Antibiotic,0.86,99.5,31.3,0,15.5,0
B102209,North,D18,Vaccine,0.73,99.9,0.2,0,18.4,0
B102210,Central,D02,Analgesic,0.77,99.9,0.2,0,4.9,0
B102211,West,D21,Vaccine,0.8,100.4,7.8,0,6.9,0
B102212,East,D20,Analgesic,0.95,98.7,0.9,0,0.0,0
B102213,Central,D02,Vaccine,0.69,99.1,2.5,0,9.0,0
B102214,North,D01,Antibiotic,0.59,,5.2,0,3.5,0
B102215,Central,D02,Antibiotic,0.72,99.3,3.3,0,,0
B102216,West,D21,Antibiotic,0.87,99.3,0.6,0,14.5,0
B102217,North-East,D06,Antidiabetic,0.61,,3.7,0,6.9,0
B102218,Central,D13,Analgesic,0.9,100.2,1.4,0,13.8,1
B102219,North,D10,Analgesic,0.85,98.8,18.3,0,7.2,0
B102220,East,D20,Vaccine,0.95,95.9,0.1,0,11.8,0
B102221,North-East,D12,Cardiac,0.69,99.2,0.9,0,0.0,0
B102222,North-East,D12,Antibiotic,0.64,99.2,1.8,0,1.1,0
B102223,North-East,D24,Vaccine,0.29,102.8,0.2,0,11.2,1
B102224,East,D04,Cardiac,0.95,98.8,0.2,0,19.8,0
B102225,East,D20,Analgesic,0.94,101.5,0.5,0,11.3,0
B102226,Central,D02,Cardiac,0.74,103.0,0.7,0,8.1,0
B102227,West,D11,Antidiabetic,0.76,98.6,4.0,0,18.5,0
B102228,East,D22,Cardiac,0.76,99.9,0.1,0,6.5,0
B102229,Central,D16,Antibiotic,0.16,103.8,,0,2.4,0
B102230,West,D17,Antibiotic,0.79,100.5,0.3,0,8.0,0
B102231,North-East,D06,Antibiotic,0.56,100.8,3.8,0,10.6,0
B102232,North,D10,Cardiac,0.83,99.1,2.0,0,0.0,0
B102233,South,D09,Antidiabetic,0.2,101.5,0.3,1,8.9,0
B102234,North-East,D12,Antidiabetic,0.67,99.9,3.6,1,0.0,0
B102235,West,D11,Vaccine,0.79,96.0,0.2,0,5.9,0
B102236,Central,D08,Cardiac,0.75,99.2,1.8,0,6.9,0
B102237,North,D07,Analgesic,0.66,95.6,3.6,0,7.8,0
B102238,North-East,D06,Cardiac,0.63,100.2,2.1,0,,0
B102239,South,D09,Analgesic,0.25,98.0,4.4,0,8.7,0
B102240,East,D04,Antibiotic,0.79,101.1,0.8,0,14.1,0
B102241,West,D21,Antibiotic,0.87,100.1,1.5,0,17.9,0
B102242,Central,D15,Antidiabetic,0.63,97.3,0.4,0,18.2,0
B102243,West,D03,Analgesic,0.75,97.9,5.5,0,44.7,1
B102244,West,D17,Vaccine,0.77,101.4,3.3,0,25.3,0
B102245,West,D21,Vaccine,0.69,102.5,0.7,0,2.7,0
B102246,North-East,D06,Vaccine,0.61,98.0,,0,2.9,0
B102247,East,D04,Antidiabetic,0.83,97.6,0.9,0,8.1,0
B102248,North,D01,Antibiotic,0.66,104.3,0.1,0,13.8,0
B102249,Central,D02,Antibiotic,0.7,100.0,8.8,0,12.5,0
B102250,North,D18,Cardiac,0.8,100.2,3.4,0,0.0,0
B102251,North-East,D24,Analgesic,0.26,98.4,11.5,0,1.3,0
B102252,North,D01,Antibiotic,0.58,100.5,2.4,0,13.4,0
B102253,North,D18,Antibiotic,0.88,103.8,3.8,0,1.8,0
B102254,Central,D02,Antibiotic,0.73,100.6,3.3,0,7.1,0
B102255,Central,D14,Vaccine,0.42,102.3,3.9,0,10.5,0
B102256,North,D18,Antibiotic,0.74,91.8,0.6,0,11.4,0
B102257,Central,D08,Antibiotic,0.81,97.7,2.3,0,14.0,0
B102258,North,D01,Cardiac,0.62,98.5,1.1,0,16.9,0
B102259,Central,D14,Antidiabetic,0.47,97.5,4.6,0,12.4,0
B102260,North-East,D24,Antidiabetic,0.25,86.5,1.0,0,2.4,1
B102261,North-East,D06,Vaccine,0.56,102.7,0.3,0,12.1,0
B102262,East,D05,Vaccine,0.46,100.4,0.3,0,15.6,0
B102263,West,D03,Antidiabetic,0.65,99.3,1.1,0,11.2,0
B102264,Central,D13,Cardiac,0.87,98.3,8.2,0,17.0,0
B102265,Central,D14,Analgesic,0.47,100.8,1.1,0,9.7,0
B102266,East,D20,Vaccine,0.88,97.3,0.2,0,7.1,0
B102267,North,D18,Vaccine,0.8,97.5,3.8,0,2.1,0
B102268,East,D22,Analgesic,0.82,102.0,1.4,0,22.2,0
B102269,East,D20,Analgesic,0.83,99.4,3.6,0,0.7,0
B102270,North-East,D06,Antibiotic,0.59,99.3,0.1,0,8.0,0
B102271,Central,D13,Antidiabetic,0.82,99.6,0.7,1,5.5,0
B102272,North,D07,Analgesic,0.72,101.6,2.8,0,0.0,0
B102273,Central,D08,Analgesic,0.77,100.4,0.2,1,14.2,1
B102274,South,D23,Antibiotic,0.77,98.4,3.5,0,11.5,1
B102275,West,D17,Cardiac,0.7,98.4,1.3,0,9.7,0
B102276,North-East,D24,Cardiac,0.37,99.6,2.2,0,3.6,0
B102277,North,D10,Antibiotic,0.89,100.7,2.3,0,11.9,0
B102278,Central,D13,Analgesic,0.76,99.9,2.5,0,6.2,0
B102279,North-East,D12,Cardiac,0.57,99.7,5.4,0,11.4,0
B102280,West,D03,Cardiac,0.73,100.1,0.2,0,18.1,0
B102281,North-East,D06,Antibiotic,0.58,78.4,2.9,0,10.4,1
B102282,Central,D13,Antidiabetic,0.96,98.3,0.1,0,15.0,0
B102283,Central,D02,Analgesic,0.78,102.4,1.8,0,24.6,0
B102284,South,D23,Antibiotic,0.82,90.2,1.8,1,2.9,1
B102285,West,D03,Antibiotic,0.63,100.3,0.8,0,13.4,0
B102286,East,D05,Antibiotic,0.55,95.5,1.2,0,16.6,0
B102287,North-East,D19,Vaccine,0.03,99.5,1.4,0,2.1,0
B102288,West,D03,Analgesic,0.77,97.6,5.2,0,9.7,0
B102289,East,D22,Cardiac,0.79,97.8,6.2,0,7.0,0
B102290,North,D18,Antibiotic,0.75,105.3,7.9,0,4.7,0
B102291,Central,D02,Antidiabetic,0.79,100.5,8.9,0,14.9,0
B102292,West,D17,Antibiotic,0.91,102.7,4.7,0,6.6,0
B102293,Central,D15,Analgesic,0.7,101.9,1.0,0,0.0,0
B102294,North,D18,Antidiabetic,0.84,102.2,0.3,0,,0
B102295,East,D20,Cardiac,0.9,99.6,7.5,0,7.8,0
B102296,North,D18,Analgesic,0.81,103.5,1.6,0,12.9,0
B102297,Central,D14,Cardiac,0.37,101.9,7.3,1,5.1,0
B102298,Central,D08,Antibiotic,0.76,100.1,0.0,0,,0
B102299,West,D17,Antibiotic,0.78,,3.0,0,1.2,0
B102300,South,D23,Analgesic,0.91,99.7,0.3,0,1.6,0
B102301,Central,D14,Antibiotic,0.35,100.1,0.5,0,0.8,0
B102302,Central,D16,Vaccine,0.17,99.9,1.3,0,4.1,0
B102303,West,D11,Antibiotic,0.83,63.2,1.7,1,35.4,1
B102304,North,D18,Antidiabetic,0.79,103.8,1.4,0,0.0,0
B102305,North-East,D24,Antidiabetic,0.28,87.1,1.9,0,14.2,0
B102306,East,D04,Cardiac,0.8,,4.4,0,0.0,1
B102307,East,D05,Cardiac,0.47,99.2,1.0,0,5.3,0
B102308,Central,D13,Antibiotic,0.76,102.8,3.8,0,7.8,0
B102309,West,D11,Antibiotic,0.72,99.3,3.3,0,5.9,0
B102310,Central,D13,Cardiac,0.81,100.9,7.5,0,12.4,0
B102311,Central,D02,Analgesic,0.75,99.7,,0,7.2,0
B102312,North,D10,Vaccine,0.79,99.6,5.3,0,6.9,0
B102313,Central,D14,Analgesic,0.43,101.6,5.4,1,24.7,1
B102314,Central,D14,Analgesic,0.43,97.9,5.4,0,10.8,0
B102315,Central,D16,Antibiotic,0.18,98.3,6.7,1,28.6,1
B102316,North,D18,Vaccine,0.77,97.7,1.7,0,4.6,0
B102317,Central,D15,Analgesic,0.65,91.7,0.8,0,12.6,0
B102318,North-East,D19,Analgesic,0.11,69.4,,0,29.8,1
B102319,Central,D15,Antidiabetic,0.78,98.7,0.9,0,14.9,0
B102320,Central,D13,Analgesic,0.88,97.4,0.1,0,11.6,0
B102321,Central,D15,Cardiac,0.68,99.9,3.4,0,5.4,0
B102322,West,D03,Cardiac,0.68,96.7,4.9,0,5.0,0
B102323,North,D07,Antibiotic,0.66,100.3,3.3,0,12.5,0
B102324,Central,D13,Cardiac,0.86,99.7,7.6,0,8.3,0
B102325,West,D21,Analgesic,0.8,94.5,0.1,0,0.0,0
B102326,West,D17,Analgesic,0.72,98.8,1.8,1,0.0,0
B102327,Central,D02,Antibiotic,0.69,101.0,0.5,1,12.1,0
B102328,Central,D14,Antidiabetic,0.44,97.7,3.0,0,2.7,0
B102329,East,D05,Antidiabetic,0.58,90.5,3.8,1,8.2,0
B102330,North,D18,Antibiotic,0.87,101.0,0.5,0,12.1,0
B102331,East,D20,Antibiotic,0.87,97.8,2.5,0,0.0,0
B102332,Central,D14,Antibiotic,0.43,100.0,1.4,0,0.9,0
B102333,Central,D14,Cardiac,0.43,101.8,0.6,0,19.4,0
B102334,Central,D08,Analgesic,0.81,98.1,1.1,0,5.1,0
B102335,West,D11,Antibiotic,0.76,99.5,0.7,0,15.1,0
B102336,West,D21,Cardiac,0.83,102.5,1.8,0,25.6,0
B102337,North,D18,Vaccine,0.84,98.1,1.7,0,9.7,0
B102338,North-East,D12,Analgesic,0.62,101.0,4.1,0,2.0,0
B102339,South,D09,Vaccine,0.33,97.6,0.0,0,8.9,0
B102340,Central,D02,Analgesic,0.74,99.6,3.0,0,6.7,0
B102341,East,D04,Analgesic,0.8,101.0,3.2,0,8.5,0
B102342,East,D05,Vaccine,0.51,94.7,2.1,0,13.0,0
B102343,South,D09,Analgesic,0.32,70.5,2.9,0,9.8,1
B102344,South,D23,Antidiabetic,0.78,100.9,0.1,0,0.0,0
B102345,North-East,D12,Analgesic,0.72,100.5,0.1,0,16.3,0
B102346,North-East,D06,Antidiabetic,0.56,98.9,3.2,0,9.9,0
B102347,West,D03,Analgesic,0.64,97.6,2.7,0,4.0,0
B102348,Central,D08,Cardiac,0.8,101.4,,0,13.1,0
B102349,East,D20,Vaccine,0.88,99.3,1.5,0,0.6,0
B102350,South,D09,Cardiac,0.29,101.2,1.9,0,1.0,0
B102351,North-East,D19,Vaccine,0.12,,,0,15.4,0
B102352,East,D20,Antibiotic,0.88,99.0,2.7,0,8.5,0
B102353,West,D03,Antibiotic,0.69,94.8,9.7,0,19.0,0
B102354,Central,D15,Antibiotic,0.68,98.7,2.3,0,3.2,0
B102355,South,D23,Antidiabetic,0.82,102.6,8.5,0,10.0,0
B102356,North,D10,Antidiabetic,0.95,,2.8,0,10.7,0
B102357,Central,D02,Cardiac,0.72,102.3,0.4,0,10.8,0
B102358,East,D22,Antibiotic,0.8,99.6,0.7,0,12.3,0
B102359,East,D22,Antidiabetic,0.77,105.6,0.3,0,11.2,0
B102360,North-East,D12,Cardiac,0.66,100.3,2.2,0,8.1,0
B102361,Central,D13,Vaccine,0.86,100.5,0.1,0,0.0,0
B102362,East,D05,Analgesic,0.47,100.0,2.0,0,14.0,0
B102363,East,D20,Cardiac,0.95,97.5,3.9,0,0.0,0
B102364,North-East,D12,Antibiotic,0.64,102.8,1.2,0,0.0,0
B102365,North,D01,Analgesic,0.64,89.8,1.0,0,3.1,0
B102366,West,D17,Cardiac,0.84,102.0,0.0,0,14.3,0
B102367,South,D23,Antibiotic,0.81,102.6,1.1,0,6.4,0
B102368,East,D20,Analgesic,0.92,88.2,0.6,1,21.1,0
B102369,North,D07,Analgesic,0.86,98.5,8.5,0,0.0,0
B102370,Central,D02,Cardiac,0.63,99.2,5.7,0,0.3,0
B102371,South,D23,Antidiabetic,0.88,94.1,0.1,0,0.0,0
B102372,South,D23,Cardiac,0.75,99.7,,0,0.0,0
B102373,Central,D13,Analgesic,0.88,101.8,0.3,0,3.6,0
B102374,Central,D15,Analgesic,0.68,99.5,1.1,0,18.3,0
B102375,West,D11,Analgesic,0.7,98.7,2.6,0,15.3,0
B102376,North,D10,Analgesic,0.91,99.3,1.8,0,9.7,0
B102377,West,D03,Antibiotic,0.8,102.7,5.8,0,5.8,0
B102378,West,D03,Cardiac,0.68,99.9,4.1,0,13.4,0
B102379,North-East,D06,Cardiac,0.61,104.1,0.1,0,16.9,0
B102380,West,D21,Analgesic,0.83,98.7,5.7,0,3.5,0
B102381,East,D04,Antidiabetic,0.95,100.5,3.4,0,4.2,0
B102382,East,D05,Cardiac,0.4,99.0,21.2,0,5.0,0
B102383,Central,D13,Vaccine,0.89,104.6,0.6,0,0.0,0
B102384,East,D05,Antibiotic,0.48,100.4,1.7,0,16.5,0
B102385,East,D04,Antibiotic,0.71,104.7,1.0,0,3.9,0
B102386,Central,D13,Vaccine,0.85,99.1,1.8,1,6.0,0
B102387,South,D09,Analgesic,0.35,98.0,4.2,0,49.6,1
B102388,Central,D15,Antibiotic,0.68,100.3,2.0,0,4.2,0
B102389,East,D22,Antibiotic,0.82,101.8,0.4,0,16.9,0
B102390,East,D04,Antibiotic,0.92,97.3,6.0,0,0.0,0
B102391,East,D22,Cardiac,0.77,100.8,3.4,0,11.9,0
B102392,East,D22,Cardiac,0.78,97.6,5.2,0,4.9,0
B102393,East,D20,Vaccine,0.83,100.6,0.2,0,0.0,0
B102394,Central,D15,Antibiotic,0.67,96.7,1.4,0,0.1,0
B102395,Central,D15,Antibiotic,0.77,99.8,1.0,0,9.0,0
B102396,Central,D15,Antibiotic,0.72,102.4,4.4,0,1.3,0
B102397,West,D17,Vaccine,0.8,101.2,,0,10.7,0
B102398,North,D01,Antibiotic,0.7,97.3,2.5,0,2.8,0
B102399,South,D23,Vaccine,0.94,95.8,2.1,0,0.0,0
B102400,Central,D14,Antidiabetic,0.43,101.1,1.8,0,14.8,0
B102401,North-East,D19,Analgesic,0.2,75.5,21.5,1,35.1,1
B102402,South,D09,Cardiac,0.25,97.9,2.4,0,0.0,0
B102403,North,D01,Antibiotic,0.8,104.6,3.4,0,12.6,0
B102404,North-East,D12,Vaccine,0.59,100.0,0.6,0,8.9,0
B102405,North-East,D12,Antidiabetic,0.67,95.7,4.4,0,5.0,0
B102406,West,D11,Vaccine,0.73,96.6,0.6,0,5.3,0
B102407,Central,D08,Analgesic,0.77,101.7,0.4,0,17.4,0
B102408,North-East,D06,Antidiabetic,0.67,,1.1,0,10.2,0
B102409,Central,D13,Analgesic,0.89,103.3,2.1,0,17.7,0
B102410,South,D09,Vaccine,0.32,97.4,2.4,0,11.3,0
B102411,South,D23,Analgesic,0.76,100.3,4.2,0,9.6,0
B102412,East,D04,Antibiotic,0.8,100.0,,0,2.7,0
B102413,Central,D08,Antibiotic,0.76,99.7,2.5,0,9.1,0
B102414,North,D07,Antibiotic,0.78,99.2,2.4,0,15.1,0
B102415,Central,D13,Antidiabetic,0.86,99.2,0.6,0,8.6,0
B102416,North-East,D12,Cardiac,0.6,75.0,20.5,0,26.0,1
B102417,Central,D15,Vaccine,0.79,97.2,11.3,0,0.0,1
B102418,South,D23,Antibiotic,0.78,100.6,1.0,0,0.0,0
B102419,North,D07,Cardiac,0.87,102.7,0.4,0,4.6,0
B102420,West,D17,Antidiabetic,0.78,97.4,4.7,0,12.7,0
B102421,North,D01,Vaccine,0.74,96.0,1.6,0,0.0,0
B102422,North-East,D06,Vaccine,0.63,102.2,5.3,0,7.2,0
B102423,West,D11,Antidiabetic,0.71,97.9,4.7,0,1.5,0
B102424,North,D01,Antidiabetic,0.72,99.2,5.3,0,8.3,0
B102425,Central,D15,Antidiabetic,0.83,98.7,5.8,0,1.5,0
B102426,West,D17,Vaccine,0.79,98.6,3.1,0,15.4,0
B102427,North,D18,Antibiotic,0.86,96.8,0.7,0,4.4,0
B102428,North-East,D12,Analgesic,0.7,98.7,2.3,0,12.7,0
B102429,Central,D15,Vaccine,0.74,67.4,,0,38.8,1
B102430,North,D10,Antidiabetic,0.85,88.7,1.1,0,5.9,0
B102431,North,D01,Antibiotic,0.73,101.1,0.9,0,0.0,0
B102432,West,D03,Analgesic,0.74,98.9,,0,16.4,0
B102433,Central,D16,Antidiabetic,0.11,80.2,4.5,1,21.5,1
B102434,North-East,D24,Antidiabetic,0.3,98.9,0.1,0,7.4,0
B102435,North,D01,Cardiac,0.69,95.4,1.3,0,10.5,0
B102436,Central,D13,Antidiabetic,0.85,100.7,0.3,1,2.8,0
B102437,North,D18,Antibiotic,0.88,88.7,3.1,0,0.0,0
B102438,East,D20,Vaccine,0.89,,3.4,0,9.3,0
B102439,Central,D13,Antibiotic,0.79,102.6,1.2,0,0.0,0
B102440,Central,D15,Antidiabetic,0.77,98.1,0.1,1,17.4,1
B102441,West,D17,Antidiabetic,0.69,101.5,,0,7.0,0
B102442,West,D21,Antibiotic,0.71,103.8,0.4,0,0.0,0
B102443,West,D03,Antibiotic,0.74,100.1,3.2,0,6.1,0
B102444,East,D22,Vaccine,0.78,99.5,0.2,0,12.0,0
B102445,North,D01,Vaccine,0.72,99.8,0.2,0,2.3,0
B102446,East,D20,Cardiac,0.9,103.6,2.5,0,0.0,0
B102447,Central,D02,Antibiotic,0.66,100.9,1.8,0,7.1,0
B102448,East,D05,Cardiac,0.45,104.7,1.7,0,13.3,0
B102449,North,D01,Analgesic,0.68,100.6,1.8,0,9.6,0
B102450,West,D11,Vaccine,0.68,98.6,5.2,0,,0
B102451,Central,D08,Antibiotic,0.78,98.7,0.2,0,14.7,0
B102452,East,D04,Antidiabetic,0.82,100.1,3.7,1,19.1,0
B102453,West,D11,Analgesic,0.77,95.5,0.6,0,0.0,0
B102454,North,D10,Analgesic,0.85,99.0,6.8,0,0.0,0
B102455,North-East,D19,Vaccine,0.13,99.0,0.2,0,9.2,0
B102456,East,D22,Antidiabetic,0.8,100.5,6.3,0,9.9,0
B102457,Central,D16,Cardiac,0.17,63.8,5.7,0,50.6,1
B102458,West,D03,Cardiac,0.7,100.1,1.1,0,2.5,0
B102459,North,D07,Analgesic,0.79,95.8,2.4,0,20.1,0
B102460,East,D22,Antidiabetic,0.62,98.0,,0,5.5,0
B102461,Central,D02,Vaccine,0.78,100.6,2.2,0,9.5,0
B102462,North,D10,Cardiac,0.84,100.2,1.4,0,20.5,0
B102463,South,D23,Analgesic,0.84,103.6,1.1,0,8.7,0
B102464,South,D23,Analgesic,0.73,102.1,2.6,0,13.5,1
B102465,North,D10,Antidiabetic,0.82,102.0,3.1,0,12.0,0
B102466,Central,D16,Antidiabetic,0.12,87.5,1.3,1,22.0,1
B102467,West,D11,Analgesic,0.8,102.4,0.9,0,5.2,0
B102468,North,D18,Analgesic,0.72,98.0,7.4,0,16.3,0
B102469,North,D01,Antidiabetic,0.64,102.1,0.3,1,7.9,0
B102470,East,D04,Antidiabetic,0.88,99.4,1.1,0,0.9,0
B102471,Central,D15,Cardiac,0.68,96.8,0.8,0,15.6,0
B102472,North-East,D06,Antibiotic,0.54,101.3,1.8,0,0.0,0
B102473,Central,D16,Vaccine,0.24,103.1,1.4,0,19.0,0
B102474,Central,D08,Antidiabetic,0.82,99.1,0.1,0,6.7,0
B102475,East,D22,Cardiac,0.81,103.4,,0,8.1,0
B102476,East,D20,Cardiac,0.98,96.4,3.8,0,8.6,0
B102477,North-East,D12,Cardiac,0.64,97.4,7.6,0,17.3,0
B102478,North-East,D19,Analgesic,0.09,99.7,2.4,0,9.2,0
B102479,North-East,D06,Analgesic,0.56,99.2,0.5,0,7.8,0
B102480,North-East,D12,Cardiac,0.67,98.5,0.6,0,1.3,0
B102481,East,D05,Vaccine,0.49,100.3,6.3,0,3.0,0
B102482,West,D21,Cardiac,0.8,98.8,9.0,0,12.5,1
B102483,East,D20,Cardiac,0.97,99.2,1.9,0,9.6,0
B102484,East,D22,Cardiac,0.84,100.6,0.4,0,19.8,0
B102485,West,D21,Vaccine,0.85,98.5,2.1,0,2.3,0
B102486,South,D23,Cardiac,0.91,99.8,3.9,0,0.0,0
B102487,North-East,D06,Antibiotic,0.55,98.6,0.9,0,10.1,0
B102488,South,D23,Antibiotic,0.69,97.3,1.9,0,7.4,0
B102489,Central,D13,Analgesic,0.92,101.7,0.2,0,0.0,0
B102490,North,D10,Antibiotic,0.79,103.8,0.5,0,4.4,0
B102491,Central,D13,Antidiabetic,0.86,102.3,0.3,0,12.9,0
B102492,Central,D08,Antidiabetic,0.65,100.7,6.1,0,0.0,0
B102493,North,D07,Antibiotic,0.73,98.6,3.5,0,0.0,0
B102494,North-East,D06,Cardiac,0.5,99.4,2.0,1,,0
B102495,Central,D02,Analgesic,0.71,102.3,2.5,0,3.0,0
B102496,North-East,D12,Cardiac,0.63,95.0,0.3,0,13.6,0
B102497,East,D22,Antidiabetic,0.77,99.2,0.2,0,4.1,0
B102498,Central,D15,Analgesic,0.79,101.6,0.5,0,19.4,0
B102499,North-East,D12,Antibiotic,0.7,97.5,0.3,0,0.7,0
B102500,North,D10,Antibiotic,0.74,100.9,3.9,0,10.6,0
B102501,West,D11,Analgesic,0.79,100.8,0.2,0,7.7,0
B102502,East,D05,Antidiabetic,0.53,96.8,6.8,0,8.0,0
B102503,East,D20,Analgesic,0.92,100.2,8.3,0,0.0,0
B102504,East,D05,Vaccine,0.52,87.4,1.9,0,18.1,1
B102505,West,D17,Antibiotic,0.79,100.9,,1,6.8,0
B102506,North,D18,Antidiabetic,0.76,101.5,3.0,0,0.0,0
B102507,Central,D14,Vaccine,0.45,100.9,1.9,0,0.0,0
B102508,West,D21,Cardiac,0.9,100.2,,0,0.0,0
B102509,North,D07,Cardiac,0.74,100.6,1.5,1,10.4,0
B102510,West,D21,Vaccine,0.77,97.4,0.4,0,11.3,0
B102511,North,D18,Antibiotic,0.8,99.9,3.7,0,0.0,0
B102512,East,D20,Vaccine,0.86,98.2,1.8,0,6.6,0
B102513,Central,D16,Vaccine,0.08,77.9,,0,34.9,1
B102514,West,D21,Cardiac,0.81,101.5,0.3,0,17.3,0
B102515,North-East,D24,Cardiac,0.38,69.6,1.1,0,31.8,1
B102516,North,D10,Antibiotic,0.83,103.8,3.9,0,14.4,0
B102517,East,D20,Analgesic,0.94,99.3,0.4,0,4.2,0
B102518,North,D18,Antibiotic,0.68,98.8,2.4,0,7.7,0
B102519,West,D11,Antibiotic,0.78,99.2,11.8,0,8.5,0
B102520,East,D22,Cardiac,0.77,96.5,3.2,0,6.5,0
B102521,North,D10,Cardiac,0.8,96.6,0.6,0,0.0,0
B102522,Central,D13,Cardiac,0.88,101.4,4.0,0,18.1,0
B102523,West,D03,Antibiotic,0.7,96.9,1.8,0,11.0,0
B102524,East,D05,Analgesic,0.46,82.0,3.9,1,38.7,1
B102525,West,D21,Analgesic,0.85,99.8,0.9,1,12.6,0
B102526,North,D10,Antidiabetic,0.91,99.1,7.2,0,5.0,0
B102527,North,D10,Cardiac,0.82,101.9,0.2,0,0.0,1
B102528,North-East,D06,Antidiabetic,0.54,100.1,24.9,0,13.3,0
B102529,North-East,D12,Antibiotic,0.65,98.2,13.9,0,12.8,0
B102530,East,D20,Analgesic,0.98,102.1,7.8,0,10.0,0
B102531,East,D22,Cardiac,0.7,101.6,2.6,0,23.1,0
B102532,Central,D02,Vaccine,0.77,86.4,3.3,0,4.0,0
B102533,Central,D14,Analgesic,0.42,100.6,1.2,0,5.8,0
B102534,West,D11,Analgesic,0.77,98.4,1.2,0,9.4,0
B102535,Central,D15,Antidiabetic,0.68,98.4,10.4,0,4.5,0
B102536,West,D11,Antibiotic,0.72,104.1,2.7,0,6.4,0
B102537,North,D10,Antidiabetic,0.93,100.3,0.1,0,15.2,0
B102538,West,D11,Analgesic,0.67,,0.7,0,3.5,0
B102539,Central,D14,Analgesic,0.49,85.8,5.6,0,3.9,1
B102540,North-East,D12,Analgesic,0.76,101.9,0.1,0,12.0,0
B102541,West,D11,Vaccine,0.8,98.5,0.6,0,0.0,0
B102542,East,D20,Antidiabetic,0.85,98.8,0.1,0,7.4,0
B102543,North,D18,Antidiabetic,0.73,101.4,0.9,0,7.1,0
B102544,Central,D08,Antidiabetic,0.71,96.7,0.0,0,,0
B102545,East,D20,Antidiabetic,0.94,102.2,,0,13.6,0
B102546,West,D21,Cardiac,0.84,96.5,1.1,0,6.9,0
B102547,East,D04,Analgesic,0.77,99.5,4.4,0,7.4,0
B102548,Central,D14,Antidiabetic,0.41,96.5,2.5,0,7.8,0
B102549,North,D07,Antibiotic,0.73,97.7,3.5,0,5.8,0
B102550,North,D18,Cardiac,0.79,102.9,2.7,0,17.0,0
B102551,North-East,D06,Analgesic,0.71,102.3,3.6,0,11.5,0
B102552,Central,D16,Cardiac,0.13,102.5,6.4,0,16.9,0
B102553,North-East,D06,Vaccine,0.54,96.8,6.7,0,1.9,0
B102554,North-East,D12,Vaccine,0.59,97.7,2.8,0,16.8,0
B102555,South,D23,Antibiotic,0.84,96.9,0.9,0,8.8,0
B102556,South,D09,Analgesic,0.24,101.6,2.0,0,12.8,0
B102557,West,D21,Analgesic,0.77,98.2,4.8,0,0.0,0
B102558,North-East,D24,Antibiotic,0.27,98.7,2.1,0,19.4,0
B102559,West,D21,Antibiotic,0.78,97.5,0.3,0,11.1,0
B102560,East,D04,Analgesic,0.87,103.6,,0,21.0,0
B102561,East,D20,Vaccine,1.0,99.0,1.3,0,15.8,0
B102562,North,D01,Cardiac,0.73,66.5,1.6,0,40.7,1
B102563,North,D10,Antibiotic,0.83,100.2,5.6,0,18.7,0
B102564,West,D21,Analgesic,0.79,102.4,1.6,0,9.3,0
B102565,West,D17,Antibiotic,0.7,97.9,0.9,0,12.5,0
B102566,Central,D13,Analgesic,0.92,102.6,1.4,0,11.8,0
B102567,South,D09,Analgesic,0.28,97.2,1.0,0,7.3,0
B102568,East,D20,Analgesic,0.9,102.6,2.0,0,5.2,0
B102569,West,D17,Analgesic,0.85,96.2,2.4,0,12.9,0
B102570,West,D11,Analgesic,0.76,99.8,1.5,0,2.2,0
B102571,East,D22,Antibiotic,0.82,103.6,1.0,0,8.2,0
B102572,North-East,D06,Analgesic,0.61,101.5,0.3,0,17.8,0
B102573,East,D04,Vaccine,0.84,100.9,0.1,0,0.0,0
B102574,Central,D15,Cardiac,0.66,97.7,1.9,0,6.6,0
B102575,South,D23,Analgesic,0.8,98.4,13.1,0,16.2,0
B102576,North-East,D06,Cardiac,0.64,103.0,5.0,0,2.3,0
B102577,North-East,D06,Analgesic,0.56,101.0,0.2,0,0.0,0
B102578,East,D04,Antibiotic,0.88,102.0,5.2,0,0.0,0
B102579,West,D21,Vaccine,0.76,100.2,1.4,0,4.7,0
B102580,East,D05,Antibiotic,0.57,99.4,7.0,0,19.8,0
B102581,North-East,D12,Analgesic,0.68,101.7,4.6,0,2.7,0
B102582,North-East,D24,Cardiac,0.22,100.6,8.3,0,6.0,0
B102583,North,D01,Cardiac,0.68,99.6,2.5,1,8.4,0
B102584,Central,D13,Analgesic,0.93,96.9,6.2,0,15.7,0
B102585,North-East,D12,Antibiotic,0.58,102.1,1.1,0,14.0,0
B102586,East,D20,Antidiabetic,0.87,101.0,6.2,0,6.9,1
B102587,Central,D08,Antibiotic,0.75,98.7,2.4,1,12.2,0
B102588,North,D10,Vaccine,0.96,78.4,3.8,0,7.3,1
B102589,East,D04,Antidiabetic,0.81,100.5,3.1,0,0.0,0
B102590,North,D18,Vaccine,0.83,100.6,0.0,0,5.4,0
B102591,North-East,D19,Antibiotic,0.12,101.9,,0,0.0,0
B102592,East,D04,Vaccine,0.81,101.5,6.7,0,2.9,0
B102593,North,D10,Analgesic,0.85,100.6,1.4,1,12.6,0
B102594,East,D22,Antibiotic,0.74,99.6,5.3,0,0.0,0
B102595,North,D01,Cardiac,0.67,104.4,0.8,1,24.2,0
B102596,North,D07,Analgesic,0.68,98.4,,0,12.6,0
B102597,Central,D13,Vaccine,0.87,101.6,2.1,0,3.9,0
B102598,Central,D08,Antibiotic,0.81,99.8,3.1,0,7.1,0
B102599,North-East,D06,Cardiac,0.6,101.0,14.0,0,0.0,0
B102600,West,D11,Vaccine,0.82,102.7,0.2,0,0.0,0
B102601,East,D04,Cardiac,0.88,99.3,0.8,0,5.3,0
B102602,Central,D13,Analgesic,0.87,101.3,4.2,0,17.2,0
B102603,West,D17,Antibiotic,0.74,100.6,0.8,0,0.0,0
B102604,Central,D14,Analgesic,0.43,98.6,0.2,0,16.6,0
B102605,West,D03,Analgesic,0.6,102.8,3.5,0,6.7,0
B102606,West,D21,Analgesic,0.81,101.6,4.4,0,9.7,0
B102607,East,D04,Cardiac,0.86,99.0,0.2,0,8.5,0
B102608,North-East,D19,Antidiabetic,0.2,102.4,,0,13.4,0
B102609,Central,D08,Cardiac,0.79,76.0,3.1,0,55.2,1
B102610,North-East,D19,Analgesic,0.05,108.0,1.5,1,12.9,1
B102611,East,D05,Analgesic,0.44,99.1,1.3,0,11.6,0
B102612,East,D05,Analgesic,0.51,101.7,2.5,0,17.1,0
B102613,North-East,D12,Vaccine,0.71,98.9,6.2,0,13.7,0
B102614,North,D01,Cardiac,0.68,101.7,2.1,0,5.1,0
B102615,East,D05,Antidiabetic,0.56,101.3,4.2,0,6.6,0
B102616,North,D18,Vaccine,0.79,99.2,1.0,0,1.1,0
B102617,West,D21,Antidiabetic,0.87,104.0,1.9,0,20.7,0
B102618,Central,D02,Cardiac,0.64,98.4,,0,10.1,0
B102619,East,D22,Analgesic,0.87,96.9,,0,0.0,0
B102620,East,D20,Antidiabetic,0.86,101.9,4.7,0,2.1,0
B102621,West,D21,Antibiotic,0.88,95.3,0.8,1,6.9,0
B102622,West,D17,Antibiotic,0.76,103.3,0.8,0,17.4,0
B102623,West,D17,Vaccine,0.77,100.2,12.1,0,6.7,0
B102624,North-East,D12,Analgesic,0.64,96.9,5.6,0,,0
B102625,Central,D16,Vaccine,0.2,97.9,4.5,0,3.0,0
B102626,East,D22,Antidiabetic,0.8,96.4,1.0,0,12.5,0
B102627,West,D03,Vaccine,0.75,100.8,0.0,0,17.1,0
B102628,North,D07,Vaccine,0.87,97.1,1.2,0,13.5,0
B102629,Central,D02,Analgesic,0.76,101.1,1.5,0,0.0,0
B102630,South,D23,Antibiotic,0.91,99.3,1.5,0,6.9,0
B102631,West,D11,Cardiac,0.76,96.2,,0,0.0,1
B102632,West,D17,Vaccine,0.84,101.1,1.7,0,12.7,0
B102633,West,D21,Antidiabetic,0.85,101.4,2.6,0,8.5,0
B102634,North-East,D24,Cardiac,0.26,102.5,1.3,0,20.0,0
B102635,East,D04,Antibiotic,0.86,98.6,1.1,0,5.7,0
B102636,East,D20,Antibiotic,0.96,99.9,8.6,0,8.5,0
B102637,East,D22,Antibiotic,0.77,98.6,1.5,1,7.1,0
B102638,Central,D02,Antidiabetic,0.76,100.4,2.0,0,13.0,0
B102639,North,D18,Cardiac,0.86,98.3,,0,1.2,0
B102640,Central,D08,Analgesic,0.76,99.1,1.7,0,1.0,0
B102641,Central,D16,Antibiotic,0.02,99.1,1.5,0,4.1,0
B102642,North-East,D12,Antidiabetic,0.76,100.6,0.1,0,12.1,0
B102643,North-East,D06,Antibiotic,0.58,100.0,6.9,0,15.3,0
B102644,West,D03,Cardiac,0.64,101.1,1.4,1,7.3,0
B102645,West,D03,Cardiac,0.62,99.8,0.9,0,12.1,0
B102646,West,D03,Vaccine,0.67,98.7,,0,11.6,0
B102647,Central,D15,Analgesic,0.68,100.4,3.5,0,7.6,0
B102648,Central,D08,Antibiotic,0.71,98.0,0.1,0,,0
B102649,East,D05,Vaccine,0.48,101.3,,1,13.3,0
B102650,West,D17,Antidiabetic,0.81,99.4,0.6,0,21.4,0
B102651,West,D17,Cardiac,0.9,100.4,7.6,0,14.9,0
B102652,Central,D13,Cardiac,0.92,100.5,7.7,0,16.4,0
B102653,South,D23,Analgesic,0.87,103.5,0.2,0,22.3,0
B102654,South,D09,Antibiotic,0.22,100.8,1.1,0,3.1,0
B102655,East,D20,Cardiac,0.94,100.2,3.2,0,12.9,0
B102656,Central,D02,Analgesic,0.77,98.5,0.3,0,18.2,0
B102657,North,D18,Antibiotic,0.76,101.8,0.6,0,14.6,0
B102658,North-East,D24,Analgesic,0.26,100.5,3.8,0,24.2,1
B102659,West,D21,Analgesic,0.88,96.6,0.9,0,2.4,0
B102660,Central,D14,Cardiac,0.53,99.6,2.5,0,19.4,0
B102661,Central,D15,Antibiotic,0.72,100.4,0.7,1,10.9,0
B102662,Central,D08,Antidiabetic,0.69,98.2,3.1,0,10.1,0
B102663,West,D17,Vaccine,0.76,95.3,5.9,0,8.1,0
B102664,North-East,D19,Vaccine,0.02,99.8,3.1,0,18.6,0
B102665,North-East,D24,Antibiotic,0.29,99.9,10.7,0,14.8,0
B102666,North-East,D12,Cardiac,0.67,102.7,0.3,0,6.7,0
B102667,Central,D02,Vaccine,0.72,97.1,1.4,0,14.4,0
B102668,Central,D14,Analgesic,0.48,69.7,4.8,1,40.4,1
B102669,West,D03,Antibiotic,0.72,99.9,0.6,0,14.1,0
B102670,North-East,D06,Cardiac,0.61,101.3,0.5,0,17.5,0
B102671,Central,D08,Cardiac,0.69,100.3,0.1,0,16.7,1
B102672,North,D18,Vaccine,0.79,96.2,,0,0.0,0
B102673,East,D05,Antidiabetic,0.55,97.7,3.6,0,11.6,0
B102674,East,D04,Antibiotic,0.94,98.8,0.4,0,18.3,0
B102675,North,D01,Antibiotic,0.68,102.2,4.1,0,3.0,0
B102676,West,D21,Analgesic,0.86,97.0,6.3,0,21.9,0
B102677,West,D17,Cardiac,0.83,98.1,3.2,0,12.3,0
B102678,North,D01,Vaccine,0.68,100.4,7.0,0,14.7,0
B102679,North,D01,Analgesic,0.77,101.0,0.1,0,14.7,0
B102680,Central,D13,Vaccine,0.94,101.0,6.0,0,0.0,0
B102681,North,D07,Analgesic,0.86,97.8,1.8,1,15.0,0
B102682,Central,D14,Cardiac,0.49,96.5,0.7,0,11.5,0
B102683,North,D10,Antidiabetic,0.98,101.2,0.4,0,4.9,0
B102684,East,D22,Analgesic,0.73,103.2,,0,19.4,0
B102685,North,D07,Analgesic,0.91,99.2,0.6,0,0.0,0
B102686,West,D17,Analgesic,0.82,97.5,0.2,0,3.7,0
B102687,Central,D02,Vaccine,0.82,99.1,2.1,0,18.2,0
B102688,South,D23,Vaccine,0.78,100.9,10.3,0,15.1,0
B102689,North-East,D24,Antidiabetic,0.34,99.5,1.2,0,,0
B102690,North,D18,Antibiotic,0.89,103.1,1.5,0,3.0,0
B102691,West,D11,Cardiac,0.69,102.0,0.4,0,6.9,0
B102692,East,D05,Antibiotic,0.51,100.4,2.0,0,10.7,1
B102693,East,D20,Cardiac,0.8,95.7,0.8,0,5.6,0
B102694,North,D18,Antibiotic,0.79,98.5,1.7,0,8.1,0
B102695,East,D05,Antidiabetic,0.47,55.7,0.9,0,7.7,1
B102696,West,D11,Cardiac,0.74,98.4,0.8,0,6.4,0
B102697,West,D11,Antibiotic,0.93,100.4,0.6,0,5.7,0
B102698,East,D20,Cardiac,1.0,100.5,,0,0.7,0
B102699,West,D17,Analgesic,0.69,96.3,2.5,0,8.7,0
B102700,Central,D15,Vaccine,0.75,101.8,0.4,0,8.6,0
B102701,Central,D16,Vaccine,0.24,100.0,2.1,0,2.3,0
B102702,North-East,D06,Cardiac,0.57,100.8,0.9,0,10.9,0
B102703,South,D09,Cardiac,0.25,101.6,1.8,0,17.1,0
B102704,Central,D02,Vaccine,0.76,98.3,0.0,0,9.3,0
B102705,North-East,D19,Antidiabetic,0.02,68.6,8.0,0,10.8,1
B102706,North,D10,Vaccine,0.77,99.7,0.2,0,15.8,0
B102707,West,D11,Antibiotic,0.77,103.3,1.4,0,8.6,0
B102708,North-East,D06,Analgesic,0.6,98.0,8.1,0,15.1,1
B102709,East,D05,Antibiotic,0.48,103.2,,0,0.0,0
B102710,Central,D14,Vaccine,0.41,98.0,2.7,0,3.9,0
B102711,North-East,D06,Analgesic,0.59,105.6,0.6,1,1.2,0
B102712,Central,D02,Vaccine,0.79,104.9,1.5,0,40.6,1
B102713,North-East,D19,Antibiotic,0.1,66.2,11.5,1,48.4,1
B102714,South,D09,Cardiac,0.34,99.2,10.8,0,0.4,0
B102715,South,D09,Analgesic,0.2,87.9,1.7,0,2.0,0
B102716,North,D10,Cardiac,0.85,64.2,3.9,0,11.4,1
B102717,East,D20,Analgesic,0.91,96.4,1.3,0,11.2,0
B102718,Central,D08,Analgesic,0.79,93.8,2.8,0,10.2,0
B102719,North,D18,Vaccine,0.76,105.5,1.0,0,5.9,0
B102720,South,D23,Cardiac,0.92,100.2,1.0,0,2.7,0
B102721,Central,D16,Antibiotic,0.09,90.5,22.3,0,33.1,1
B102722,North,D10,Antibiotic,0.94,100.7,2.5,0,26.9,0
B102723,North,D18,Cardiac,0.81,93.5,1.0,0,6.2,0
B102724,West,D11,Cardiac,0.79,98.4,2.2,1,,0
B102725,North,D10,Analgesic,0.92,98.4,4.3,0,6.8,0
B102726,North-East,D12,Antibiotic,0.71,100.0,2.5,0,15.7,0
B102727,North,D07,Antibiotic,0.74,102.6,3.2,0,13.1,0
B102728,West,D03,Analgesic,0.73,100.2,1.6,0,8.6,0
B102729,North,D10,Cardiac,0.95,103.2,0.1,0,13.3,0
B102730,West,D03,Analgesic,0.64,102.5,3.2,0,17.2,0
B102731,North,D10,Antibiotic,0.96,99.5,0.8,0,9.3,0
B102732,Central,D13,Antibiotic,0.9,96.5,1.4,0,7.6,0
B102733,South,D23,Analgesic,0.78,99.5,3.1,0,13.5,0
B102734,North,D01,Cardiac,0.64,101.2,0.3,0,20.3,0
B102735,Central,D15,Antibiotic,0.7,100.1,0.5,0,,0
B102736,West,D11,Antibiotic,0.64,101.4,0.1,0,0.0,0
B102737,North,D01,Vaccine,0.67,101.9,2.1,0,,0
B102738,North-East,D06,Antibiotic,0.58,101.2,1.5,0,5.1,0
B102739,West,D03,Analgesic,0.63,99.4,0.9,1,17.6,0
B102740,East,D05,Antibiotic,0.57,103.7,6.0,0,57.7,1
B102741,North,D07,Analgesic,0.77,104.9,,0,5.6,0
B102742,North,D10,Cardiac,0.8,96.7,,0,16.1,0
B102743,Central,D13,Antidiabetic,0.85,101.1,0.4,0,14.0,0
B102744,North,D01,Antidiabetic,0.72,104.0,0.9,0,0.9,0
B102745,East,D04,Vaccine,0.85,97.4,1.0,0,13.0,0
B102746,West,D03,Antibiotic,0.65,102.2,2.5,0,4.2,0
B102747,Central,D13,Vaccine,0.88,102.5,0.1,0,11.9,1
B102748,Central,D08,Cardiac,0.76,96.8,1.1,0,9.3,0
B102749,Central,D13,Antibiotic,0.8,,2.3,0,7.7,0
B102750,East,D05,Vaccine,0.51,99.4,6.0,0,4.5,0
B102751,North,D01,Vaccine,0.73,99.9,1.2,0,0.0,0
B102752,South,D23,Antibiotic,0.84,99.3,9.0,0,4.4,0
B102753,West,D03,Cardiac,0.68,102.9,1.3,0,13.7,0
B102754,West,D03,Cardiac,0.73,99.8,0.1,0,12.1,0
B102755,East,D04,Analgesic,0.79,99.0,4.3,0,3.0,0
B102756,North-East,D24,Antidiabetic,0.23,99.0,10.0,0,16.6,0
B102757,Central,D15,Antibiotic,0.7,99.2,0.5,1,11.4,0
B102758,Central,D15,Antibiotic,0.81,97.6,,0,13.2,0
B102759,North-East,D24,Vaccine,0.3,99.0,5.6,0,1.7,0
B102760,Central,D02,Cardiac,0.72,100.3,1.4,0,21.6,0
B102761,North-East,D24,Analgesic,0.38,92.0,2.5,1,12.3,1
B102762,East,D05,Antibiotic,0.51,102.6,0.0,0,19.7,0
B102763,Central,D15,Antidiabetic,0.85,100.5,10.8,0,4.6,0
B102764,North,D10,Vaccine,0.81,99.0,1.2,1,0.0,0
B102765,South,D09,Vaccine,0.18,97.8,1.8,0,2.4,0
B102766,South,D23,Analgesic,0.79,100.6,9.2,0,16.3,0
B102767,East,D04,Antidiabetic,0.83,99.7,3.4,0,1.1,0
B102768,North-East,D24,Cardiac,0.24,99.8,,0,19.5,0
B102769,South,D09,Antidiabetic,0.4,100.6,0.7,0,4.0,0
B102770,Central,D16,Antibiotic,0.21,101.1,0.3,0,11.7,0
B102771,South,D23,Analgesic,0.83,100.6,23.3,0,10.7,0
B102772,Central,D02,Cardiac,0.71,99.6,0.3,0,6.9,0
B102773,East,D22,Analgesic,0.73,98.2,1.8,0,6.9,0
B102774,Central,D13,Vaccine,0.93,98.7,27.4,0,2.1,0
B102775,West,D17,Antidiabetic,0.68,101.9,5.8,0,22.7,0
B102776,East,D04,Antibiotic,0.78,99.1,2.0,0,12.6,0
B102777,Central,D13,Analgesic,0.86,,0.4,0,0.0,0
B102778,West,D17,Antidiabetic,0.86,102.6,1.3,0,0.0,0
B102779,West,D11,Antidiabetic,0.73,,3.3,1,21.7,1
B102780,East,D04,Antidiabetic,0.87,100.1,1.4,0,8.9,0
B102781,North-East,D06,Antidiabetic,0.6,101.1,6.9,1,0.0,0
B102782,West,D21,Antibiotic,0.91,100.0,1.1,1,26.8,0
B102783,North,D01,Antidiabetic,0.6,94.5,4.2,0,0.0,0
B102784,West,D17,Analgesic,0.82,100.9,1.8,0,5.8,0
B102785,North-East,D24,Cardiac,0.28,102.9,1.9,0,9.1,0
B102786,North,D01,Vaccine,0.75,101.7,2.5,0,4.2,0
B102787,East,D04,Cardiac,0.8,90.1,3.3,1,22.3,1
B102788,West,D17,Analgesic,0.78,104.7,1.6,0,12.6,0
B102789,Central,D02,Cardiac,0.73,97.1,2.3,0,10.0,0
B102790,Central,D14,Antibiotic,0.4,97.6,6.8,0,8.5,0
B102791,West,D17,Antibiotic,0.7,101.7,0.4,0,12.8,0
B102792,Central,D14,Analgesic,0.43,101.0,,0,7.5,0
B102793,South,D09,Antibiotic,0.25,100.2,2.9,1,0.0,0
B102794,West,D17,Cardiac,0.73,98.7,3.0,0,15.8,0
B102795,Central,D14,Vaccine,0.44,102.9,1.8,0,21.3,0
B102796,East,D05,Analgesic,0.41,99.9,,0,9.6,0
B102797,Central,D13,Antibiotic,0.85,96.6,0.2,0,9.7,0
B102798,East,D22,Antibiotic,0.83,102.7,,0,8.8,0
B102799,Central,D16,Analgesic,0.23,100.5,3.3,0,0.0,0
B102800,West,D11,Vaccine,0.75,102.5,2.6,0,5.2,0
B102801,Central,D08,Antibiotic,0.77,101.3,3.1,0,14.6,0
B102802,Central,D02,Antibiotic,0.69,105.3,1.8,0,10.8,0
B102803,North-East,D06,Antibiotic,0.69,99.3,16.9,0,21.0,0
B102804,North,D01,Analgesic,0.82,100.0,1.2,0,14.3,0
B102805,North-East,D24,Antibiotic,0.3,101.6,4.9,0,6.2,0
B102806,East,D05,Vaccine,0.68,99.3,0.8,0,13.8,0
B102807,East,D20,Cardiac,0.89,101.8,2.0,0,7.7,0
B102808,East,D04,Analgesic,0.77,93.5,0.0,0,0.0,0
B102809,North,D07,Analgesic,0.74,99.8,3.6,0,16.4,0
B102810,North,D10,Vaccine,0.82,99.8,1.5,0,12.6,0
B102811,Central,D08,Antidiabetic,0.9,99.7,3.8,0,29.6,0
B102812,East,D20,Analgesic,0.91,98.1,,0,5.3,0
B102813,South,D23,Vaccine,0.75,102.0,0.0,0,14.2,1
B102814,West,D21,Antidiabetic,0.77,98.9,6.4,0,3.9,0
B102815,East,D04,Cardiac,0.92,100.4,2.1,0,,0
B102816,North-East,D19,Analgesic,0.16,99.9,2.8,0,25.4,0
B102817,East,D04,Antidiabetic,0.82,101.1,16.0,0,0.0,0
B102818,East,D22,Antibiotic,0.66,103.1,5.9,0,8.8,0
B102819,North-East,D12,Cardiac,0.59,100.4,1.9,0,21.2,0
B102820,Central,D08,Cardiac,0.86,90.4,2.1,0,0.0,0
B102821,East,D04,Vaccine,0.89,100.3,0.8,0,5.4,0
B102822,North,D01,Vaccine,0.7,98.9,5.4,0,15.4,0
B102823,North-East,D06,Antibiotic,0.71,99.7,0.8,0,0.6,0
B102824,East,D22,Antidiabetic,0.89,99.4,1.3,0,11.3,0
B102825,East,D20,Antibiotic,0.93,101.2,5.1,0,3.5,0
B102826,South,D23,Vaccine,0.8,85.9,2.4,0,18.4,0
B102827,West,D03,Cardiac,0.66,98.3,12.8,1,18.1,0
B102828,Central,D14,Cardiac,0.44,99.5,,0,5.6,0
B102829,North-East,D06,Antibiotic,0.51,96.6,0.5,0,0.0,0
B102830,Central,D13,Cardiac,0.78,99.6,3.5,0,12.6,0
B102831,Central,D08,Analgesic,0.66,100.0,3.2,0,16.2,0
B102832,North,D07,Cardiac,0.85,104.0,0.8,0,12.7,0
B102833,Central,D14,Antibiotic,0.37,103.0,2.3,0,11.8,0
B102834,East,D05,Antibiotic,0.64,97.7,0.9,0,10.8,0
B102835,West,D11,Analgesic,0.71,100.4,4.1,0,6.6,0
B102836,Central,D16,Antibiotic,0.29,100.5,9.4,1,3.6,0
B102837,West,D03,Analgesic,0.67,99.5,0.4,0,9.2,0
B102838,South,D23,Antibiotic,0.71,99.6,2.6,0,7.3,0
B102839,North-East,D12,Cardiac,0.74,99.2,0.4,0,13.7,0
B102840,East,D20,Antidiabetic,1.0,104.1,2.5,0,2.9,0
B102841,Central,D16,Cardiac,0.13,74.1,0.6,0,37.9,1
B102842,West,D17,Antidiabetic,0.76,100.8,0.4,0,9.4,0
B102843,West,D17,Antidiabetic,0.72,94.4,2.6,0,3.5,0
B102844,West,D21,Analgesic,0.82,101.8,0.2,0,0.0,0
B102845,Central,D15,Vaccine,0.72,102.6,0.3,0,13.2,0
B102846,North,D07,Antidiabetic,0.76,97.7,3.6,0,,0
B102847,West,D03,Antidiabetic,0.58,98.9,0.3,0,10.0,0
B102848,Central,D15,Antidiabetic,0.68,101.0,3.5,0,12.5,0
B102849,Central,D02,Cardiac,0.78,100.0,1.3,0,18.7,0
B102850,North-East,D06,Antibiotic,0.58,101.0,5.0,0,24.9,0
B102851,Central,D02,Antidiabetic,0.72,99.4,0.7,0,17.9,0
B102852,Central,D13,Antidiabetic,0.82,104.1,1.9,0,3.8,0
B102853,East,D04,Cardiac,0.81,98.5,,0,6.6,0
B102854,Central,D15,Antidiabetic,0.8,105.9,0.2,0,10.8,0
B102855,North-East,D19,Analgesic,0.03,102.7,1.1,0,8.3,0
B102856,East,D20,Antidiabetic,0.97,101.8,2.3,0,9.8,0
B102857,North,D07,Antibiotic,0.78,98.7,3.2,1,28.9,0
B102858,Central,D13,Antidiabetic,0.89,102.0,2.2,0,,0
B102859,Central,D13,Antibiotic,0.83,101.3,2.2,0,15.1,0
B102860,West,D11,Vaccine,0.73,95.3,0.2,0,0.8,0
B102861,Central,D16,Antibiotic,0.19,84.1,4.4,1,38.4,1
B102862,East,D05,Analgesic,0.49,100.8,4.5,0,0.0,0
B102863,North-East,D24,Antibiotic,0.31,99.7,7.8,0,16.5,0
B102864,West,D03,Antidiabetic,0.72,98.9,0.9,0,7.3,0
B102865,East,D20,Analgesic,1.0,102.4,1.6,0,0.0,0
B102866,Central,D14,Antidiabetic,0.48,98.1,2.2,0,6.7,0
B102867,North-East,D06,Vaccine,0.48,99.0,0.8,0,12.0,0
B102868,North,D18,Antibiotic,0.87,93.7,0.1,0,0.0,0
B102869,Central,D02,Cardiac,0.73,101.1,0.4,0,2.5,0
B102870,North-East,D19,Cardiac,0.22,96.2,1.2,0,5.9,0
B102871,Central,D14,Analgesic,0.55,98.9,9.3,0,14.5,0
B102872,West,D03,Cardiac,0.66,96.2,0.1,0,0.0,0
B102873,Central,D02,Cardiac,0.78,99.3,4.7,0,11.8,0
B102874,North,D18,Analgesic,0.77,101.6,0.3,0,6.8,0
B102875,North,D07,Antidiabetic,0.78,101.6,,0,16.1,0
B102876,East,D22,Cardiac,0.81,98.4,2.1,0,11.4,0
B102877,North,D18,Cardiac,0.87,101.2,1.6,0,18.1,0
B102878,West,D17,Vaccine,0.83,99.6,1.1,0,,0
B102879,North,D07,Antibiotic,0.79,103.0,0.1,0,0.1,0
B102880,West,D17,Antibiotic,0.93,99.7,18.1,0,11.6,0
B102881,South,D23,Cardiac,0.78,93.5,3.3,1,12.1,0
B102882,West,D03,Cardiac,0.59,102.0,0.1,0,3.7,0
B102883,Central,D08,Vaccine,0.67,99.0,,0,,0
B102884,North-East,D06,Analgesic,0.68,99.4,2.4,0,0.0,0
B102885,North,D10,Antibiotic,0.83,100.7,1.0,0,13.7,1
B102886,North,D18,Vaccine,0.81,96.9,8.0,0,7.5,0
B102887,West,D11,Antidiabetic,0.72,,,0,,0
B102888,Central,D13,Analgesic,0.85,101.2,,0,1.4,0
B102889,North,D07,Antibiotic,0.73,100.8,5.7,0,5.0,0
B102890,East,D04,Analgesic,0.88,98.7,0.4,0,11.5,0
B102891,North-East,D06,Vaccine,0.59,67.9,3.5,1,33.4,1
B102892,West,D21,Cardiac,0.85,97.8,3.6,0,6.1,0
B102893,Central,D15,Antidiabetic,0.74,98.6,5.8,0,0.0,0
B102894,South,D09,Analgesic,0.22,99.7,2.9,0,6.0,0
B102895,North-East,D19,Analgesic,0.02,101.3,2.5,0,2.6,0
B102896,Central,D02,Vaccine,0.65,99.3,3.3,0,6.9,0
B102897,North-East,D06,Analgesic,0.78,102.7,2.5,0,12.7,0
B102898,North-East,D06,Vaccine,0.68,100.6,0.4,0,4.6,0
B102899,North-East,D24,Antibiotic,0.37,100.2,1.5,0,20.1,0
B102900,West,D17,Antidiabetic,0.74,100.6,4.1,0,4.3,0
B102901,Central,D15,Analgesic,0.72,91.8,21.0,1,32.3,1
B102902,North,D01,Analgesic,0.65,100.5,1.0,0,6.8,0
B102903,East,D05,Antibiotic,0.44,96.0,1.9,0,4.1,0
B102904,Central,D15,Cardiac,0.68,102.4,5.5,0,32.2,0
B102905,South,D09,Antibiotic,0.32,100.3,0.6,0,5.1,1
B102906,East,D22,Analgesic,0.82,101.5,2.1,0,0.0,0
B102907,North-East,D19,Cardiac,0.04,99.1,8.5,0,8.3,0
B102908,West,D11,Analgesic,0.74,96.0,2.9,0,6.9,0
B102909,North,D18,Antidiabetic,0.85,95.0,1.5,0,0.0,0
B102910,North-East,D24,Antibiotic,0.25,97.9,1.0,0,10.5,0
B102911,West,D11,Cardiac,0.76,101.1,0.0,0,12.0,0
B102912,Central,D15,Antidiabetic,0.74,102.9,2.8,0,8.6,0
B102913,East,D22,Analgesic,0.79,100.7,3.9,0,6.1,0
B102914,North-East,D06,Cardiac,0.61,97.7,3.1,0,5.4,0
B102915,East,D22,Vaccine,0.73,98.3,0.3,0,3.6,0
B102916,West,D03,Cardiac,0.66,103.0,1.3,0,0.0,0
B102917,Central,D16,Antidiabetic,0.12,78.4,4.1,0,48.0,1
B102918,North-East,D19,Cardiac,0.02,93.4,5.4,1,11.1,1
B102919,Central,D15,Antidiabetic,0.71,104.1,2.3,0,0.8,0
B102920,North-East,D12,Analgesic,0.71,104.7,1.3,0,3.8,0
B102921,Central,D15,Analgesic,0.63,100.8,0.4,0,0.4,0
B102922,East,D04,Vaccine,0.87,99.2,1.8,0,14.2,0
B102923,East,D05,Cardiac,0.57,92.1,1.5,0,0.9,0
B102924,North-East,D06,Antidiabetic,0.48,102.0,3.3,0,12.9,0
B102925,Central,D14,Analgesic,0.44,102.2,16.3,1,35.4,1
B102926,West,D11,Antibiotic,0.85,97.6,,0,6.9,0
B102927,North-East,D06,Analgesic,0.63,99.4,0.5,0,17.5,0
B102928,East,D22,Cardiac,0.66,98.3,0.1,0,5.6,0
B102929,South,D09,Antidiabetic,0.28,87.8,10.5,0,27.4,1
B102930,West,D11,Antibiotic,0.71,,4.9,1,14.2,1
B102931,North,D10,Antibiotic,0.88,100.2,0.5,0,0.0,0
B102932,East,D05,Analgesic,0.48,102.2,9.3,0,15.4,0
B102933,North,D18,Antibiotic,0.8,102.8,0.2,0,3.7,0
B102934,West,D11,Antidiabetic,0.72,100.5,0.1,0,16.1,0
B102935,North,D01,Analgesic,0.7,73.4,1.0,0,18.8,1
B102936,South,D23,Analgesic,0.77,97.8,2.9,0,7.2,0
B102937,East,D20,Antibiotic,0.92,,1.9,0,9.4,0
B102938,North,D18,Analgesic,0.73,102.8,0.2,0,4.2,0
B102939,West,D21,Antidiabetic,0.86,95.9,5.8,0,0.0,0
B102940,East,D22,Analgesic,0.78,103.9,1.7,0,1.9,0
B102941,Central,D08,Antibiotic,0.66,98.5,1.5,0,1.3,0
B102942,Central,D15,Antibiotic,0.78,101.3,2.6,0,7.8,0
B102943,Central,D15,Antidiabetic,0.71,,1.4,0,15.8,0
B102944,North-East,D06,Antidiabetic,0.6,99.9,0.5,0,2.9,0
B102945,East,D05,Antibiotic,0.57,99.5,0.2,0,7.3,0
B102946,West,D03,Analgesic,0.71,97.8,0.4,0,9.7,0
B102947,Central,D16,Antibiotic,0.26,101.2,2.1,0,2.4,0
B102948,North-East,D19,Analgesic,0.08,86.9,0.9,0,28.4,1
B102949,North,D18,Antibiotic,0.87,97.1,2.5,0,15.7,0
B102950,North,D07,Cardiac,0.79,97.7,4.0,0,10.8,0
B102951,East,D05,Antidiabetic,0.55,97.2,3.0,0,7.6,0
B102952,West,D11,Antibiotic,0.78,,4.6,0,2.1,0
B102953,Central,D13,Analgesic,0.95,101.1,2.7,0,7.2,0
B102954,East,D22,Antibiotic,0.81,81.2,6.7,0,19.3,1
B102955,West,D21,Vaccine,0.8,102.1,8.1,0,3.9,0
B102956,East,D22,Antibiotic,0.73,99.7,1.8,1,7.1,0
B102957,West,D21,Vaccine,0.83,99.4,8.1,0,6.5,0
B102958,South,D23,Antidiabetic,0.76,100.0,3.1,0,15.2,0
B102959,West,D11,Antibiotic,0.69,103.1,0.2,1,3.9,0
B102960,Central,D02,Antidiabetic,0.61,97.0,,0,10.7,0
B102961,Central,D02,Antibiotic,0.65,103.6,,0,4.7,0
B102962,South,D09,Analgesic,0.36,102.1,5.5,1,1.6,0
B102963,North-East,D06,Analgesic,0.56,100.0,4.6,0,12.2,0
B102964,East,D04,Antidiabetic,0.96,90.9,5.6,0,10.9,0
B102965,South,D23,Antibiotic,0.83,63.4,8.7,0,12.8,1
B102966,East,D05,Antibiotic,0.52,100.6,5.5,0,0.0,0
B102967,South,D23,Cardiac,0.71,98.8,2.7,0,15.8,0
B102968,North,D18,Cardiac,0.8,102.1,0.3,0,13.4,0
B102969,Central,D15,Cardiac,0.83,98.4,1.1,0,16.1,0
B102970,West,D17,Antibiotic,0.87,99.9,0.7,1,,0
B102971,Central,D08,Vaccine,0.78,101.5,2.5,0,8.1,0
B102972,Central,D16,Cardiac,0.12,102.3,,0,5.1,0
B102973,East,D05,Analgesic,0.47,98.2,0.3,0,0.0,0
B102974,South,D23,Analgesic,0.75,101.7,4.2,0,8.9,0
B102975,North,D07,Vaccine,0.86,97.8,4.9,0,4.9,0
B102976,North-East,D06,Vaccine,0.69,95.3,1.5,0,2.5,0
B102977,West,D17,Antidiabetic,0.79,98.4,0.5,0,0.0,0
B102978,Central,D16,Cardiac,0.17,101.8,0.2,0,0.8,0
B102979,West,D11,Antibiotic,0.85,100.0,0.7,0,0.0,0
B102980,Central,D15,Antidiabetic,0.66,98.8,0.3,0,15.0,0
B102981,East,D04,Analgesic,0.85,100.1,1.0,0,15.8,0
B102982,West,D17,Vaccine,0.8,100.0,1.7,0,2.8,0
B102983,North-East,D06,Vaccine,0.54,101.4,2.1,0,16.6,0
B102984,North,D07,Cardiac,0.74,96.5,4.6,0,8.7,0
B102985,East,D04,Vaccine,0.81,99.8,4.7,0,18.3,0
B102986,Central,D08,Analgesic,0.84,100.3,3.6,0,12.2,0
B102987,Central,D08,Cardiac,0.87,97.0,7.3,0,12.4,0
B102988,West,D11,Antibiotic,0.76,97.0,,0,9.7,0
B102989,East,D05,Antidiabetic,0.51,99.2,,0,2.9,0
B102990,East,D05,Vaccine,0.49,100.0,1.4,0,0.0,0
B102991,Central,D13,Analgesic,0.87,100.0,2.7,0,9.4,0
B102992,West,D03,Cardiac,0.66,98.8,0.8,0,7.3,0
B102993,West,D17,Analgesic,0.77,98.7,3.8,0,26.2,0
B102994,South,D23,Analgesic,0.83,99.1,3.0,0,13.2,0
B102995,North,D10,Analgesic,0.81,,1.7,0,2.1,0
B102996,East,D22,Antidiabetic,0.76,102.7,,0,7.4,0
B102997,West,D03,Cardiac,0.68,95.1,0.7,0,5.4,0
B102998,North,D01,Cardiac,0.68,101.4,0.4,0,7.7,0
B102999,North,D18,Vaccine,0.78,96.6,3.3,0,0.0,0
B103000,North,D18,Analgesic,0.85,101.2,9.8,0,14.4,0
B103001,West,D21,Analgesic,0.72,102.6,2.7,0,5.2,0
B103002,Central,D02,Antibiotic,0.83,98.3,0.1,0,12.6,0
B103003,North-East,D19,Cardiac,0.11,102.1,3.9,0,3.8,0
B103004,South,D09,Vaccine,0.28,103.9,0.3,0,29.3,1
B103005,North,D07,Vaccine,0.82,100.3,4.8,1,12.2,0
B103006,East,D04,Vaccine,0.81,99.5,0.2,0,0.0,0
B103007,North-East,D24,Vaccine,0.23,100.1,5.9,0,14.9,0
B103008,Central,D02,Vaccine,0.68,97.8,1.0,1,18.3,0
B103009,East,D20,Analgesic,0.92,101.0,1.4,0,18.2,0
B103010,Central,D15,Analgesic,0.76,103.5,4.7,0,3.1,0
B103011,North,D18,Vaccine,0.77,97.9,2.2,0,10.1,0
B103012,West,D17,Antibiotic,0.81,100.4,0.1,0,4.9,0
B103013,West,D21,Cardiac,0.69,101.9,0.0,0,0.0,0
B103014,East,D05,Antibiotic,0.5,100.1,11.6,1,8.5,1
B103015,North,D01,Analgesic,0.77,103.0,2.1,0,0.0,0
B103016,Central,D14,Analgesic,0.45,99.1,0.6,0,12.2,0
B103017,Central,D08,Analgesic,0.71,99.7,31.1,0,13.7,0
B103018,West,D03,Antidiabetic,0.65,97.8,2.8,0,17.0,0
B103019,East,D05,Analgesic,0.34,100.3,8.6,0,11.6,0
B103020,Central,D08,Antidiabetic,0.7,100.0,2.4,0,5.1,0
B103021,Central,D02,Antidiabetic,0.8,101.4,5.1,0,6.7,0
B103022,Central,D02,Antibiotic,0.7,98.6,7.3,0,8.9,0
B103023,East,D22,Antibiotic,0.74,98.5,2.2,0,18.2,0
B103024,North,D07,Vaccine,0.64,101.0,4.9,0,18.3,0
B103025,North-East,D24,Vaccine,0.19,103.1,4.9,0,7.4,0
B103026,South,D23,Analgesic,0.88,101.4,0.5,0,14.9,0
B103027,East,D04,Antibiotic,0.89,104.1,3.2,0,4.4,0
B103028,West,D17,Antibiotic,0.7,101.2,0.8,0,11.1,0
B103029,Central,D15,Vaccine,0.68,101.1,0.7,0,5.6,0
B103030,West,D17,Cardiac,0.77,101.5,0.5,0,9.7,0
B103031,West,D03,Cardiac,0.62,103.3,0.3,0,2.2,0
B103032,East,D05,Antidiabetic,0.4,102.7,2.1,0,,0
B103033,Central,D02,Antibiotic,0.73,97.6,5.6,0,0.0,0
B103034,Central,D15,Vaccine,0.75,101.8,0.2,0,12.1,0
B103035,North-East,D24,Antidiabetic,0.32,100.6,1.7,0,0.2,0
B103036,Central,D16,Cardiac,0.24,99.6,,0,5.6,0
B103037,West,D17,Analgesic,0.68,96.1,1.0,0,14.2,0
B103038,North-East,D24,Analgesic,0.29,96.6,1.3,0,15.8,0
B103039,West,D17,Antibiotic,0.76,99.2,2.6,0,1.1,0
B103040,North,D01,Antidiabetic,0.69,96.8,2.0,0,0.0,0
B103041,West,D21,Analgesic,0.82,99.2,,0,2.4,0
B103042,South,D09,Analgesic,0.2,75.6,6.8,1,20.7,1
B103043,North,D01,Analgesic,0.52,98.7,5.6,0,12.7,0
B103044,North-East,D12,Vaccine,0.73,100.2,2.1,0,0.0,0
B103045,South,D23,Vaccine,0.82,97.7,2.8,1,42.4,1
B103046,North-East,D06,Cardiac,0.51,91.2,3.5,1,1.6,0
B103047,North-East,D12,Analgesic,0.69,101.1,7.9,0,4.4,0
B103048,East,D04,Antibiotic,0.82,96.9,3.1,0,22.6,0
B103049,Central,D02,Vaccine,0.71,98.3,3.6,0,8.8,0
B103050,Central,D02,Antidiabetic,0.69,97.2,2.7,0,,0
B103051,North,D18,Vaccine,0.84,101.1,1.2,0,15.7,0
B103052,West,D21,Analgesic,0.78,100.4,1.0,0,4.9,0
B103053,East,D04,Analgesic,0.78,99.9,2.9,0,,0
B103054,North,D07,Cardiac,0.85,99.7,0.6,0,9.8,0
B103055,East,D05,Cardiac,0.51,100.7,0.1,0,12.2,0
B103056,North,D01,Antidiabetic,0.69,100.8,0.1,0,7.1,0
B103057,Central,D13,Antibiotic,0.91,98.9,0.4,0,15.3,0
B103058,West,D17,Antidiabetic,0.74,98.6,0.1,0,15.7,0
B103059,Central,D16,Antidiabetic,0.16,99.9,0.9,0,6.0,0
B103060,South,D09,Analgesic,0.26,99.6,3.4,0,13.3,0
B103061,Central,D13,Analgesic,0.78,104.5,6.0,0,10.7,0
B103062,West,D03,Antibiotic,0.7,99.2,,0,26.6,0
B103063,East,D04,Analgesic,0.8,100.6,1.7,0,14.3,0
B103064,South,D23,Antibiotic,0.86,101.0,0.4,0,10.7,0
B103065,North,D18,Antibiotic,0.84,103.1,0.6,0,4.0,0
B103066,East,D22,Antidiabetic,0.79,98.2,6.1,0,0.8,0
B103067,East,D22,Vaccine,0.67,102.9,,0,11.7,0
B103068,Central,D16,Analgesic,0.18,88.3,6.5,0,36.2,1
B103069,South,D23,Vaccine,0.73,105.5,0.7,0,19.4,0
B103070,North,D10,Vaccine,0.83,100.8,3.0,0,0.0,0
B103071,North,D01,Vaccine,0.56,97.3,,0,0.8,0
B103072,Central,D02,Vaccine,0.65,80.0,0.6,0,15.0,0
B103073,West,D03,Analgesic,0.76,102.9,5.5,0,7.8,0
B103074,West,D03,Antidiabetic,0.71,100.2,2.1,0,9.3,0
B103075,Central,D08,Analgesic,0.74,99.9,1.3,0,3.2,0
B103076,West,D17,Antidiabetic,0.72,101.6,1.5,0,7.1,0
B103077,North-East,D19,Cardiac,0.04,99.2,3.4,0,12.8,0
B103078,Central,D14,Analgesic,0.47,99.5,,0,2.2,0
B103079,East,D04,Antibiotic,0.83,97.9,0.3,0,6.2,0
B103080,North,D18,Antibiotic,0.9,103.8,0.1,0,8.0,0
B103081,Central,D08,Antidiabetic,0.75,100.7,10.1,1,48.3,1
B103082,North,D01,Analgesic,0.7,45.5,9.8,1,6.4,1
B103083,North,D07,Analgesic,0.7,101.1,0.1,0,11.2,0
B103084,Central,D08,Cardiac,0.74,100.0,1.2,0,7.3,0
B103085,North,D07,Vaccine,0.79,97.2,2.9,0,0.0,0
B103086,East,D20,Cardiac,0.91,97.8,6.7,0,16.3,0
B103087,North,D18,Vaccine,0.77,101.1,0.3,0,1.5,0
B103088,West,D17,Antidiabetic,0.8,98.3,1.5,0,20.4,0
B103089,East,D04,Vaccine,0.94,95.4,1.3,0,,0
B103090,East,D20,Antibiotic,0.94,100.9,3.1,0,9.8,0
B103091,West,D17,Cardiac,0.84,98.1,0.3,0,12.5,0
B103092,East,D05,Antibiotic,0.56,101.4,,0,,0
B103093,Central,D16,Antidiabetic,0.25,99.6,3.9,0,10.2,0
B103094,North-East,D12,Cardiac,0.62,99.5,1.5,0,6.0,0
B103095,West,D11,Antibiotic,0.74,100.1,,0,21.2,0
B103096,West,D03,Antibiotic,0.68,97.5,,0,9.4,0
B103097,North-East,D12,Antidiabetic,0.69,88.4,3.6,0,7.2,0
B103098,West,D03,Analgesic,0.74,99.4,2.7,0,9.7,0
B103099,East,D04,Antidiabetic,0.86,97.5,3.2,0,15.9,0
B103100,West,D03,Antibiotic,0.74,72.0,4.3,0,23.9,1
B103101,South,D23,Antidiabetic,0.77,99.3,10.0,0,9.3,0
B103102,North,D07,Analgesic,0.83,96.8,1.2,0,0.0,0
B103103,Central,D08,Cardiac,0.82,98.8,1.6,0,16.1,0
B103104,Central,D08,Vaccine,0.8,100.2,1.8,0,10.5,0
B103105,East,D22,Antibiotic,0.78,99.0,0.7,0,4.9,1
B103106,Central,D13,Antidiabetic,0.92,100.9,3.0,0,10.3,0
B103107,East,D22,Antidiabetic,0.72,101.3,4.0,0,17.7,0
B103108,North,D07,Vaccine,0.79,105.3,2.7,0,13.0,0
B103109,West,D03,Antidiabetic,0.71,102.5,1.9,0,21.8,0
B103110,Central,D13,Antibiotic,0.79,96.4,1.5,0,14.1,0
B103111,Central,D08,Antibiotic,0.79,,2.5,0,0.0,0
B103112,East,D20,Antibiotic,0.86,99.4,9.2,0,16.8,0
B103113,West,D21,Vaccine,0.8,101.3,1.5,0,0.0,0
B103114,West,D11,Antibiotic,0.76,97.9,1.3,0,17.5,0
B103115,South,D23,Vaccine,0.76,98.8,0.8,1,14.2,0
B103116,Central,D13,Antibiotic,0.88,97.3,2.0,0,19.8,0
B103117,North-East,D06,Cardiac,0.6,98.7,0.5,0,11.1,0
B103118,North-East,D12,Cardiac,0.61,98.8,3.1,0,10.0,0
B103119,North,D01,Cardiac,0.73,99.3,0.9,0,16.7,0
B103120,East,D20,Antibiotic,0.88,97.4,1.8,0,0.0,0
B103121,West,D03,Cardiac,0.83,102.2,1.7,0,8.3,0
B103122,North,D07,Antibiotic,0.77,101.0,9.4,0,,0
B103123,Central,D13,Cardiac,0.8,96.8,0.1,0,5.0,0
B103124,North,D01,Analgesic,0.64,100.1,1.8,0,4.0,0
B103125,Central,D02,Vaccine,0.81,96.6,0.6,0,9.1,0
B103126,West,D17,Antibiotic,0.75,103.0,0.2,0,13.0,0
B103127,Central,D02,Cardiac,0.66,103.6,0.8,0,18.4,0
B103128,West,D11,Antidiabetic,0.81,99.9,0.2,0,6.0,0
B103129,Central,D08,Cardiac,0.73,98.1,0.5,0,5.4,0
B103130,North-East,D06,Antidiabetic,0.63,98.5,6.5,0,0.0,0
B103131,East,D05,Antidiabetic,0.58,99.0,13.1,0,18.3,0
B103132,North,D18,Antibiotic,0.82,99.8,,0,0.0,0
B103133,South,D23,Cardiac,0.95,103.0,0.8,0,11.4,0
B103134,East,D04,Vaccine,0.75,102.1,0.9,0,10.0,0
B103135,South,D23,Analgesic,0.75,102.1,5.8,0,14.9,0
B103136,Central,D14,Antibiotic,0.45,100.4,5.1,0,1.8,0
B103137,Central,D15,Antidiabetic,0.85,97.5,4.1,0,12.0,0
B103138,West,D17,Cardiac,0.88,98.3,5.1,0,19.4,0
B103139,West,D17,Vaccine,0.85,98.1,,1,11.4,1
B103140,East,D20,Vaccine,0.88,83.9,0.8,0,58.5,1
B103141,North-East,D12,Analgesic,0.62,100.7,1.6,0,0.0,0
B103142,Central,D13,Cardiac,0.82,101.8,0.4,0,18.4,0
B103143,Central,D08,Antidiabetic,0.71,101.2,0.1,0,4.9,0
B103144,West,D03,Vaccine,0.78,101.1,4.9,0,6.3,0
B103145,Central,D16,Analgesic,0.17,63.6,5.6,1,23.3,1
B103146,North,D01,Analgesic,0.69,102.9,0.7,0,14.5,0
B103147,North,D07,Vaccine,0.83,96.6,0.3,0,16.0,0
B103148,West,D03,Analgesic,0.59,92.7,1.9,0,19.5,0
B103149,East,D05,Antibiotic,0.53,97.4,2.4,0,0.0,0
B103150,Central,D15,Antibiotic,0.65,100.8,3.3,0,18.7,0
B103151,Central,D15,Analgesic,0.7,97.2,1.7,0,19.7,0
B103152,North,D10,Antidiabetic,0.8,97.6,4.5,0,4.9,0
B103153,Central,D02,Vaccine,0.7,100.6,1.5,0,13.3,0
B103154,North,D10,Antibiotic,0.85,101.1,0.7,0,14.8,0
B103155,Central,D08,Cardiac,0.77,97.6,,0,3.0,0
B103156,North,D18,Antidiabetic,0.79,100.9,2.5,0,14.4,0
B103157,Central,D14,Analgesic,0.48,96.7,4.1,0,3.6,0
B103158,North-East,D12,Antibiotic,0.61,101.4,,0,26.1,0
B103159,North-East,D12,Cardiac,0.7,98.1,4.7,0,9.1,0
B103160,South,D23,Analgesic,0.79,100.2,21.1,0,12.0,0
B103161,North,D18,Cardiac,0.78,99.8,2.6,0,0.0,0
B103162,North-East,D12,Vaccine,0.61,102.6,3.6,0,10.8,0
B103163,West,D11,Antibiotic,0.74,,2.3,0,16.5,1
B103164,North,D01,Vaccine,0.81,98.7,0.1,0,1.7,0
B103165,South,D23,Cardiac,0.8,,4.4,0,4.3,0
B103166,Central,D08,Vaccine,0.69,104.7,1.7,1,3.0,0
B103167,North-East,D06,Antibiotic,0.65,101.6,7.2,0,0.0,0
B103168,North-East,D24,Analgesic,0.26,80.3,1.1,0,52.6,1
B103169,North,D18,Cardiac,0.82,98.2,5.7,0,15.2,0
B103170,Central,D02,Antibiotic,0.7,98.6,1.5,0,0.0,0
B103171,Central,D02,Cardiac,0.82,101.5,1.3,0,0.0,0
B103172,North,D01,Cardiac,0.66,98.1,,0,4.3,0
B103173,Central,D14,Vaccine,0.54,80.3,6.4,0,15.7,1
B103174,Central,D02,Antidiabetic,0.68,103.2,0.6,0,12.1,0
B103175,South,D23,Antidiabetic,0.79,100.3,8.4,0,1.8,0
B103176,South,D23,Vaccine,0.89,97.6,0.8,0,3.9,1
B103177,Central,D13,Antibiotic,0.88,104.8,2.9,0,11.8,0
B103178,Central,D15,Vaccine,0.85,103.9,1.7,0,14.3,0
B103179,North,D07,Antibiotic,0.76,101.1,2.0,0,,0
B103180,Central,D02,Analgesic,0.76,102.8,0.4,0,11.4,0
B103181,North,D18,Antidiabetic,0.92,99.4,1.8,0,0.0,0
B103182,West,D03,Antidiabetic,0.6,101.6,4.5,0,1.9,0
B103183,Central,D02,Vaccine,0.64,99.1,0.3,0,16.8,0
B103184,North,D07,Analgesic,0.73,97.0,1.8,0,20.4,0
B103185,North,D01,Antibiotic,0.75,105.7,1.9,0,7.4,0
B103186,North,D10,Analgesic,0.74,96.9,5.1,0,6.8,0
B103187,West,D17,Antibiotic,0.81,100.7,1.5,0,1.0,0
B103188,East,D20,Antidiabetic,0.96,100.6,4.4,0,17.9,0
B103189,Central,D15,Antidiabetic,0.84,101.1,0.1,0,0.6,0
B103190,West,D21,Antibiotic,0.89,99.8,3.0,0,21.7,0
B103191,North,D10,Cardiac,0.86,99.8,1.2,0,7.4,0
B103192,West,D21,Analgesic,0.91,100.3,2.9,0,2.0,0
B103193,North-East,D12,Cardiac,0.69,,1.4,0,0.0,0
B103194,East,D05,Analgesic,0.5,100.0,3.2,0,6.1,0
B103195,South,D23,Antibiotic,0.74,99.8,1.3,0,7.1,0
B103196,North,D07,Analgesic,0.75,97.1,0.5,0,5.8,0
B103197,North,D01,Antibiotic,0.69,104.4,2.4,0,8.0,0
B103198,North-East,D06,Analgesic,0.6,101.2,0.8,0,17.7,0
B103199,South,D09,Antibiotic,0.12,100.5,0.3,0,12.3,0
B103200,Central,D08,Cardiac,0.75,98.6,1.1,0,9.4,0
B103201,North-East,D12,Cardiac,0.66,97.8,0.8,0,16.0,0
B103202,East,D22,Antibiotic,0.8,101.9,1.1,0,1.6,0
B103203,North,D07,Analgesic,0.88,99.6,0.7,0,13.0,0
B103204,North-East,D12,Cardiac,0.67,101.4,0.5,0,,0
B103205,Central,D08,Antibiotic,0.7,97.0,2.0,0,18.5,0
B103206,East,D20,Analgesic,0.82,103.4,1.0,1,0.0,0
B103207,East,D04,Cardiac,0.89,102.0,,0,1.9,0
B103208,West,D03,Vaccine,0.64,99.8,1.2,0,2.3,0
B103209,North-East,D12,Cardiac,0.71,101.0,2.7,0,11.3,0
B103210,Central,D16,Analgesic,0.27,101.6,1.1,0,9.6,0
B103211,East,D20,Analgesic,0.84,97.1,1.0,0,12.0,0
B103212,Central,D14,Antibiotic,0.49,103.7,6.2,0,0.0,0
B103213,North-East,D19,Antibiotic,0.18,90.8,,0,24.3,1
B103214,North,D10,Antibiotic,0.9,98.5,0.1,0,9.6,0
B103215,North,D01,Antidiabetic,0.57,97.6,0.7,0,11.9,0
B103216,West,D03,Antidiabetic,0.64,102.2,4.2,0,10.6,0
B103217,North,D01,Cardiac,0.62,100.5,11.4,0,3.6,0
B103218,Central,D08,Antibiotic,0.79,74.0,,0,10.3,1
B103219,North-East,D12,Analgesic,0.68,92.1,2.4,0,8.5,0
B103220,Central,D08,Cardiac,0.6,97.8,0.9,0,,0
B103221,Central,D13,Cardiac,0.85,101.1,3.0,0,11.5,0
B103222,West,D11,Antibiotic,0.8,99.6,2.6,0,,0
B103223,West,D17,Antidiabetic,0.79,100.0,2.9,0,0.0,0
B103224,Central,D16,Antibiotic,0.2,105.2,5.0,0,6.7,0
B103225,North,D07,Antibiotic,0.76,101.9,3.1,0,19.4,0
B103226,Central,D08,Antidiabetic,0.7,102.0,6.5,0,4.1,0
B103227,Central,D14,Analgesic,0.46,106.0,8.9,0,8.7,0
B103228,Central,D14,Vaccine,0.46,100.8,0.2,0,13.8,0
B103229,North,D07,Analgesic,0.82,100.3,0.8,0,22.8,0
B103230,Central,D08,Antidiabetic,0.8,98.5,3.2,0,6.2,0
B103231,West,D17,Antibiotic,0.78,99.0,0.0,0,0.0,0
B103232,Central,D16,Cardiac,0.25,95.5,1.0,0,12.7,0
B103233,West,D03,Vaccine,0.67,101.7,,0,2.3,0
B103234,West,D11,Antibiotic,0.67,97.2,0.2,0,10.1,0
B103235,East,D22,Analgesic,0.8,102.0,4.3,0,12.2,0
B103236,North,D01,Analgesic,0.7,99.9,1.2,0,4.6,0
B103237,West,D21,Antibiotic,0.86,100.3,0.4,0,6.1,0
B103238,East,D04,Analgesic,0.77,99.9,4.9,0,13.7,0
B103239,North-East,D12,Analgesic,0.77,89.1,0.4,0,15.6,0
B103240,North,D10,Analgesic,0.88,102.7,2.7,0,8.3,0
B103241,North,D01,Cardiac,0.68,99.9,0.3,0,9.2,0
B103242,East,D22,Cardiac,0.71,,0.1,0,0.1,0
B103243,West,D11,Analgesic,0.82,102.0,,0,8.8,0
B103244,South,D23,Analgesic,0.74,97.9,3.0,0,5.3,0
B103245,North,D07,Analgesic,0.92,96.6,3.0,0,8.6,0
B103246,West,D21,Analgesic,0.79,101.1,1.5,0,17.9,0
B103247,East,D22,Antibiotic,0.87,102.7,8.2,0,0.1,0
B103248,Central,D13,Vaccine,0.86,99.1,4.2,0,16.2,0
B103249,East,D05,Antibiotic,0.62,100.9,1.1,0,9.4,0
B103250,West,D17,Vaccine,0.73,99.1,0.2,0,7.8,0
B103251,Central,D13,Antidiabetic,0.87,101.6,,0,1.9,0
B103252,South,D23,Analgesic,0.85,102.4,5.0,0,10.0,0
B103253,West,D11,Analgesic,0.79,99.4,6.1,0,23.2,0
B103254,North-East,D06,Analgesic,0.66,97.7,1.7,0,0.0,0
B103255,East,D04,Cardiac,0.82,96.8,2.4,0,0.0,0
B103256,West,D17,Analgesic,0.78,102.0,0.1,0,6.8,0
B103257,North-East,D24,Analgesic,0.36,97.5,2.9,0,10.3,0
B103258,North,D01,Cardiac,0.65,100.8,2.8,0,14.6,0
B103259,North,D18,Antibiotic,0.84,101.7,2.0,0,11.2,1
B103260,East,D22,Analgesic,0.76,98.9,4.6,0,0.0,1
B103261,Central,D02,Analgesic,0.75,99.6,5.7,0,12.3,0
B103262,West,D03,Cardiac,0.7,102.2,4.3,1,6.8,0
B103263,West,D17,Antidiabetic,0.73,98.2,3.6,0,14.2,0
B103264,Central,D16,Cardiac,0.17,98.0,0.5,0,3.0,0
B103265,Central,D02,Analgesic,0.75,99.5,5.3,0,0.0,0
B103266,East,D20,Antibiotic,0.92,102.8,20.3,0,4.8,0
B103267,North-East,D12,Analgesic,0.75,103.5,0.1,0,11.4,0
B103268,East,D22,Cardiac,0.83,99.8,1.4,0,10.7,0
B103269,West,D21,Antidiabetic,0.85,98.4,5.4,0,8.1,0
B103270,East,D20,Cardiac,0.88,102.3,1.7,0,3.7,0
B103271,North-East,D12,Antibiotic,0.61,96.3,0.8,0,7.1,0
B103272,North-East,D06,Cardiac,0.71,99.8,1.7,0,18.4,0
B103273,North-East,D12,Antidiabetic,0.6,99.9,0.2,0,25.9,0
B103274,West,D03,Cardiac,0.7,102.8,2.2,0,11.0,0
B103275,Central,D16,Cardiac,0.21,103.1,1.5,0,15.2,0
B103276,West,D03,Analgesic,0.67,97.9,2.2,0,2.9,0
B103277,North-East,D12,Analgesic,0.6,100.4,0.1,0,17.5,0
B103278,Central,D02,Vaccine,0.69,98.7,16.1,0,5.6,0
B103279,North,D07,Antibiotic,0.75,99.4,1.3,0,0.0,0
B103280,North-East,D06,Cardiac,0.55,101.4,1.1,0,16.1,0
B103281,Central,D15,Antidiabetic,0.8,99.3,0.4,0,8.6,0
B103282,North-East,D19,Antidiabetic,0.1,100.4,1.1,0,17.8,0
B103283,Central,D02,Vaccine,0.71,102.1,4.8,0,13.8,0
B103284,West,D21,Antibiotic,0.83,103.3,5.4,0,0.0,0
B103285,West,D21,Vaccine,0.87,100.6,2.2,0,9.3,0
B103286,Central,D08,Cardiac,0.74,100.3,0.7,1,1.7,0
B103287,Central,D16,Cardiac,0.24,97.6,3.4,0,16.8,0
B103288,North,D10,Antidiabetic,0.76,103.5,0.6,0,8.6,0
B103289,East,D04,Vaccine,0.92,83.8,6.4,1,22.8,1
B103290,Central,D13,Analgesic,0.87,100.3,4.2,0,0.0,0
B103291,Central,D02,Cardiac,0.74,100.2,3.0,0,16.2,0
B103292,West,D21,Antibiotic,0.79,100.8,1.1,0,5.6,1
B103293,East,D22,Antidiabetic,0.7,101.7,2.1,0,6.2,0
B103294,East,D20,Analgesic,0.83,102.0,8.7,0,11.4,0
B103295,Central,D13,Antibiotic,0.83,103.5,4.3,0,1.8,0
B103296,Central,D13,Antibiotic,0.91,100.5,0.9,0,0.0,0
B103297,North-East,D24,Antidiabetic,0.23,,1.7,0,9.4,0
B103298,North-East,D06,Analgesic,0.5,102.3,1.7,0,1.5,0
B103299,Central,D02,Cardiac,0.69,99.5,0.1,0,7.5,0
B103300,Central,D13,Cardiac,0.85,96.3,1.0,0,1.9,0
B103301,Central,D08,Analgesic,0.74,100.2,0.6,0,0.0,0
B103302,Central,D08,Cardiac,0.75,103.4,1.2,0,0.0,0
B103303,North,D01,Antidiabetic,0.76,98.3,1.4,0,8.7,0
B103304,Central,D14,Antibiotic,0.54,100.2,0.7,0,15.7,0
B103305,North-East,D06,Cardiac,0.71,88.6,2.7,0,14.8,0
B103306,East,D05,Vaccine,0.43,102.1,3.7,0,8.2,0
B103307,North,D01,Vaccine,0.65,99.1,3.0,0,18.0,0
B103308,South,D09,Analgesic,0.29,81.7,18.6,0,2.4,1
B103309,West,D21,Antidiabetic,0.8,101.3,0.7,0,13.7,0
B103310,Central,D08,Antibiotic,0.81,98.4,1.3,0,4.6,0
B103311,West,D17,Analgesic,0.79,96.0,2.1,0,2.9,0
B103312,North,D18,Cardiac,0.9,104.0,0.4,0,13.7,0
B103313,Central,D08,Antibiotic,0.82,102.0,0.6,0,11.0,0
B103314,East,D20,Cardiac,0.99,104.1,1.9,0,12.4,0
B103315,West,D17,Antidiabetic,0.75,89.4,4.9,0,40.4,1
B103316,Central,D13,Antibiotic,0.87,101.5,2.2,0,15.2,0
B103317,North,D01,Antibiotic,0.68,100.8,4.2,0,12.7,0
B103318,North,D01,Antidiabetic,0.61,99.6,,0,5.2,0
B103319,North-East,D24,Antibiotic,0.38,67.3,3.9,0,6.0,1
B103320,North-East,D19,Antibiotic,0.15,103.1,8.9,0,34.3,1
B103321,South,D23,Antidiabetic,0.78,97.6,0.8,0,2.8,0
B103322,East,D22,Antidiabetic,0.85,99.3,2.8,0,2.9,0
B103323,North,D01,Cardiac,0.66,102.8,1.4,0,6.0,0
B103324,East,D20,Analgesic,0.82,97.3,0.5,0,0.0,0
B103325,West,D11,Antidiabetic,0.82,97.3,2.7,0,10.3,0
B103326,North-East,D19,Cardiac,0.03,101.3,4.8,0,14.4,0
B103327,North,D01,Cardiac,0.68,99.1,0.7,0,12.0,0
B103328,North,D07,Cardiac,0.79,101.1,0.1,0,11.4,0
B103329,North,D18,Cardiac,0.83,102.2,0.5,0,15.2,0
B103330,East,D20,Analgesic,0.98,101.0,4.6,0,7.3,0
B103331,Central,D15,Vaccine,0.75,98.6,1.1,0,0.0,0
B103332,North,D07,Analgesic,0.81,102.8,1.5,0,8.9,0
B103333,North,D07,Analgesic,0.73,101.6,1.2,0,17.1,0
B103334,South,D23,Vaccine,0.82,100.1,5.7,0,10.5,0
B103335,West,D11,Analgesic,0.66,100.0,3.0,0,5.4,0
B103336,West,D11,Cardiac,0.85,100.8,0.7,0,13.5,0
B103337,Central,D13,Analgesic,0.79,99.3,3.2,0,10.7,0
B103338,North,D10,Antibiotic,0.82,96.4,0.2,0,6.5,1
B103339,Central,D13,Vaccine,0.79,101.7,2.3,0,8.8,0
B103340,North,D10,Antibiotic,0.79,101.5,0.8,0,5.8,0
B103341,East,D20,Cardiac,0.93,94.9,1.1,0,12.3,0
B103342,East,D22,Analgesic,0.74,74.9,18.8,1,,1
B103343,South,D23,Vaccine,0.87,103.9,1.5,0,10.3,0
B103344,Central,D13,Cardiac,0.89,97.5,0.5,0,14.1,0
B103345,West,D11,Antibiotic,0.73,99.8,0.0,0,9.7,0
B103346,West,D17,Antibiotic,0.77,99.6,5.4,0,9.7,0
B103347,West,D21,Cardiac,0.9,103.7,4.0,0,8.5,0
B103348,Central,D13,Analgesic,0.93,75.0,14.1,1,14.3,1
B103349,West,D17,Cardiac,0.71,98.1,0.4,0,5.5,0
B103350,North,D18,Cardiac,0.76,100.8,1.0,0,7.1,0
B103351,West,D17,Antidiabetic,0.8,105.1,3.6,0,1.7,0
B103352,North,D18,Antibiotic,0.83,98.6,1.2,0,6.1,0
B103353,East,D05,Cardiac,0.46,100.0,,0,0.0,0
B103354,North-East,D12,Cardiac,0.7,101.1,1.0,0,8.2,0
B103355,Central,D14,Antibiotic,0.41,98.7,,0,12.3,0
B103356,North,D01,Antidiabetic,0.77,103.9,3.8,0,,0
B103357,West,D21,Analgesic,0.86,99.0,1.5,0,14.4,0
B103358,Central,D15,Antidiabetic,0.65,96.9,,0,17.3,0
B103359,West,D03,Analgesic,0.66,101.3,1.0,1,12.8,1
B103360,East,D20,Analgesic,0.9,101.4,5.8,0,1.0,0
B103361,West,D17,Antibiotic,0.79,98.2,5.2,0,15.6,0
B103362,North,D18,Antidiabetic,0.79,100.7,12.9,0,14.2,0
B103363,North,D10,Analgesic,0.77,101.2,1.4,0,11.1,0
B103364,West,D21,Antibiotic,0.74,97.3,,0,4.3,0
B103365,North,D10,Antibiotic,0.87,84.4,0.0,0,10.6,0
B103366,Central,D13,Cardiac,0.89,100.8,0.8,0,5.8,0
B103367,North,D01,Antibiotic,0.7,101.5,0.1,0,2.9,0
B103368,Central,D15,Analgesic,0.73,98.8,6.6,0,10.5,0
B103369,West,D17,Cardiac,0.74,100.3,4.4,0,1.2,0
B103370,Central,D13,Vaccine,0.88,99.4,0.3,0,13.3,0
B103371,North-East,D12,Analgesic,0.81,101.6,1.1,0,10.0,0
B103372,East,D20,Antibiotic,1.0,101.1,3.0,0,7.2,0
B103373,West,D17,Antidiabetic,0.76,99.2,2.7,0,7.7,0
B103374,North,D07,Antidiabetic,0.75,101.1,2.7,0,0.5,0
B103375,South,D23,Vaccine,0.63,99.1,0.9,0,0.9,0
B103376,West,D17,Analgesic,0.84,83.0,4.0,0,,0
B103377,North-East,D24,Analgesic,0.34,95.0,0.5,0,6.9,0
B103378,South,D23,Antidiabetic,0.77,105.2,2.2,0,0.0,0
B103379,East,D22,Vaccine,0.68,99.3,1.9,0,14.4,0
B103380,North,D18,Analgesic,0.73,99.7,0.5,0,0.8,0
B103381,Central,D15,Antidiabetic,0.74,98.6,3.1,0,12.0,0
B103382,East,D04,Antibiotic,0.84,97.7,0.7,0,18.3,0
B103383,Central,D13,Analgesic,0.91,99.0,0.4,0,6.5,0
B103384,North-East,D19,Antibiotic,0.11,58.4,2.3,0,38.2,1
B103385,North-East,D12,Analgesic,0.72,101.6,0.6,0,13.1,0
B103386,West,D21,Vaccine,0.85,100.7,7.6,0,19.0,0
B103387,West,D03,Antidiabetic,0.74,99.3,2.6,0,12.1,0
B103388,South,D09,Analgesic,0.12,98.9,10.8,0,4.3,0
B103389,North-East,D12,Antibiotic,0.58,92.7,3.0,0,0.0,0
B103390,North,D10,Cardiac,0.81,,0.1,0,2.5,0
B103391,West,D03,Cardiac,0.76,97.2,4.5,0,4.5,0
B103392,East,D04,Cardiac,0.96,103.0,10.2,0,14.9,0
B103393,West,D21,Cardiac,0.82,104.0,1.7,0,16.5,0
B103394,North-East,D12,Vaccine,0.62,95.7,,0,0.3,0
B103395,Central,D02,Analgesic,0.62,100.6,2.2,0,16.6,0
B103396,North,D01,Antibiotic,0.75,100.6,0.3,0,2.6,0
B103397,West,D11,Antibiotic,0.72,,0.5,0,2.2,0
B103398,East,D04,Antidiabetic,1.0,98.7,0.2,0,0.0,0
B103399,West,D17,Cardiac,0.73,102.2,3.8,0,10.4,0
B103400,East,D20,Antibiotic,1.0,100.9,2.6,0,3.9,0
B103401,North-East,D06,Antibiotic,0.64,102.4,5.9,1,17.3,1
B103402,Central,D14,Antidiabetic,0.4,98.4,3.2,0,1.6,0
B103403,East,D04,Antibiotic,0.86,97.0,0.3,0,13.1,0
B103404,North,D07,Vaccine,0.83,101.0,5.5,0,0.0,0
B103405,East,D22,Antibiotic,0.76,97.9,7.4,0,15.2,0
B103406,Central,D13,Antibiotic,0.92,102.3,0.0,0,8.8,0
B103407,East,D22,Vaccine,0.82,95.3,2.1,0,10.1,0
B103408,East,D05,Antidiabetic,0.56,76.5,0.3,0,34.8,1
B103409,Central,D08,Vaccine,0.76,98.6,0.9,0,5.1,0
B103410,West,D11,Analgesic,0.68,99.3,9.4,0,11.5,0
B103411,West,D11,Cardiac,0.75,100.6,1.3,0,20.7,0
B103412,North-East,D24,Analgesic,0.3,79.2,1.4,0,,0
B103413,West,D03,Cardiac,0.58,101.4,4.2,0,5.6,0
B103414,West,D21,Cardiac,0.84,101.7,,0,3.7,0
B103415,West,D21,Analgesic,0.82,99.6,2.3,0,0.0,0
B103416,Central,D13,Analgesic,0.79,104.6,1.3,1,0.0,0
B103417,Central,D08,Cardiac,0.74,103.1,1.8,0,2.9,0
B103418,North-East,D12,Cardiac,0.64,99.3,1.4,0,5.2,0
B103419,North,D07,Cardiac,0.9,99.7,1.6,0,17.9,0
B103420,East,D20,Antibiotic,0.94,99.3,0.3,0,14.9,0
B103421,North-East,D12,Cardiac,0.72,100.8,2.0,0,2.3,0
B103422,East,D22,Cardiac,0.76,97.9,1.1,0,13.4,0
B103423,Central,D15,Vaccine,0.61,98.3,0.0,0,2.4,0
B103424,North-East,D12,Antidiabetic,0.7,95.2,1.7,0,7.4,0
B103425,West,D17,Vaccine,0.74,99.1,0.8,0,10.3,0
B103426,North-East,D12,Antibiotic,0.64,102.3,5.2,0,22.8,0
B103427,East,D22,Antidiabetic,0.71,88.1,0.6,0,,0
B103428,East,D05,Antibiotic,0.53,99.8,3.1,0,0.0,0
B103429,North-East,D24,Analgesic,0.35,100.6,1.2,0,13.2,0
B103430,East,D20,Vaccine,0.99,97.8,0.0,0,16.0,0
B103431,West,D21,Antidiabetic,0.92,93.4,1.6,0,14.2,0
B103432,North-East,D12,Analgesic,0.76,102.0,,0,1.0,0
B103433,West,D21,Cardiac,0.71,100.7,2.0,0,,0
B103434,North,D07,Cardiac,0.71,102.2,4.0,1,7.9,0
B103435,North,D18,Analgesic,0.7,102.8,2.4,0,20.4,0
B103436,East,D04,Antidiabetic,0.89,101.5,0.3,0,12.3,0
B103437,North,D07,Cardiac,0.74,98.4,3.8,0,20.0,0
B103438,West,D11,Analgesic,0.73,99.2,4.5,0,3.0,0
B103439,Central,D08,Antidiabetic,0.75,104.2,2.9,0,6.5,0
B103440,South,D09,Analgesic,0.27,100.7,11.6,0,4.2,0
B103441,East,D20,Antibiotic,0.84,100.4,7.2,0,14.9,0
B103442,North-East,D06,Vaccine,0.52,98.1,5.4,0,,0
B103443,North,D18,Analgesic,0.8,99.8,7.5,0,10.7,0
B103444,Central,D02,Antibiotic,0.81,101.6,3.2,0,,0
B103445,North-East,D19,Analgesic,0.1,93.4,9.2,0,4.8,1
B103446,East,D20,Vaccine,0.88,98.9,0.7,0,0.0,0
B103447,North,D10,Analgesic,0.71,99.4,1.2,0,5.1,0
B103448,North,D18,Antibiotic,0.86,102.6,0.3,0,5.7,0
B103449,East,D22,Cardiac,0.72,,0.3,0,7.9,0
B103450,East,D20,Vaccine,0.86,101.2,1.6,0,3.4,0
B103451,South,D09,Antibiotic,0.14,101.0,,0,2.1,0
B103452,North-East,D12,Analgesic,0.57,97.4,0.4,0,0.0,0
B103453,North-East,D19,Analgesic,0.04,55.2,23.7,1,,1
B103454,North,D07,Analgesic,0.77,102.3,2.9,0,0.0,0
B103455,East,D20,Analgesic,0.86,99.4,1.1,0,15.0,0
B103456,Central,D08,Antibiotic,0.77,102.2,4.2,0,10.3,0
B103457,East,D20,Antidiabetic,0.92,101.2,1.8,0,14.2,0
B103458,Central,D02,Analgesic,0.87,101.8,1.7,0,1.8,0
B103459,North,D01,Antibiotic,0.59,100.1,0.2,0,21.0,0
B103460,North-East,D24,Cardiac,0.3,102.0,0.5,1,23.5,0
B103461,West,D21,Cardiac,0.84,92.7,8.8,1,37.5,1
B103462,East,D22,Analgesic,0.71,100.1,1.4,0,10.8,0
B103463,South,D23,Analgesic,0.81,101.6,2.4,0,7.9,0
B103464,West,D11,Analgesic,0.8,100.7,4.9,0,15.1,0
B103465,North,D07,Analgesic,0.79,102.4,0.9,0,13.5,0
B103466,West,D03,Antibiotic,0.77,99.7,2.6,0,0.0,0
B103467,North-East,D12,Vaccine,0.53,100.0,1.9,0,35.3,1
B103468,East,D05,Antidiabetic,0.47,96.4,4.7,0,10.7,0
B103469,South,D23,Cardiac,0.89,99.4,6.3,0,,0
B103470,North,D01,Analgesic,0.75,85.8,7.4,0,9.0,0
B103471,East,D04,Antibiotic,0.88,101.7,1.7,0,0.0,0
B103472,North-East,D06,Cardiac,0.67,96.9,0.6,0,11.9,0
B103473,East,D05,Vaccine,0.41,102.6,1.5,0,20.8,0
B103474,East,D05,Antibiotic,0.57,97.9,1.4,0,0.0,0
B103475,Central,D16,Antibiotic,0.25,99.7,0.3,0,14.6,0
B103476,Central,D08,Cardiac,0.72,98.7,2.7,0,20.8,0
B103477,Central,D15,Analgesic,0.88,100.9,2.8,0,14.6,1
B103478,East,D22,Antibiotic,0.78,100.2,1.4,0,7.4,0
B103479,Central,D15,Antibiotic,0.59,78.0,3.5,1,13.0,1
B103480,West,D17,Analgesic,0.8,104.1,1.0,0,7.4,0
B103481,South,D09,Analgesic,0.2,100.9,2.6,0,11.8,0
B103482,East,D04,Cardiac,0.92,98.7,0.2,1,8.6,0
B103483,Central,D08,Antibiotic,0.79,101.0,2.0,0,8.8,0
B103484,South,D23,Cardiac,0.77,104.3,10.6,0,2.7,0
B103485,Central,D15,Antidiabetic,0.81,101.4,0.0,0,4.8,0
B103486,North,D07,Analgesic,0.84,96.0,1.4,0,19.4,0
B103487,West,D11,Antibiotic,0.71,104.3,6.9,1,26.2,1
B103488,East,D20,Cardiac,0.92,100.9,1.3,0,0.0,0
B103489,Central,D16,Vaccine,0.22,99.4,3.4,0,32.6,0
B103490,Central,D13,Antibiotic,0.85,98.5,0.7,0,4.9,0
B103491,East,D22,Vaccine,0.75,100.0,,0,6.1,0
B103492,Central,D16,Antidiabetic,0.19,77.9,2.1,1,40.2,1
B103493,Central,D15,Analgesic,0.65,98.6,3.7,0,8.1,0
B103494,East,D05,Antidiabetic,0.39,100.4,0.4,0,2.7,0
B103495,West,D03,Analgesic,0.7,99.6,13.3,0,18.4,0
B103496,South,D23,Analgesic,0.68,101.5,3.8,0,6.6,0
B103497,Central,D14,Antibiotic,0.4,100.5,9.5,0,0.7,0
B103498,North,D10,Analgesic,0.73,100.8,4.8,0,0.0,0
B103499,Central,D14,Antibiotic,0.36,102.2,1.7,0,15.7,0
B103500,Central,D02,Analgesic,0.77,,3.8,0,4.9,0
B103501,East,D20,Vaccine,0.92,100.0,,0,10.6,0
B103502,East,D05,Vaccine,0.51,95.4,2.4,0,1.5,0
B103503,East,D20,Analgesic,0.85,101.1,0.4,0,8.7,0
B103504,Central,D13,Antibiotic,0.83,100.6,6.9,0,30.3,1
B103505,North,D07,Vaccine,0.8,99.8,3.3,0,14.4,0
B103506,North,D01,Antidiabetic,0.69,100.8,0.2,0,9.2,0
B103507,East,D20,Antibiotic,0.98,102.9,3.9,0,0.1,0
B103508,East,D04,Vaccine,0.91,104.1,2.0,0,24.8,0
B103509,Central,D02,Vaccine,0.72,98.0,2.5,1,11.0,0
B103510,North,D18,Vaccine,0.69,97.1,2.9,0,1.4,0
B103511,Central,D08,Cardiac,0.71,100.7,0.5,0,9.3,0
B103512,South,D09,Antibiotic,0.24,,2.8,0,10.7,0
B103513,North-East,D06,Analgesic,0.55,,2.4,0,40.5,1
B103514,West,D21,Analgesic,0.76,100.0,2.5,0,10.5,0
B103515,North,D07,Vaccine,0.78,101.3,0.7,0,9.7,0
B103516,East,D05,Antidiabetic,0.67,97.3,3.9,0,14.4,0
B103517,North,D07,Antidiabetic,0.75,,5.4,0,13.1,0
B103518,East,D05,Antibiotic,0.52,98.6,7.6,0,13.2,0
B103519,North,D07,Vaccine,0.7,99.5,10.6,0,0.0,0
B103520,Central,D02,Antibiotic,0.81,101.5,8.4,0,0.0,0
B103521,East,D04,Antibiotic,0.9,,3.3,0,2.4,0
B103522,North,D10,Analgesic,0.88,100.1,0.7,0,6.3,0
B103523,West,D21,Analgesic,0.91,104.9,3.6,0,2.7,0
B103524,Central,D02,Analgesic,0.71,97.9,0.1,0,0.9,0
B103525,East,D05,Vaccine,0.51,98.6,4.6,0,9.7,0
B103526,East,D22,Vaccine,0.87,101.5,,0,1.9,0
B103527,East,D22,Antidiabetic,0.81,102.2,0.0,0,0.0,0
B103528,West,D17,Antidiabetic,0.64,100.9,7.0,0,0.0,0
B103529,North-East,D06,Antibiotic,0.62,104.0,1.2,0,3.7,0
B103530,North,D10,Cardiac,0.8,100.7,2.0,0,6.2,0
B103531,East,D05,Analgesic,0.58,95.7,0.1,0,14.3,0
B103532,West,D03,Cardiac,0.71,100.2,2.8,0,11.0,0
B103533,South,D09,Analgesic,0.14,59.0,5.6,0,44.2,1
B103534,Central,D14,Antidiabetic,0.48,103.0,0.7,1,18.2,0
B103535,Central,D08,Antibiotic,0.77,102.1,5.2,0,6.6,0
B103536,Central,D15,Vaccine,0.74,96.5,4.6,0,8.5,0
B103537,North,D07,Antidiabetic,0.82,103.0,6.5,0,8.8,0
B103538,Central,D08,Antibiotic,0.85,102.1,1.5,1,,0
B103539,North-East,D19,Antibiotic,0.13,66.7,4.0,0,30.9,1
B103540,West,D21,Cardiac,0.83,99.8,5.1,0,0.0,0
B103541,Central,D08,Cardiac,0.83,103.1,2.9,0,17.4,0
B103542,Central,D13,Cardiac,1.0,95.7,0.2,0,9.3,0
B103543,North,D07,Cardiac,0.84,101.0,2.4,1,10.5,0
B103544,Central,D02,Cardiac,0.75,102.4,1.8,0,11.7,0
B103545,North,D18,Antibiotic,0.83,99.8,0.3,0,4.9,0
B103546,East,D04,Analgesic,0.87,101.4,0.9,0,16.9,0
B103547,North,D10,Cardiac,0.84,100.2,16.2,0,2.9,0
B103548,North-East,D12,Antidiabetic,0.79,98.3,0.3,0,1.0,0
B103549,East,D05,Antibiotic,0.48,98.2,3.6,0,9.0,0
B103550,West,D03,Antibiotic,0.76,90.1,0.8,0,0.0,0
B103551,Central,D08,Cardiac,0.75,98.6,0.6,0,4.0,0
B103552,South,D23,Vaccine,0.72,86.6,6.2,0,9.8,0
B103553,Central,D15,Antibiotic,0.71,100.3,1.0,0,13.1,0
B103554,South,D09,Cardiac,0.21,98.9,3.2,0,7.7,0
B103555,North,D01,Analgesic,0.73,97.4,0.9,0,1.7,0
B103556,Central,D15,Vaccine,0.72,100.2,2.6,0,5.6,0
B103557,West,D03,Antibiotic,0.63,101.7,3.6,0,3.3,0
B103558,Central,D13,Antibiotic,0.96,90.2,0.4,0,7.3,0
B103559,North,D18,Cardiac,0.87,97.7,0.5,0,,0
B103560,North,D10,Analgesic,0.93,101.1,1.0,1,1.2,0
B103561,North,D07,Antibiotic,0.79,102.3,1.4,0,0.3,0
B103562,Central,D02,Vaccine,0.74,104.9,0.2,0,0.0,0
B103563,North,D01,Antibiotic,0.74,103.2,1.6,0,15.6,0
B103564,North,D10,Antibiotic,0.8,97.8,0.9,0,13.0,0
B103565,East,D22,Vaccine,0.78,101.9,1.2,0,0.0,0
B103566,North-East,D06,Analgesic,0.58,100.6,4.5,0,12.6,0
B103567,Central,D14,Antibiotic,0.37,97.5,13.1,0,8.3,0
B103568,West,D17,Vaccine,0.78,100.6,2.9,0,0.0,0
B103569,Central,D02,Analgesic,0.71,104.2,2.5,0,0.6,0
B103570,East,D04,Analgesic,0.84,102.6,3.4,0,7.0,0
B103571,Central,D08,Antibiotic,0.78,97.8,,0,13.2,0
B103572,Central,D16,Antibiotic,0.26,100.0,2.3,0,12.2,0
B103573,West,D11,Antibiotic,0.7,101.1,3.0,0,4.2,0
B103574,North,D18,Vaccine,0.78,96.2,1.8,0,11.2,0
B103575,West,D21,Cardiac,0.78,96.3,1.7,0,,0
B103576,North,D18,Antibiotic,0.75,100.3,0.8,1,2.9,0
B103577,North-East,D24,Cardiac,0.25,100.4,,0,14.7,0
B103578,North,D18,Cardiac,0.79,96.0,5.0,0,9.1,0
B103579,West,D21,Antibiotic,0.86,100.9,2.1,0,11.6,0
B103580,East,D20,Antibiotic,0.95,102.4,0.4,0,0.3,0
B103581,North,D18,Antibiotic,0.74,99.5,1.6,0,4.4,0
B103582,East,D20,Antibiotic,1.0,100.1,5.6,0,13.7,0
B103583,South,D23,Analgesic,0.86,101.3,0.7,0,6.0,0
B103584,West,D11,Antibiotic,0.7,101.0,3.3,0,6.4,0
B103585,Central,D15,Cardiac,0.79,96.3,8.7,1,0.6,0
B103586,North-East,D12,Analgesic,0.68,98.0,,0,9.4,0
B103587,West,D21,Cardiac,0.82,99.1,1.6,0,0.4,0
B103588,North,D10,Cardiac,0.86,98.1,3.9,0,10.6,0
B103589,East,D20,Analgesic,0.93,103.2,0.6,0,1.0,0
B103590,East,D20,Antidiabetic,0.96,101.4,30.0,0,6.5,0
B103591,South,D23,Antidiabetic,0.82,97.6,1.0,0,19.0,0
B103592,North-East,D06,Vaccine,0.57,99.5,0.0,0,10.6,0
B103593,West,D17,Antibiotic,0.65,102.5,,0,5.6,0
B103594,North,D18,Vaccine,0.84,98.6,1.4,0,14.0,0
B103595,South,D23,Antibiotic,0.78,101.9,1.8,0,2.9,0
B103596,East,D22,Analgesic,0.82,103.0,0.7,0,1.1,0
B103597,Central,D14,Vaccine,0.49,103.6,6.6,0,8.4,1
B103598,Central,D14,Analgesic,0.44,100.4,2.0,0,15.7,0
B103599,East,D04,Cardiac,0.91,102.8,7.3,0,15.3,0
B103600,North-East,D24,Vaccine,0.3,73.5,1.3,1,3.4,1
B103601,North-East,D06,Analgesic,0.6,105.5,,0,6.0,0
B103602,North,D18,Vaccine,0.8,100.5,3.1,0,10.9,0
B103603,East,D20,Cardiac,1.0,102.5,4.4,0,25.0,0
B103604,West,D11,Analgesic,0.71,99.2,4.9,0,6.3,0
B103605,East,D05,Antibiotic,0.5,101.1,3.3,0,17.7,0
B103606,East,D05,Cardiac,0.45,101.2,1.3,0,9.7,0
B103607,West,D21,Antibiotic,0.87,98.0,1.5,0,14.0,0
B103608,North-East,D12,Cardiac,0.62,97.9,0.6,1,15.1,0
B103609,Central,D02,Analgesic,0.71,99.6,0.9,0,9.2,0
B103610,West,D17,Analgesic,0.75,102.4,3.8,0,7.8,0
B103611,North-East,D06,Cardiac,0.6,96.0,3.5,1,6.5,0
B103612,West,D21,Antidiabetic,0.75,99.2,3.9,0,10.5,1
B103613,North,D07,Cardiac,0.65,102.9,3.2,0,16.3,0
B103614,East,D05,Analgesic,0.55,97.3,1.5,0,17.3,0
B103615,Central,D02,Cardiac,0.61,102.8,0.6,0,16.5,0
B103616,North-East,D12,Analgesic,0.71,97.5,0.8,0,4.7,0
B103617,West,D11,Cardiac,0.85,98.0,0.3,0,4.0,0
B103618,North,D18,Cardiac,0.79,99.7,1.0,0,2.2,0
B103619,West,D11,Antibiotic,0.83,104.1,5.2,0,9.1,0
B103620,Central,D08,Antibiotic,0.76,98.6,2.1,0,14.5,0
B103621,North-East,D06,Vaccine,0.69,96.2,0.2,0,4.0,0
B103622,North,D07,Antibiotic,0.75,96.9,0.7,0,6.7,0
B103623,South,D23,Vaccine,0.66,102.1,0.7,0,12.5,0
B103624,East,D04,Antibiotic,0.84,97.0,2.4,0,5.8,0
B103625,North-East,D24,Analgesic,0.39,102.6,2.6,0,6.7,0
B103626,Central,D08,Antibiotic,0.79,100.2,1.8,0,15.8,0
B103627,Central,D02,Vaccine,0.71,99.9,8.2,0,8.2,0
B103628,North-East,D06,Cardiac,0.61,100.7,1.3,0,3.0,0
B103629,Central,D02,Vaccine,0.8,98.2,8.8,0,8.7,0
B103630,North-East,D19,Analgesic,0.1,100.3,1.8,0,,0
B103631,North-East,D12,Cardiac,0.82,97.4,1.3,0,25.5,0
B103632,Central,D08,Antidiabetic,0.73,103.0,2.4,0,18.6,0
B103633,Central,D16,Analgesic,0.25,88.3,7.2,0,48.1,1
B103634,Central,D15,Antibiotic,0.76,101.0,0.9,0,0.5,0
B103635,South,D23,Antibiotic,0.76,97.7,4.0,0,17.7,0
B103636,South,D23,Antidiabetic,0.78,98.8,7.1,0,18.9,0
B103637,West,D17,Cardiac,0.84,99.2,3.7,0,8.2,0
B103638,East,D20,Cardiac,0.94,106.6,2.3,0,5.3,0
B103639,East,D20,Cardiac,0.95,100.0,4.5,0,13.2,0
B103640,North-East,D12,Antibiotic,0.56,98.2,,0,5.7,0
B103641,West,D17,Analgesic,0.82,99.0,0.8,0,0.0,0
B103642,Central,D02,Cardiac,0.76,96.7,1.5,0,0.0,0
B103643,North,D18,Antidiabetic,0.8,99.6,5.1,0,0.0,0
B103644,South,D23,Antibiotic,0.83,75.4,1.6,1,8.0,1
B103645,Central,D02,Analgesic,0.72,100.7,,0,12.7,0
B103646,East,D20,Antibiotic,0.89,102.0,5.2,0,1.2,0
B103647,South,D23,Antidiabetic,0.79,98.0,6.7,0,11.4,0
B103648,East,D05,Vaccine,0.5,99.6,6.8,0,11.3,0
B103649,North-East,D12,Cardiac,0.79,100.4,0.5,0,10.4,0
B103650,South,D23,Antibiotic,0.86,90.0,1.0,0,12.8,0
B103651,South,D23,Analgesic,0.75,100.9,1.2,0,9.5,0
B103652,West,D03,Cardiac,0.81,101.4,2.6,0,17.3,0
B103653,Central,D08,Vaccine,0.73,101.2,0.6,0,12.4,0
B103654,West,D17,Cardiac,0.78,99.7,3.0,0,0.0,0
B103655,East,D05,Antidiabetic,0.58,102.4,1.6,0,20.9,0
B103656,Central,D08,Antidiabetic,0.64,99.4,3.1,0,1.3,0
B103657,North,D01,Vaccine,0.68,99.2,,0,7.9,0
B103658,East,D04,Cardiac,0.82,103.2,2.0,0,25.9,0
B103659,Central,D13,Analgesic,0.88,97.6,0.6,0,11.4,0
B103660,Central,D16,Analgesic,0.21,96.3,1.9,0,2.2,0
B103661,Central,D16,Analgesic,0.18,98.1,1.8,1,10.4,0
B103662,North-East,D19,Analgesic,0.09,73.9,0.7,1,28.9,1
B103663,North,D10,Antibiotic,0.9,102.8,0.9,1,9.4,0
B103664,North,D07,Analgesic,0.8,98.5,2.5,0,4.5,0
B103665,North,D01,Antibiotic,0.7,104.0,2.3,0,0.0,0
B103666,East,D05,Vaccine,0.53,100.1,7.2,0,0.0,0
B103667,North,D07,Antibiotic,0.89,99.7,0.4,0,2.5,0
B103668,East,D04,Antibiotic,0.86,98.1,0.3,0,17.1,0
B103669,North,D01,Cardiac,0.67,104.3,3.7,0,0.0,0
B103670,East,D04,Analgesic,0.74,99.7,,0,9.1,0
B103671,Central,D16,Antibiotic,0.1,97.1,0.0,0,17.8,0
B103672,Central,D15,Cardiac,0.69,105.4,,0,12.6,0
B103673,South,D23,Antidiabetic,0.8,100.9,8.5,0,17.9,0
B103674,East,D20,Antidiabetic,0.9,101.8,2.8,0,3.9,0
B103675,Central,D13,Cardiac,0.89,103.7,4.3,0,12.4,0
B103676,East,D04,Antidiabetic,0.82,101.4,2.8,0,16.1,0
B103677,Central,D13,Analgesic,0.82,102.1,2.4,0,14.6,0
B103678,Central,D02,Antidiabetic,0.78,100.1,0.8,0,14.2,0
B103679,North,D10,Antidiabetic,0.92,101.6,0.4,0,0.0,0
B103680,South,D09,Vaccine,0.18,99.9,0.5,0,12.7,0
B103681,North,D10,Antidiabetic,0.85,100.0,,0,11.4,0
B103682,North,D07,Cardiac,0.67,100.3,1.0,0,6.9,0
B103683,West,D17,Cardiac,0.69,69.7,1.5,1,31.7,1
B103684,West,D21,Antidiabetic,0.79,101.1,1.8,1,11.2,0
B103685,North-East,D19,Vaccine,0.17,95.5,12.6,0,,1
B103686,Central,D15,Analgesic,0.67,101.8,0.2,0,5.0,0
B103687,Central,D13,Analgesic,0.82,101.4,2.0,0,14.6,0
B103688,North,D01,Cardiac,0.7,104.4,0.3,1,15.3,0
B103689,North,D18,Antidiabetic,0.81,102.3,4.2,0,11.4,0
B103690,Central,D13,Antidiabetic,0.83,99.5,2.0,0,4.8,0
B103691,North-East,D06,Cardiac,0.71,101.0,7.7,0,0.2,0
B103692,Central,D08,Antidiabetic,0.74,103.1,1.7,1,2.5,0
B103693,South,D23,Antibiotic,0.81,97.9,1.5,0,17.0,0
B103694,Central,D15,Antidiabetic,0.69,104.4,0.5,0,9.4,0
B103695,West,D11,Antibiotic,0.78,98.3,2.4,0,7.3,0
B103696,Central,D15,Analgesic,0.79,102.0,4.6,0,9.1,0
B103697,North,D10,Antibiotic,0.94,100.0,,0,12.8,0
B103698,West,D11,Analgesic,0.71,99.9,1.3,0,0.8,0
B103699,North,D07,Vaccine,0.85,97.1,5.1,0,4.6,0
B103700,West,D11,Antibiotic,0.79,102.0,2.4,0,12.5,0
B103701,West,D17,Analgesic,0.83,,2.5,0,9.7,0
B103702,North,D01,Cardiac,0.69,96.8,5.6,0,15.7,0
B103703,East,D20,Antibiotic,0.92,102.6,0.3,0,13.3,0
B103704,North,D07,Cardiac,0.84,103.9,2.8,0,2.6,0
B103705,West,D17,Antibiotic,0.83,98.5,2.8,0,0.0,0
B103706,Central,D15,Antibiotic,0.81,102.2,3.6,0,9.4,0
B103707,Central,D16,Antibiotic,0.2,101.8,1.5,0,0.7,0
B103708,Central,D15,Analgesic,0.71,101.8,5.8,1,19.9,1
B103709,South,D23,Cardiac,0.66,67.7,3.8,0,35.1,1
B103710,North-East,D12,Analgesic,0.56,99.6,5.1,0,0.8,0
B103711,North,D18,Cardiac,0.78,93.8,3.0,0,12.5,0
B103712,West,D17,Analgesic,0.71,97.2,1.0,1,14.1,0
B103713,North-East,D06,Cardiac,0.64,97.3,4.9,0,10.4,0
B103714,North,D07,Antidiabetic,0.7,102.6,12.1,0,10.3,0
B103715,North,D10,Vaccine,0.81,101.2,4.0,0,0.0,0
B103716,North,D07,Antibiotic,0.75,99.7,1.6,0,8.5,0
B103717,South,D09,Antibiotic,0.32,104.2,4.8,0,7.9,0
B103718,North,D10,Analgesic,0.8,104.2,3.3,0,15.3,0
B103719,Central,D15,Analgesic,0.74,101.0,0.6,0,14.7,0
B103720,East,D05,Antibiotic,0.54,96.8,0.4,0,4.4,0
B103721,East,D20,Antidiabetic,0.98,99.8,6.3,0,0.0,0
B103722,West,D11,Antidiabetic,0.81,98.2,6.0,1,0.0,0
B103723,West,D17,Vaccine,0.77,100.2,0.9,0,17.9,0
B103724,Central,D02,Antibiotic,0.64,97.9,3.1,0,7.5,0
B103725,West,D11,Antibiotic,0.74,97.4,2.8,0,0.0,0
B103726,North,D01,Vaccine,0.7,99.1,0.6,0,33.9,1
B103727,West,D17,Antidiabetic,0.79,100.4,0.4,0,9.6,0
B103728,Central,D08,Analgesic,0.71,94.9,1.3,0,8.8,0
B103729,South,D23,Antibiotic,0.87,99.3,4.3,0,19.6,0
B103730,Central,D08,Analgesic,0.76,97.8,0.1,0,7.4,0
B103731,Central,D13,Antibiotic,0.82,98.4,2.3,1,10.7,0
B103732,North-East,D06,Analgesic,0.57,97.6,3.5,0,7.7,0
B103733,Central,D15,Analgesic,0.83,99.9,0.4,0,13.7,0
B103734,West,D11,Analgesic,0.79,,0.6,0,48.8,1
B103735,South,D09,Analgesic,0.31,100.4,,0,14.6,0
B103736,East,D05,Antidiabetic,0.46,97.7,2.0,0,21.8,0
B103737,West,D03,Antibiotic,0.65,99.8,0.3,0,11.8,0
B103738,West,D03,Cardiac,0.65,99.2,1.7,0,0.0,0
B103739,North-East,D24,Antibiotic,0.3,100.0,2.6,0,2.2,0
B103740,North,D10,Vaccine,0.83,103.6,3.2,0,13.7,0
B103741,North,D01,Antidiabetic,0.67,100.4,2.6,0,6.3,0
B103742,South,D23,Cardiac,0.78,,2.7,0,8.0,0
B103743,North,D01,Antibiotic,0.65,98.6,,0,2.3,0
B103744,North,D10,Analgesic,0.82,100.5,0.4,0,18.1,0
B103745,West,D17,Cardiac,0.84,99.4,1.2,0,18.7,0
B103746,East,D22,Antidiabetic,0.68,100.1,0.5,0,6.4,0
B103747,West,D17,Analgesic,0.8,101.4,1.2,0,6.5,0
B103748,West,D11,Antibiotic,0.84,98.9,,1,16.9,0
B103749,North-East,D24,Analgesic,0.28,99.1,4.9,0,15.3,0
B103750,North,D01,Antibiotic,0.66,98.9,0.1,0,0.0,0
B103751,North-East,D24,Antibiotic,0.34,98.9,3.2,0,12.8,0
B103752,West,D21,Analgesic,0.77,100.4,6.5,0,11.5,0
B103753,South,D23,Cardiac,0.8,99.2,0.2,0,9.3,0
B103754,North-East,D06,Antibiotic,0.53,41.1,19.7,1,16.3,1
B103755,East,D04,Cardiac,0.74,105.9,1.5,0,2.0,0
B103756,Central,D16,Cardiac,0.18,97.6,0.8,0,0.0,0
B103757,North-East,D12,Cardiac,0.58,100.6,1.3,0,3.4,1
B103758,North-East,D12,Antibiotic,0.66,102.3,2.5,0,0.0,1
B103759,East,D22,Vaccine,0.84,99.4,4.3,0,4.2,0
B103760,Central,D15,Antibiotic,0.83,97.8,0.2,0,10.8,0
B103761,North,D07,Antibiotic,0.79,103.8,2.2,0,0.0,0
B103762,North,D10,Vaccine,0.9,101.5,,0,17.3,0
B103763,West,D03,Vaccine,0.71,100.7,0.8,1,,0
B103764,East,D05,Antibiotic,0.5,103.2,1.4,0,9.7,0
B103765,East,D04,Antibiotic,0.73,101.7,5.9,0,12.3,0
B103766,East,D20,Antidiabetic,1.0,99.9,1.6,0,0.0,0
B103767,West,D17,Cardiac,0.71,97.9,2.1,0,9.3,0
B103768,Central,D13,Vaccine,0.96,98.9,2.1,0,0.0,0
B103769,South,D09,Antidiabetic,0.28,102.7,0.3,0,0.0,0
B103770,Central,D16,Antibiotic,0.13,82.0,4.6,1,,1
B103771,East,D20,Analgesic,0.95,99.6,0.9,0,6.9,0
B103772,West,D21,Cardiac,0.96,103.9,1.4,0,7.7,0
B103773,Central,D13,Analgesic,0.96,99.7,6.6,0,7.5,0
B103774,East,D20,Antibiotic,0.9,102.2,0.4,0,0.0,0
B103775,North-East,D12,Vaccine,0.62,100.5,2.3,0,8.7,0
B103776,West,D11,Analgesic,0.76,104.3,1.3,0,3.1,0
B103777,West,D21,Analgesic,0.82,101.7,1.7,0,8.9,0
B103778,South,D09,Analgesic,0.32,92.8,2.4,0,6.3,0
B103779,North,D10,Analgesic,0.88,99.6,3.9,0,0.0,0
B103780,North,D07,Vaccine,0.68,85.0,2.5,1,29.8,1
B103781,North-East,D12,Analgesic,0.69,98.4,0.8,0,11.8,0
B103782,Central,D13,Antibiotic,0.86,97.0,9.3,0,13.9,0
B103783,Central,D16,Antidiabetic,0.19,100.7,1.1,0,0.0,0
B103784,North,D10,Cardiac,0.85,98.8,,0,2.7,0
B103785,East,D05,Analgesic,0.6,98.8,0.6,0,4.9,0
B103786,West,D21,Cardiac,0.89,99.8,0.0,0,16.2,0
B103787,Central,D08,Antibiotic,0.71,100.1,0.3,0,11.3,0
B103788,East,D22,Vaccine,0.77,100.0,0.5,0,0.0,0
B103789,East,D05,Analgesic,0.5,103.8,2.5,0,11.4,0
B103790,Central,D13,Analgesic,0.77,101.5,4.8,0,16.9,0
B103791,Central,D13,Cardiac,0.87,104.6,0.1,0,9.5,0
B103792,East,D20,Antidiabetic,1.0,99.0,3.2,0,2.6,0
B103793,East,D04,Vaccine,0.75,101.7,0.4,0,13.9,0
B103794,East,D22,Vaccine,0.77,99.2,0.7,0,9.3,0
B103795,Central,D13,Analgesic,0.87,98.8,17.3,0,6.3,0
B103796,Central,D14,Vaccine,0.48,104.7,2.6,0,14.3,0
B103797,North-East,D12,Antibiotic,0.6,98.3,1.2,0,8.0,0
B103798,North,D01,Antidiabetic,0.61,95.1,,0,8.6,0
B103799,North-East,D12,Cardiac,0.58,91.1,5.5,0,14.0,0
B103800,North-East,D06,Antidiabetic,0.67,95.6,9.6,0,4.5,0
B103801,Central,D08,Antibiotic,0.7,68.3,6.1,0,19.7,1
B103802,Central,D16,Antibiotic,0.16,98.1,0.9,0,10.3,0
B103803,North-East,D12,Analgesic,0.78,100.1,2.3,0,18.9,0
B103804,West,D03,Antidiabetic,0.65,95.5,4.3,0,0.0,0
B103805,Central,D02,Antibiotic,0.76,102.6,1.4,0,13.1,0
B103806,East,D05,Antibiotic,0.59,95.9,,0,8.2,0
B103807,East,D05,Antibiotic,0.58,99.7,0.7,0,4.3,0
B103808,Central,D15,Cardiac,0.64,99.3,0.6,0,3.5,0
B103809,East,D04,Cardiac,0.81,101.8,2.9,0,14.3,0
B103810,West,D21,Cardiac,0.85,100.8,0.6,0,12.8,0
B103811,East,D05,Antibiotic,0.64,102.6,3.7,0,0.7,0
B103812,West,D03,Cardiac,0.64,89.2,,0,10.1,0
B103813,West,D21,Analgesic,0.8,99.0,4.1,0,17.6,0
B103814,North,D07,Antibiotic,0.81,100.9,4.6,0,,0
B103815,North,D10,Vaccine,0.87,102.3,1.4,0,0.0,0
B103816,South,D23,Analgesic,0.84,83.2,0.7,0,12.5,0
B103817,South,D23,Vaccine,0.75,100.7,4.5,0,0.0,0
B103818,West,D17,Antidiabetic,0.74,100.5,0.3,0,9.5,0
B103819,Central,D02,Analgesic,0.75,99.9,1.2,0,2.8,0
B103820,Central,D14,Vaccine,0.54,100.9,0.3,0,10.8,0
B103821,North-East,D24,Cardiac,0.27,104.5,2.3,0,3.3,0
B103822,South,D23,Cardiac,0.8,99.5,0.8,0,0.7,0
B103823,West,D03,Antibiotic,0.63,99.2,1.2,0,10.2,0
B103824,North,D10,Analgesic,0.95,99.0,0.0,0,8.8,0
B103825,North,D07,Antibiotic,0.79,100.9,6.3,0,13.8,0
B103826,West,D03,Vaccine,0.75,95.3,,1,4.3,0
B103827,West,D17,Cardiac,0.78,99.7,4.9,0,0.0,0
B103828,North,D07,Analgesic,0.79,101.9,3.0,0,12.7,0
B103829,Central,D08,Vaccine,0.67,98.8,2.5,0,18.1,0
B103830,Central,D02,Antibiotic,0.61,100.4,2.3,0,4.0,0
B103831,North-East,D12,Analgesic,0.73,91.9,1.2,0,11.4,0
B103832,East,D04,Vaccine,0.85,100.7,0.6,0,5.8,0
B103833,North,D10,Antidiabetic,0.85,95.1,5.3,0,21.5,0
B103834,East,D04,Analgesic,0.77,96.9,0.5,0,4.3,0
B103835,South,D23,Antidiabetic,0.75,99.4,1.0,0,7.7,0
B103836,East,D04,Vaccine,0.91,98.2,27.8,0,0.0,0
B103837,North-East,D12,Cardiac,0.76,100.2,10.6,0,19.0,0
B103838,East,D05,Antibiotic,0.49,99.4,1.1,0,4.3,0
B103839,Central,D02,Vaccine,0.78,102.6,1.3,0,17.1,0
B103840,East,D05,Antibiotic,0.53,97.6,,0,3.3,0
B103841,Central,D02,Antibiotic,0.73,99.5,0.1,0,7.4,0
B103842,East,D04,Antidiabetic,0.96,100.5,0.8,0,,0
B103843,North-East,D12,Cardiac,0.63,100.8,0.7,0,1.5,0
B103844,Central,D16,Analgesic,0.26,100.3,4.0,0,5.9,0
B103845,Central,D02,Analgesic,0.76,94.7,1.7,0,7.0,0
B103846,West,D11,Analgesic,0.75,100.2,2.0,0,5.4,1
B103847,Central,D14,Analgesic,0.54,99.7,2.6,0,0.0,0
B103848,North-East,D06,Cardiac,0.61,101.9,0.4,0,,0
B103849,South,D09,Analgesic,0.24,99.3,9.8,0,27.5,1
B103850,Central,D02,Cardiac,0.82,100.5,6.4,0,5.6,0
B103851,East,D05,Vaccine,0.6,100.7,2.5,0,0.0,0
B103852,West,D11,Antidiabetic,0.83,103.0,0.8,0,14.3,0
B103853,North-East,D24,Antibiotic,0.06,102.5,0.9,0,16.6,0
B103854,North-East,D24,Vaccine,0.32,100.6,0.5,0,12.1,0
B103855,North-East,D24,Antidiabetic,0.3,104.7,2.4,0,4.7,0
B103856,North,D10,Antibiotic,0.83,98.6,1.7,0,,0
B103857,Central,D02,Antibiotic,0.78,97.4,0.3,0,6.2,0
B103858,Central,D08,Vaccine,0.77,100.0,3.2,0,7.6,0
B103859,North-East,D06,Analgesic,0.64,99.2,5.9,0,11.4,0
B103860,North,D01,Antidiabetic,0.68,94.6,0.2,0,10.8,0
B103861,West,D03,Cardiac,0.78,98.6,2.4,0,0.0,0
B103862,West,D11,Analgesic,0.8,100.8,1.3,0,12.6,0
B103863,Central,D08,Antidiabetic,0.79,99.9,0.1,0,10.7,0
B103864,East,D04,Analgesic,0.88,98.3,,0,,0
B103865,West,D17,Antidiabetic,0.85,100.1,10.9,0,1.2,0
B103866,Central,D08,Antibiotic,0.82,100.3,2.8,0,8.4,0
B103867,West,D21,Analgesic,0.82,101.6,,0,9.3,0
B103868,North-East,D06,Antibiotic,0.65,98.6,4.1,0,0.3,0
B103869,Central,D13,Antibiotic,0.88,101.9,2.0,0,8.4,0
B103870,East,D05,Cardiac,0.64,97.6,5.2,0,,0
B103871,North-East,D12,Antibiotic,0.72,98.9,3.7,0,14.0,0
B103872,East,D04,Analgesic,0.81,103.7,2.0,0,7.2,0
B103873,East,D04,Cardiac,0.99,97.7,1.1,0,0.0,0
B103874,Central,D15,Antibiotic,0.59,98.6,1.7,1,9.8,0
B103875,North-East,D06,Analgesic,0.63,97.2,0.6,0,0.0,0
B103876,East,D04,Cardiac,0.81,98.2,0.2,0,2.1,0
B103877,South,D23,Antidiabetic,0.92,100.3,1.2,0,0.0,0
B103878,North,D01,Vaccine,0.71,87.7,3.0,0,11.5,0
B103879,Central,D13,Antidiabetic,0.82,100.0,3.3,0,0.4,0
B103880,Central,D13,Cardiac,0.86,99.3,8.4,0,15.0,0
B103881,North-East,D06,Cardiac,0.55,97.3,0.5,0,0.0,0
B103882,West,D11,Vaccine,0.74,98.4,1.0,0,0.0,0
B103883,Central,D02,Cardiac,0.72,96.6,0.7,0,,0
B103884,North,D18,Cardiac,0.76,101.6,5.3,0,0.0,0
B103885,East,D05,Vaccine,0.54,101.8,0.1,0,17.2,0
B103886,East,D05,Antidiabetic,0.55,99.9,6.0,0,3.2,1
B103887,North,D07,Antidiabetic,0.72,101.0,2.0,0,16.1,0
B103888,East,D22,Analgesic,0.67,101.9,5.2,0,5.9,0
B103889,East,D20,Cardiac,0.95,100.2,1.4,0,10.5,0
B103890,South,D23,Analgesic,0.84,103.1,2.3,0,4.3,0
B103891,Central,D16,Cardiac,0.23,,0.7,0,24.6,0
B103892,Central,D16,Cardiac,0.22,99.2,1.7,0,0.0,0
B103893,West,D11,Antibiotic,0.85,99.0,,1,0.0,0
B103894,East,D22,Antibiotic,0.83,101.4,3.6,0,9.8,0
B103895,North-East,D12,Vaccine,0.82,96.8,1.2,0,0.8,0
B103896,Central,D08,Antidiabetic,0.94,98.1,,0,9.4,0
B103897,Central,D15,Vaccine,0.61,101.2,0.4,0,7.5,0
B103898,Central,D13,Antidiabetic,0.74,103.9,14.1,0,4.3,0
B103899,West,D03,Analgesic,0.69,99.9,1.4,0,5.2,0
B103900,North,D10,Vaccine,0.87,98.8,3.6,1,10.9,0
B103901,North,D07,Antidiabetic,0.78,101.4,0.5,0,5.5,0
B103902,West,D21,Analgesic,0.87,102.3,0.2,0,6.9,0
B103903,South,D09,Vaccine,0.23,84.5,7.0,1,35.4,1
B103904,East,D20,Antibiotic,0.89,95.6,2.5,0,19.4,0
B103905,West,D11,Antibiotic,0.72,96.0,0.9,0,17.2,0
B103906,North,D18,Antibiotic,0.79,100.6,1.0,0,0.0,0
B103907,West,D03,Vaccine,0.74,103.4,1.0,0,8.0,0
B103908,East,D22,Analgesic,0.74,97.1,4.3,0,2.3,0
B103909,West,D11,Vaccine,0.74,99.4,0.1,1,0.0,0
B103910,North-East,D06,Antibiotic,0.63,99.2,0.6,0,0.0,0
B103911,North-East,D06,Vaccine,0.58,104.2,1.3,0,5.7,0
B103912,North-East,D06,Analgesic,0.66,105.0,5.9,0,6.3,0
B103913,South,D09,Antidiabetic,0.19,100.9,1.0,0,17.5,0
B103914,West,D17,Vaccine,0.71,102.0,0.6,0,,0
B103915,South,D23,Antibiotic,0.82,101.9,0.6,0,11.4,0
B103916,Central,D16,Analgesic,0.21,97.2,0.7,0,13.2,0
B103917,Central,D13,Antidiabetic,0.82,101.5,9.6,0,14.0,0
B103918,West,D11,Cardiac,0.84,97.8,,0,11.4,0
B103919,East,D20,Cardiac,1.0,99.6,,0,17.7,0
B103920,West,D21,Antidiabetic,0.79,102.5,0.2,1,0.0,0
B103921,North,D07,Analgesic,0.87,100.2,5.6,0,4.6,0
B103922,South,D23,Antidiabetic,0.66,102.4,5.7,0,3.6,0
B103923,North,D10,Antibiotic,0.9,102.9,0.6,0,4.1,0
B103924,East,D20,Cardiac,0.88,96.1,4.1,0,6.9,0
B103925,South,D23,Antidiabetic,0.86,95.2,12.4,0,19.4,1
B103926,West,D17,Antidiabetic,0.72,102.6,0.2,0,14.3,0
B103927,East,D04,Analgesic,0.85,102.6,4.8,0,16.6,0
B103928,Central,D14,Cardiac,0.41,100.6,0.3,0,7.5,0
B103929,West,D03,Antibiotic,0.68,100.9,0.9,0,7.1,0
B103930,North-East,D19,Analgesic,0.21,103.2,7.9,0,43.7,1
B103931,North,D07,Vaccine,0.77,101.9,7.9,0,11.0,0
B103932,West,D17,Analgesic,0.9,88.9,68.5,0,11.5,1
B103933,East,D22,Cardiac,0.75,102.1,2.9,0,24.2,0
B103934,East,D04,Vaccine,0.94,99.2,1.3,0,12.1,0
B103935,North,D10,Antibiotic,0.74,100.5,0.6,0,2.5,0
B103936,Central,D16,Vaccine,0.17,100.4,2.8,0,3.1,0
B103937,North,D10,Cardiac,0.8,91.0,0.3,0,13.9,0
B103938,East,D04,Cardiac,0.94,98.4,3.8,0,13.3,0
B103939,North,D01,Cardiac,0.71,104.9,22.2,0,14.9,0
B103940,North,D10,Antibiotic,0.71,98.0,1.2,0,11.6,0
B103941,Central,D16,Cardiac,0.11,100.8,3.0,0,0.7,0
B103942,Central,D14,Cardiac,0.4,101.3,14.5,0,18.8,0
B103943,East,D04,Antibiotic,0.91,99.9,0.1,0,,0
B103944,West,D11,Vaccine,0.8,101.5,4.2,0,5.3,0
B103945,South,D09,Analgesic,0.23,100.7,0.3,0,10.6,0
B103946,North,D07,Vaccine,0.75,98.1,0.8,0,9.3,0
B103947,North,D18,Antibiotic,0.85,81.9,0.7,1,41.6,1
B103948,North,D07,Antibiotic,0.71,98.8,5.8,0,0.0,0
B103949,Central,D13,Antibiotic,0.9,103.8,0.7,0,12.0,0
B103950,East,D22,Antibiotic,0.79,100.9,0.8,0,0.0,0
B103951,Central,D13,Vaccine,0.86,98.5,5.2,0,3.8,0
B103952,Central,D15,Cardiac,0.74,100.8,8.0,0,20.0,0
B103953,Central,D02,Analgesic,0.75,98.0,5.8,0,10.9,0
B103954,East,D04,Analgesic,0.88,100.6,0.9,0,10.7,0
B103955,West,D03,Cardiac,0.61,99.5,0.5,0,5.9,0
B103956,North-East,D19,Analgesic,0.14,,0.6,0,0.0,0
B103957,East,D20,Antibiotic,0.99,98.2,3.0,0,10.9,0
B103958,East,D05,Antibiotic,0.54,105.4,1.8,0,11.5,0
B103959,East,D05,Antibiotic,0.56,100.2,3.7,0,13.6,0
B103960,Central,D08,Analgesic,0.75,99.1,0.7,0,5.3,0
B103961,Central,D14,Analgesic,0.51,76.0,0.6,1,12.0,1
B103962,Central,D15,Vaccine,0.72,101.0,8.2,0,12.0,0
B103963,West,D17,Analgesic,0.71,98.6,3.2,0,0.0,0
B103964,East,D22,Antidiabetic,0.82,97.6,2.1,1,13.7,0
B103965,North,D07,Vaccine,0.68,95.7,4.0,0,6.9,0
B103966,Central,D16,Analgesic,0.2,99.9,,0,10.1,0
B103967,Central,D13,Analgesic,0.85,99.1,0.5,0,24.2,0
B103968,North,D07,Cardiac,0.75,98.0,0.5,0,6.1,0
B103969,East,D22,Cardiac,0.78,99.1,0.2,0,9.0,0
B103970,West,D03,Cardiac,0.65,99.0,10.4,0,8.2,0
B103971,West,D17,Antibiotic,0.81,98.7,1.3,0,0.0,0
B103972,North,D18,Analgesic,0.81,79.4,4.2,1,28.4,1
B103973,East,D22,Cardiac,0.73,104.9,7.3,0,0.0,0
B103974,North-East,D12,Vaccine,0.74,102.9,2.4,0,13.3,0
B103975,Central,D08,Antidiabetic,0.77,104.3,1.4,0,3.2,0
B103976,East,D20,Vaccine,0.97,98.8,,0,2.8,0
B103977,North-East,D19,Analgesic,0.19,87.2,,1,16.8,0
B103978,North-East,D12,Analgesic,0.74,,2.2,0,0.0,0
B103979,North-East,D19,Analgesic,0.14,108.0,15.6,0,56.0,1
B103980,North-East,D06,Cardiac,0.58,101.0,5.3,0,0.3,0
B103981,Central,D14,Antibiotic,0.37,,2.3,0,42.3,1
B103982,West,D21,Analgesic,0.84,101.6,2.3,0,6.5,0
B103983,North,D07,Analgesic,0.85,101.1,1.3,0,16.6,0
B103984,North-East,D12,Antidiabetic,0.68,89.6,2.2,0,13.1,0
B103985,South,D23,Analgesic,0.6,99.7,,0,4.2,0
B103986,East,D20,Antidiabetic,0.98,101.9,18.2,0,6.9,0
B103987,East,D22,Antidiabetic,0.82,88.6,7.7,0,4.2,0
B103988,South,D09,Vaccine,0.23,101.0,0.6,0,0.0,0
B103989,North-East,D24,Antidiabetic,0.35,98.3,0.4,0,0.7,0
B103990,East,D04,Antidiabetic,0.89,100.6,3.4,0,9.9,0
B103991,North-East,D12,Vaccine,0.62,99.8,0.6,0,2.9,0
B103992,West,D11,Analgesic,0.83,99.6,5.1,0,7.6,1
B103993,East,D20,Vaccine,0.85,98.5,1.2,0,0.9,0
B103994,East,D22,Analgesic,0.77,102.0,1.2,0,13.5,0
B103995,North,D18,Antibiotic,0.79,88.5,1.3,1,19.8,1
B103996,Central,D15,Cardiac,0.67,100.5,,0,18.9,0
B103997,North,D10,Analgesic,0.85,104.5,1.2,0,17.5,0
B103998,North-East,D12,Analgesic,0.74,101.0,2.2,1,1.5,0
B103999,North-East,D12,Antibiotic,0.73,102.6,,0,2.0,0
B104000,North,D01,Cardiac,0.74,100.6,3.2,0,10.5,0
B104001,North-East,D12,Analgesic,0.56,80.5,5.0,1,7.0,1
B104002,West,D21,Analgesic,0.75,97.0,0.6,1,13.5,1
B104003,West,D17,Vaccine,0.79,100.5,1.4,0,5.6,0
B104004,East,D20,Antibiotic,0.93,94.1,3.4,0,14.4,0
B104005,South,D09,Analgesic,0.21,100.6,3.3,0,14.6,0
B104006,Central,D13,Antidiabetic,0.99,100.7,0.1,0,5.9,0
B104007,North,D01,Antibiotic,0.7,99.5,2.2,0,0.0,0
B104008,South,D09,Cardiac,0.28,99.8,3.9,0,15.1,1
B104009,West,D11,Antibiotic,0.81,97.2,0.5,0,3.7,0
B104010,North-East,D06,Cardiac,0.6,103.0,2.4,0,7.8,0
B104011,North,D01,Antibiotic,0.85,99.3,0.2,0,7.0,0
B104012,West,D17,Analgesic,0.72,97.9,0.9,0,10.7,0
B104013,North,D10,Vaccine,0.8,101.2,0.9,0,,0
B104014,North,D10,Antibiotic,0.78,100.2,3.8,0,0.2,0
B104015,North-East,D06,Vaccine,0.69,99.2,1.7,0,9.1,0
B104016,Central,D13,Vaccine,0.92,99.0,3.3,1,13.8,0
B104017,West,D11,Analgesic,0.72,100.0,1.0,0,7.1,0
B104018,West,D11,Antidiabetic,0.7,103.0,7.8,1,7.1,0
B104019,Central,D14,Analgesic,0.54,58.9,12.5,0,45.9,1
B104020,North,D01,Antidiabetic,0.72,99.9,1.0,0,11.6,0
B104021,East,D22,Analgesic,0.85,95.0,3.9,0,12.1,0
B104022,Central,D02,Antibiotic,0.74,100.1,0.6,0,7.2,0
B104023,West,D11,Antibiotic,0.79,100.9,0.7,0,1.2,0
B104024,East,D05,Analgesic,0.54,100.3,0.2,0,8.6,0
B104025,North-East,D12,Vaccine,0.62,101.3,1.6,0,9.2,0
B104026,North,D07,Antidiabetic,0.77,99.0,,0,,0
B104027,West,D21,Cardiac,0.76,97.5,1.0,0,0.4,0
B104028,North,D10,Analgesic,0.87,102.0,2.0,0,9.8,0
B104029,Central,D15,Analgesic,0.76,103.3,3.6,0,9.1,0
B104030,North-East,D06,Vaccine,0.65,97.6,1.6,0,10.9,0
B104031,North,D01,Analgesic,0.74,100.4,1.6,0,7.0,0
B104032,North,D10,Antibiotic,0.83,99.0,1.2,0,17.0,0
B104033,Central,D13,Antibiotic,0.97,101.9,1.4,0,8.0,0
B104034,West,D11,Vaccine,0.81,100.5,0.1,0,17.8,0
B104035,South,D23,Antibiotic,0.89,107.3,2.5,0,9.6,0
B104036,West,D17,Cardiac,0.86,99.3,5.6,0,0.0,0
B104037,North-East,D24,Antibiotic,0.28,103.4,,0,13.9,1
B104038,North,D07,Antibiotic,0.8,93.4,0.6,0,5.5,0
B104039,North-East,D19,Antidiabetic,0.15,101.2,0.0,0,4.9,0
B104040,Central,D13,Antidiabetic,0.8,100.1,0.5,0,15.3,0
B104041,Central,D15,Analgesic,0.65,100.2,2.0,0,0.0,0
B104042,North-East,D24,Analgesic,0.21,100.0,0.4,0,0.0,0
B104043,Central,D16,Cardiac,0.18,55.4,11.7,0,41.9,1
B104044,East,D22,Antibiotic,0.75,98.1,2.1,0,10.1,0
B104045,North,D18,Analgesic,0.72,99.6,0.6,0,14.1,0
B104046,West,D03,Antibiotic,0.7,99.4,0.6,0,9.0,0
B104047,West,D17,Analgesic,0.77,96.2,0.3,0,0.0,0
B104048,North-East,D12,Antidiabetic,0.73,101.9,1.0,0,1.2,0
B104049,East,D22,Cardiac,0.89,102.3,0.9,0,0.0,0
B104050,East,D20,Antidiabetic,0.96,98.6,3.5,0,0.0,0
B104051,West,D03,Cardiac,0.65,80.0,7.5,1,10.2,1
B104052,West,D03,Analgesic,0.73,96.5,0.6,0,11.6,0
B104053,Central,D02,Cardiac,0.74,86.6,3.9,1,19.6,1
B104054,North-East,D12,Cardiac,0.64,99.7,0.8,0,11.5,0
B104055,Central,D02,Analgesic,0.69,100.2,0.7,0,4.1,0
B104056,North,D18,Vaccine,0.78,100.2,2.3,0,15.6,0
B104057,Central,D13,Analgesic,0.86,99.8,0.5,0,6.5,0
B104058,East,D20,Vaccine,0.98,99.1,1.3,0,8.4,0
B104059,North,D07,Analgesic,0.81,99.8,6.5,0,3.4,0
B104060,North-East,D12,Antibiotic,0.77,93.6,1.8,0,6.3,0
B104061,West,D03,Analgesic,0.73,98.7,2.2,0,5.1,0
B104062,East,D22,Antibiotic,0.79,105.0,1.3,0,0.0,0
B104063,East,D04,Vaccine,0.83,,2.0,0,12.5,0
B104064,West,D03,Analgesic,0.63,100.5,3.3,0,9.2,0
B104065,East,D05,Antibiotic,0.49,101.3,4.3,0,13.6,0
B104066,East,D20,Antidiabetic,0.89,99.4,0.2,0,3.1,0
B104067,West,D03,Analgesic,0.54,103.0,0.5,0,12.9,0
B104068,Central,D15,Vaccine,0.66,101.2,0.6,0,0.0,0
B104069,North,D18,Antibiotic,0.9,91.5,0.1,0,11.8,0
B104070,North,D18,Cardiac,0.83,103.0,3.3,0,12.7,0
B104071,East,D05,Analgesic,0.5,97.8,1.6,0,0.7,0
B104072,Central,D02,Analgesic,0.76,98.8,2.3,0,15.8,0
B104073,West,D11,Antibiotic,0.64,101.2,1.9,0,18.9,0
B104074,East,D05,Cardiac,0.54,101.8,11.0,0,4.0,0
B104075,West,D17,Antidiabetic,0.85,100.7,2.9,0,18.1,0
B104076,Central,D08,Vaccine,0.75,99.7,1.7,1,0.0,0
B104077,West,D11,Antibiotic,0.65,99.4,7.1,0,7.0,0
B104078,West,D03,Antibiotic,0.67,102.5,1.5,0,0.0,0
B104079,Central,D13,Antibiotic,0.95,100.5,3.9,0,14.5,0
B104080,East,D05,Cardiac,0.54,98.1,0.8,0,0.0,0
B104081,West,D17,Antidiabetic,0.69,44.5,6.1,0,28.8,1
B104082,Central,D02,Antidiabetic,0.88,103.3,1.4,0,9.8,0
B104083,North-East,D24,Cardiac,0.21,78.0,2.4,0,26.6,1
B104084,West,D17,Antibiotic,0.76,100.6,,0,5.2,0
B104085,East,D04,Antidiabetic,0.79,103.0,0.2,0,9.0,0
B104086,North,D01,Vaccine,0.63,101.2,1.9,0,20.3,0
B104087,Central,D08,Vaccine,0.73,98.3,,0,1.3,0
B104088,East,D04,Cardiac,0.89,97.8,3.5,0,1.1,0
B104089,East,D05,Antibiotic,0.6,104.1,1.2,0,15.6,0
B104090,West,D21,Cardiac,0.8,97.7,3.1,0,9.6,0
B104091,Central,D15,Antidiabetic,0.66,98.8,6.4,0,18.0,0
B104092,East,D04,Cardiac,0.88,100.8,1.5,0,0.0,0
B104093,Central,D13,Cardiac,0.9,99.5,1.1,0,0.0,0
B104094,North-East,D06,Vaccine,0.61,101.3,0.3,0,0.0,0
B104095,North-East,D24,Antibiotic,0.31,96.8,0.4,0,12.9,0
B104096,North,D01,Cardiac,0.69,99.5,5.8,0,16.4,0
B104097,North,D18,Analgesic,0.81,101.5,,0,15.5,0
B104098,North-East,D19,Antidiabetic,0.09,101.5,1.3,0,11.9,0
B104099,Central,D02,Antibiotic,0.8,98.7,3.8,0,16.8,0
B104100,East,D04,Vaccine,0.98,97.8,1.1,0,3.7,0
B104101,South,D09,Vaccine,0.25,100.5,0.0,0,0.0,0
B104102,West,D21,Cardiac,0.83,97.1,5.8,0,0.0,0
B104103,Central,D13,Cardiac,0.89,102.8,1.7,0,0.0,0
B104104,Central,D16,Antidiabetic,0.15,100.3,1.7,0,0.0,0
B104105,North-East,D19,Vaccine,0.15,98.5,3.3,0,0.0,0
B104106,East,D20,Analgesic,0.96,97.7,1.6,0,1.5,0
B104107,West,D11,Antibiotic,0.73,98.6,0.0,0,12.2,0
B104108,North-East,D12,Vaccine,0.71,96.6,0.4,0,10.1,0
B104109,West,D17,Vaccine,0.78,101.1,1.3,0,18.6,0
B104110,North-East,D06,Analgesic,0.54,75.7,12.9,0,24.1,1
B104111,West,D21,Analgesic,0.85,100.9,2.3,0,10.6,0
B104112,North,D01,Vaccine,0.71,101.2,1.0,0,17.2,1
B104113,East,D05,Analgesic,0.58,102.1,0.3,0,4.4,0
B104114,East,D20,Cardiac,0.98,100.6,2.7,0,4.9,0
B104115,Central,D08,Antibiotic,0.75,102.5,1.8,0,17.7,0
B104116,East,D04,Vaccine,0.82,103.0,4.2,0,5.5,0
B104117,East,D05,Cardiac,0.52,100.6,1.3,0,18.0,0
B104118,Central,D13,Cardiac,0.89,100.7,4.3,0,,0
B104119,West,D21,Cardiac,0.86,98.8,1.6,0,19.3,0
B104120,Central,D02,Antibiotic,0.76,97.8,0.2,0,16.8,0
B104121,North,D01,Analgesic,0.69,102.8,2.7,0,1.3,0
B104122,West,D11,Antidiabetic,0.81,101.3,2.9,0,5.8,0
B104123,South,D23,Vaccine,0.76,101.5,3.2,0,0.0,0
B104124,North,D07,Analgesic,0.93,95.9,4.4,0,4.5,0
B104125,South,D23,Antidiabetic,0.85,103.6,1.6,0,0.0,0
B104126,East,D22,Antibiotic,0.7,99.5,3.6,0,0.0,0
B104127,North,D07,Cardiac,0.79,98.2,4.0,0,0.0,0
B104128,East,D20,Antidiabetic,0.98,98.7,3.4,0,15.3,0
B104129,West,D17,Antibiotic,0.76,103.5,0.5,0,0.0,0
B104130,North-East,D12,Cardiac,0.57,97.6,4.8,0,17.6,0
B104131,North,D10,Analgesic,0.77,98.3,0.3,0,14.4,0
B104132,East,D20,Antidiabetic,0.96,106.4,1.1,0,,0
B104133,East,D20,Antidiabetic,0.83,102.1,0.1,0,10.4,0
B104134,North,D18,Antidiabetic,0.72,98.4,25.5,0,19.5,0
B104135,North-East,D24,Antibiotic,0.32,97.6,2.3,0,0.0,0
B104136,West,D11,Cardiac,0.74,96.3,0.6,0,17.6,0
B104137,East,D20,Antidiabetic,0.89,100.2,0.8,0,29.3,0
B104138,West,D21,Analgesic,0.8,101.6,,0,6.2,0
B104139,East,D05,Analgesic,0.44,103.3,0.6,1,7.6,0
B104140,North,D01,Antibiotic,0.73,95.8,7.0,0,1.6,0
B104141,North,D10,Antidiabetic,0.79,97.1,3.8,0,8.5,0
B104142,West,D21,Antibiotic,0.8,99.7,0.9,0,9.3,0
B104143,North,D07,Vaccine,0.8,106.1,0.8,0,0.0,0
B104144,West,D17,Antidiabetic,0.76,101.9,1.4,0,12.3,0
B104145,North,D01,Antidiabetic,0.65,100.8,1.4,0,15.8,0
B104146,Central,D08,Antidiabetic,0.64,97.3,0.4,0,1.8,0
B104147,Central,D15,Analgesic,0.74,95.3,0.2,1,5.0,0
B104148,West,D03,Antibiotic,0.7,100.1,5.8,0,13.9,0
B104149,East,D22,Analgesic,0.74,99.8,0.7,0,1.5,0
B104150,East,D04,Antibiotic,0.79,99.4,2.9,0,13.2,0
B104151,East,D22,Antidiabetic,0.77,99.2,1.7,0,10.0,0
B104152,East,D05,Analgesic,0.55,98.4,3.2,0,24.3,0
B104153,North-East,D24,Analgesic,0.29,97.8,3.5,0,7.1,0
B104154,Central,D15,Antibiotic,0.82,103.1,2.6,0,4.3,0
B104155,Central,D02,Analgesic,0.78,98.0,5.5,0,9.7,0
B104156,Central,D02,Antidiabetic,0.73,99.4,0.0,0,8.8,0
B104157,Central,D02,Cardiac,0.78,99.9,2.5,0,19.4,0
B104158,Central,D14,Antibiotic,0.46,101.6,0.5,0,19.1,0
B104159,East,D20,Antibiotic,0.93,98.1,2.6,0,,0
B104160,North,D10,Vaccine,0.91,102.2,1.0,0,6.7,0
B104161,West,D11,Antibiotic,0.7,98.7,2.1,0,3.1,0
B104162,Central,D14,Antidiabetic,0.46,99.6,3.5,0,1.9,0
B104163,Central,D13,Cardiac,0.94,,1.1,0,0.0,0
B104164,West,D17,Antibiotic,0.79,97.9,0.1,0,19.8,0
B104165,West,D11,Cardiac,0.73,101.6,0.8,0,3.3,0
B104166,West,D17,Vaccine,0.67,102.2,4.0,1,4.9,0
B104167,North-East,D24,Antibiotic,0.15,87.7,0.2,0,10.3,1
B104168,Central,D08,Analgesic,0.88,,7.8,0,3.5,0
B104169,North,D01,Antibiotic,0.71,104.7,5.1,0,6.7,0
B104170,West,D03,Analgesic,0.66,100.0,1.9,0,9.9,0
B104171,Central,D13,Cardiac,0.89,,4.9,0,10.4,0
B104172,Central,D08,Antidiabetic,0.7,99.3,0.6,0,3.7,0
B104173,South,D23,Vaccine,0.78,100.3,6.2,0,15.9,0
B104174,Central,D15,Analgesic,0.66,102.1,1.1,0,9.1,0
B104175,North-East,D12,Antibiotic,0.57,99.4,4.7,0,8.8,0
B104176,East,D20,Analgesic,0.8,95.4,2.7,0,3.3,0
B104177,North-East,D06,Vaccine,0.5,101.1,0.1,0,7.1,0
B104178,East,D20,Analgesic,0.99,97.6,4.4,0,14.8,0
B104179,North,D01,Antibiotic,0.64,101.6,4.1,0,14.8,0
B104180,Central,D15,Antidiabetic,0.75,100.0,1.8,0,5.0,0
B104181,South,D23,Antidiabetic,0.86,102.1,2.3,0,2.6,0
B104182,North-East,D19,Vaccine,0.1,97.9,0.1,0,,0
B104183,West,D21,Cardiac,0.81,98.8,3.0,0,10.1,0
B104184,North,D10,Antibiotic,0.84,99.3,3.2,0,14.1,0
B104185,East,D20,Cardiac,0.91,96.7,0.6,0,1.2,0
B104186,Central,D13,Vaccine,0.94,102.4,1.5,0,7.8,0
B104187,Central,D15,Antibiotic,0.83,96.4,0.3,0,14.2,0
B104188,Central,D02,Cardiac,0.83,102.4,1.4,0,3.0,0
B104189,East,D05,Analgesic,0.39,83.6,5.9,0,2.6,1
B104190,Central,D13,Analgesic,0.85,99.6,3.0,0,19.4,0
B104191,Central,D02,Analgesic,0.74,95.2,64.0,0,6.6,0
B104192,North,D18,Antibiotic,0.83,100.7,13.2,0,6.6,0
B104193,West,D21,Antibiotic,0.72,99.1,51.8,0,10.2,0
B104194,East,D22,Analgesic,0.66,100.7,0.4,0,9.2,0
B104195,West,D03,Analgesic,0.77,101.6,2.4,0,16.5,0
B104196,South,D23,Antibiotic,0.77,97.9,6.8,0,1.8,0
B104197,Central,D02,Vaccine,0.65,100.8,4.0,0,1.9,0
B104198,West,D11,Analgesic,0.69,94.2,4.1,0,9.9,0
B104199,West,D21,Cardiac,0.85,95.8,2.5,0,11.5,0
B104200,Central,D02,Cardiac,0.69,101.2,5.2,0,7.7,0
B104201,North,D01,Analgesic,0.71,99.1,0.2,0,14.3,0
B104202,North,D01,Analgesic,0.64,98.1,6.5,0,17.6,0
B104203,North-East,D12,Analgesic,0.55,99.9,0.4,0,13.2,0
B104204,East,D20,Vaccine,1.0,99.1,3.7,0,10.6,0
B104205,West,D03,Antibiotic,0.71,97.8,2.3,0,6.5,0
B104206,West,D03,Antibiotic,0.67,96.4,3.3,0,8.5,0
B104207,Central,D13,Cardiac,0.84,95.7,0.4,0,0.0,0
B104208,North-East,D06,Antibiotic,0.68,101.6,0.1,0,0.0,0
B104209,North,D18,Analgesic,0.84,99.1,1.3,0,16.8,0
B104210,South,D23,Analgesic,0.87,102.1,6.3,0,20.3,0
B104211,North-East,D19,Vaccine,0.07,99.0,5.0,0,0.0,0
B104212,West,D21,Cardiac,0.83,100.8,,0,11.8,0
B104213,North-East,D12,Cardiac,0.68,99.7,0.6,0,0.0,0
B104214,East,D20,Antibiotic,0.9,100.1,7.2,0,19.5,0
B104215,East,D05,Cardiac,0.52,100.2,3.1,0,7.9,0
B104216,Central,D02,Analgesic,0.7,99.0,,0,25.6,0
B104217,Central,D16,Vaccine,0.21,97.3,13.4,0,3.5,0
B104218,Central,D02,Cardiac,0.66,101.7,7.2,0,4.4,0
B104219,East,D22,Cardiac,0.8,103.5,1.0,0,10.8,0
B104220,West,D17,Vaccine,0.79,103.7,,0,14.3,0
B104221,South,D23,Antidiabetic,0.79,98.8,1.9,0,13.7,0
B104222,North,D07,Analgesic,0.81,98.4,0.7,0,14.8,0
B104223,North-East,D12,Analgesic,0.64,98.8,5.6,0,6.4,0
B104224,North,D18,Antibiotic,0.76,99.6,0.4,0,14.9,0
B104225,North-East,D06,Vaccine,0.63,99.9,5.2,0,23.6,0
B104226,Central,D13,Analgesic,0.91,97.8,13.2,0,13.6,0
B104227,Central,D16,Analgesic,0.16,54.5,10.2,1,28.5,1
B104228,North-East,D24,Analgesic,0.25,100.1,1.0,0,11.0,0
B104229,North,D18,Cardiac,0.79,92.2,4.3,0,0.0,0
B104230,West,D03,Vaccine,0.66,99.8,2.2,0,12.9,0
B104231,West,D11,Cardiac,0.85,97.9,0.2,0,0.0,0
B104232,Central,D14,Cardiac,0.48,101.7,2.4,0,13.0,0
B104233,East,D04,Cardiac,0.85,102.3,5.3,0,7.7,0
B104234,North,D10,Cardiac,0.78,102.4,1.5,0,15.0,0
B104235,North,D07,Antidiabetic,0.82,99.2,8.5,0,8.3,0
B104236,West,D03,Antibiotic,0.65,97.5,0.0,0,17.9,0
B104237,North-East,D12,Cardiac,0.62,98.2,2.7,0,,0
B104238,East,D04,Antidiabetic,0.9,100.6,0.2,0,15.7,0
B104239,Central,D14,Analgesic,0.48,96.4,1.6,0,5.3,0
B104240,East,D04,Antibiotic,0.7,103.1,1.2,0,4.9,0
B104241,North,D18,Antidiabetic,0.79,99.3,0.3,0,0.0,0
B104242,East,D05,Antibiotic,0.53,96.7,17.2,1,21.6,1
B104243,East,D22,Vaccine,0.75,96.1,4.5,0,8.7,0
B104244,North,D01,Antibiotic,0.71,98.0,0.5,0,8.5,0
B104245,North-East,D12,Analgesic,0.55,95.8,1.0,0,10.8,0
B104246,Central,D08,Analgesic,0.59,102.2,1.2,0,3.2,0
B104247,East,D05,Analgesic,0.46,99.6,3.1,0,9.2,1
B104248,West,D11,Antidiabetic,0.77,101.3,0.1,0,17.4,0
B104249,West,D21,Analgesic,0.63,100.1,1.4,0,11.0,0
B104250,East,D22,Analgesic,0.72,101.0,0.8,0,8.3,0
B104251,North,D07,Antidiabetic,0.67,99.3,2.8,0,10.0,0
B104252,East,D04,Cardiac,0.84,99.6,0.8,0,16.7,0
B104253,North,D18,Antibiotic,0.92,99.8,0.5,0,9.2,0
B104254,Central,D14,Antibiotic,0.45,100.9,0.3,0,4.4,0
B104255,East,D05,Analgesic,0.52,101.0,0.7,0,4.4,0
B104256,North,D18,Cardiac,0.85,106.2,2.7,0,4.2,0
B104257,North-East,D12,Analgesic,0.66,103.7,5.4,0,4.0,0
B104258,Central,D16,Antibiotic,0.17,96.1,8.0,0,13.5,0
B104259,Central,D08,Cardiac,0.81,99.7,,0,19.9,0
B104260,West,D11,Cardiac,0.78,99.1,2.0,0,5.1,0
B104261,East,D04,Analgesic,0.87,102.8,0.1,0,1.7,0
B104262,North,D18,Antidiabetic,0.8,99.3,8.7,0,0.0,0
B104263,East,D04,Cardiac,0.83,101.0,1.4,0,20.1,0
B104264,North-East,D19,Cardiac,0.16,67.5,5.2,1,38.9,1
B104265,East,D20,Cardiac,0.91,96.7,2.3,0,3.2,0
B104266,North,D18,Cardiac,0.88,104.6,3.6,0,9.0,0
B104267,North,D01,Analgesic,0.63,100.1,0.1,0,17.8,0
B104268,North,D07,Analgesic,0.87,97.8,2.1,0,7.6,0
B104269,West,D11,Cardiac,0.78,100.5,0.6,0,14.0,0
B104270,Central,D14,Analgesic,0.4,97.7,1.9,0,6.9,0
B104271,East,D22,Analgesic,0.8,99.4,2.1,1,5.9,0
B104272,South,D09,Antibiotic,0.2,96.8,1.0,0,0.0,0
B104273,West,D21,Cardiac,0.83,98.3,3.3,0,5.2,0
B104274,East,D04,Analgesic,0.82,99.1,4.7,0,4.2,0
B104275,South,D09,Vaccine,0.24,87.6,1.4,0,7.0,1
B104276,Central,D02,Vaccine,0.8,101.0,,0,9.7,0
B104277,North,D18,Antibiotic,0.84,101.4,5.2,0,9.4,0
B104278,East,D04,Antidiabetic,0.78,99.9,1.9,0,,0
B104279,North-East,D06,Antidiabetic,0.53,101.8,1.8,0,0.0,0
B104280,North-East,D19,Analgesic,0.12,82.9,16.3,1,7.1,1
B104281,Central,D13,Analgesic,0.89,98.4,0.9,0,0.0,0
B104282,North,D01,Cardiac,0.66,69.9,6.5,0,10.5,1
B104283,North,D01,Analgesic,0.79,99.4,2.9,0,6.0,0
B104284,North-East,D12,Antidiabetic,0.71,100.0,0.8,0,8.2,0
B104285,North,D07,Antibiotic,0.74,79.9,15.9,0,21.5,1
B104286,East,D04,Antibiotic,0.81,102.8,3.4,0,11.1,0
B104287,Central,D15,Analgesic,0.7,102.9,,0,2.2,0
B104288,North-East,D06,Antibiotic,0.57,64.2,8.9,1,22.6,1
B104289,Central,D14,Analgesic,0.54,96.1,4.3,0,18.1,0
B104290,South,D09,Cardiac,0.3,104.6,20.1,0,,1
B104291,East,D05,Antibiotic,0.53,98.0,6.7,0,5.9,0
B104292,East,D04,Analgesic,0.89,101.8,4.1,0,8.6,0
B104293,North-East,D06,Cardiac,0.64,102.0,10.5,0,1.7,0
B104294,North,D01,Cardiac,0.7,97.7,1.8,0,15.2,0
B104295,North,D07,Analgesic,0.8,98.3,0.4,1,24.2,0
B104296,East,D22,Antibiotic,0.8,96.7,5.2,0,4.3,0
B104297,East,D20,Analgesic,0.96,100.3,2.5,0,16.2,0
B104298,South,D09,Analgesic,0.2,99.9,0.3,0,13.2,0
B104299,Central,D14,Cardiac,0.42,101.7,0.9,1,6.8,0
B104300,Central,D13,Analgesic,0.85,101.1,4.4,0,3.1,0
B104301,East,D20,Vaccine,0.89,101.3,0.4,0,25.3,0
B104302,North-East,D06,Cardiac,0.51,96.6,3.1,0,13.4,0
B104303,North,D07,Analgesic,0.82,98.6,7.4,0,,0
B104304,North,D07,Antibiotic,0.8,102.1,2.4,0,6.5,0
B104305,North,D01,Analgesic,0.62,98.8,1.7,0,8.4,0
B104306,North,D07,Antidiabetic,0.77,96.4,2.9,0,0.0,0
B104307,West,D21,Cardiac,0.82,101.8,0.9,1,13.3,0
B104308,East,D22,Vaccine,0.78,98.7,18.4,0,5.4,0
B104309,West,D03,Cardiac,0.63,102.3,0.1,0,0.8,0
B104310,West,D11,Vaccine,0.67,100.0,2.4,0,2.0,0
B104311,South,D09,Analgesic,0.27,99.4,2.0,1,24.9,0
B104312,North-East,D12,Analgesic,0.57,103.0,1.5,0,5.9,0
B104313,Central,D13,Antibiotic,0.86,97.1,3.9,1,10.6,0
B104314,North,D01,Vaccine,0.68,103.2,1.3,0,0.0,0
B104315,West,D21,Antidiabetic,0.82,98.6,1.2,0,6.7,0
B104316,North-East,D24,Vaccine,0.3,85.5,0.9,0,35.8,1
B104317,Central,D16,Cardiac,0.28,100.4,1.4,0,,0
B104318,Central,D16,Cardiac,0.09,99.1,,0,1.6,0
B104319,Central,D13,Analgesic,0.92,98.3,0.8,0,13.6,0
B104320,Central,D08,Antibiotic,0.61,99.2,0.8,0,0.0,0
B104321,East,D04,Antibiotic,0.93,97.8,0.8,0,3.6,0
B104322,Central,D14,Antibiotic,0.34,104.3,2.6,1,16.2,0
B104323,North,D01,Analgesic,0.84,98.9,4.0,0,18.7,0
B104324,East,D20,Antidiabetic,0.91,102.5,1.3,0,8.0,0
B104325,North,D10,Antidiabetic,0.91,102.3,5.8,1,5.3,0
B104326,North,D10,Antibiotic,0.9,100.8,0.1,0,8.8,0
B104327,Central,D08,Vaccine,0.73,99.7,1.0,0,22.4,0
B104328,South,D23,Antibiotic,0.78,100.4,8.1,0,6.1,0
B104329,East,D04,Antidiabetic,0.8,101.3,2.1,0,8.0,0
B104330,East,D04,Antibiotic,0.9,100.2,2.3,0,,0
B104331,East,D04,Antibiotic,0.82,96.6,5.8,0,3.3,0
B104332,Central,D16,Analgesic,0.14,96.0,0.3,0,11.1,0
B104333,North-East,D24,Analgesic,0.32,103.3,1.6,0,14.3,0
B104334,North-East,D06,Antibiotic,0.54,94.2,0.1,0,10.1,0
B104335,East,D22,Cardiac,0.75,100.4,3.5,0,13.8,0
B104336,North,D07,Antibiotic,0.79,99.5,1.3,0,1.0,0
B104337,Central,D16,Antibiotic,0.15,100.4,0.9,0,0.3,0
B104338,North,D01,Antibiotic,0.67,97.5,8.0,0,13.6,0
B104339,North-East,D12,Vaccine,0.75,100.8,0.6,0,4.7,0
B104340,Central,D16,Antidiabetic,0.18,100.5,2.3,0,0.0,0
B104341,Central,D13,Analgesic,0.85,106.1,5.5,0,9.4,0
B104342,North-East,D06,Cardiac,0.58,100.3,4.0,0,8.6,0
B104343,East,D20,Vaccine,0.96,103.0,5.3,0,6.7,0
B104344,South,D23,Cardiac,0.74,96.7,5.1,0,19.1,0
B104345,West,D11,Antidiabetic,0.78,102.2,0.1,0,21.1,0
B104346,Central,D15,Vaccine,0.73,100.5,2.2,0,14.7,0
B104347,North-East,D19,Antidiabetic,0.02,100.6,,0,11.0,0
B104348,North-East,D06,Analgesic,0.7,100.6,3.6,0,17.7,0
B104349,West,D21,Cardiac,0.92,103.8,3.2,0,9.1,0
B104350,North,D07,Vaccine,0.73,88.2,0.8,0,30.5,1
B104351,North-East,D19,Analgesic,0.03,97.6,,0,13.3,1
B104352,West,D03,Analgesic,0.7,98.6,1.7,0,2.5,0
B104353,North,D07,Antidiabetic,0.7,101.8,4.7,0,14.5,0
B104354,Central,D13,Antidiabetic,0.95,101.0,4.1,0,0.0,0
B104355,North-East,D12,Vaccine,0.63,96.6,0.1,0,3.8,0
B104356,West,D21,Antidiabetic,0.93,101.1,2.4,0,5.5,0
B104357,North-East,D24,Antidiabetic,0.24,97.6,0.1,0,0.0,0
B104358,West,D03,Analgesic,0.68,101.0,3.0,0,5.3,0
B104359,North-East,D06,Antibiotic,0.67,98.2,0.7,0,8.7,0
B104360,Central,D08,Antibiotic,0.74,99.4,8.0,0,15.2,0
B104361,West,D11,Antibiotic,0.77,98.8,1.3,0,4.5,0
B104362,North-East,D12,Antibiotic,0.72,103.3,5.3,1,8.7,0
B104363,West,D21,Antidiabetic,0.79,100.9,2.1,0,0.0,0
B104364,North-East,D19,Antibiotic,0.03,91.2,1.1,0,9.4,1
B104365,North,D01,Cardiac,0.61,106.4,20.8,0,0.0,0
B104366,West,D11,Analgesic,0.79,100.1,5.5,0,14.9,0
B104367,Central,D15,Analgesic,0.74,103.3,0.8,0,5.7,0
B104368,West,D11,Antibiotic,0.82,98.5,4.9,1,9.5,0
B104369,West,D03,Analgesic,0.67,102.8,0.6,0,11.7,0
B104370,North,D10,Analgesic,0.75,98.2,0.7,0,13.7,0
B104371,North,D10,Analgesic,0.69,100.0,2.0,0,22.0,0
B104372,East,D05,Antibiotic,0.7,101.2,0.7,0,7.7,0
B104373,North,D18,Cardiac,0.84,101.5,6.5,0,3.0,0
B104374,Central,D08,Antibiotic,0.77,97.2,0.5,0,12.9,0
B104375,Central,D14,Analgesic,0.48,78.4,6.5,0,29.8,1
B104376,North-East,D12,Analgesic,0.57,101.3,1.7,0,4.2,0
B104377,West,D21,Vaccine,0.78,99.2,1.3,0,2.4,0
B104378,West,D03,Cardiac,0.79,96.9,0.2,0,0.0,0
B104379,West,D03,Antibiotic,0.73,99.8,1.5,0,0.0,0
B104380,North,D07,Antidiabetic,0.73,99.7,2.7,0,17.9,0
B104381,North,D10,Antidiabetic,0.76,100.4,6.0,0,6.8,0
B104382,North,D07,Vaccine,0.75,101.2,7.3,0,0.0,0
B104383,North,D18,Vaccine,0.79,101.0,1.0,0,8.0,0
B104384,North-East,D06,Antibiotic,0.72,98.3,2.3,0,26.2,0
B104385,Central,D02,Antidiabetic,0.73,99.1,0.2,0,8.0,0
B104386,North,D10,Analgesic,0.76,102.0,1.2,0,21.4,0
B104387,North-East,D19,Antibiotic,0.1,98.8,1.1,0,1.4,0
B104388,West,D21,Analgesic,0.84,99.1,0.4,0,18.2,0
B104389,North,D18,Antibiotic,0.73,96.7,1.7,0,4.1,0
B104390,Central,D13,Analgesic,0.9,99.9,6.8,0,2.6,0
B104391,North,D18,Analgesic,0.88,100.8,16.6,0,1.4,0
B104392,West,D17,Antibiotic,0.78,95.7,4.3,0,5.7,0
B104393,North-East,D06,Cardiac,0.55,97.6,1.7,0,14.8,0
B104394,Central,D13,Vaccine,0.84,96.9,0.5,0,4.6,0
B104395,North-East,D19,Analgesic,0.02,99.1,2.6,1,12.2,1
B104396,North,D07,Analgesic,0.77,95.8,0.8,0,3.0,0
B104397,Central,D16,Antidiabetic,0.21,99.8,13.8,1,7.4,0
B104398,West,D11,Analgesic,0.7,101.6,0.1,0,4.3,0
B104399,North-East,D12,Antidiabetic,0.77,100.4,5.0,0,20.7,0
B104400,Central,D02,Vaccine,0.79,99.0,0.0,0,11.6,0
B104401,Central,D16,Antidiabetic,0.08,94.7,6.5,0,16.1,1
B104402,West,D21,Antibiotic,0.72,102.3,0.6,0,6.0,0
B104403,East,D04,Cardiac,0.79,99.8,1.0,0,3.9,0
B104404,South,D09,Antibiotic,0.34,95.1,0.4,0,1.0,0
B104405,Central,D02,Antidiabetic,0.79,81.1,1.7,0,17.3,0
B104406,North,D01,Antidiabetic,0.79,100.9,,0,0.0,0
B104407,North-East,D24,Analgesic,0.29,99.9,2.1,0,5.5,0
B104408,North-East,D12,Analgesic,0.65,95.6,2.4,0,14.2,0
B104409,Central,D08,Analgesic,0.68,99.3,16.3,0,0.0,0
B104410,North,D07,Vaccine,0.8,90.7,0.4,0,9.2,0
B104411,North-East,D24,Cardiac,0.28,78.3,8.7,1,10.9,1
B104412,North-East,D06,Cardiac,0.58,99.7,1.2,0,8.2,0
B104413,North,D18,Analgesic,0.9,98.8,4.8,0,6.8,0
B104414,North,D07,Antibiotic,0.77,99.0,3.5,0,0.0,0
B104415,Central,D02,Antidiabetic,0.82,101.6,3.0,0,12.5,0
B104416,West,D17,Antibiotic,0.68,100.6,2.2,0,1.1,0
B104417,North,D01,Analgesic,0.86,,2.4,0,4.2,0
B104418,West,D17,Antibiotic,0.75,98.6,3.5,0,8.4,1
B104419,North-East,D06,Antibiotic,0.64,,4.8,0,10.6,0
B104420,North,D18,Antibiotic,0.86,99.5,,0,11.1,0
B104421,North-East,D19,Vaccine,0.07,68.3,3.6,0,11.1,1
B104422,North,D18,Analgesic,0.85,97.7,0.9,0,0.0,0
B104423,North,D01,Analgesic,0.75,103.6,2.0,1,13.4,1
B104424,West,D17,Cardiac,0.73,,9.1,0,8.1,0
B104425,North-East,D24,Cardiac,0.25,94.0,4.2,0,4.1,0
B104426,North-East,D06,Antibiotic,0.6,100.2,4.2,1,9.8,0
B104427,North,D07,Antibiotic,0.77,97.1,4.4,0,14.4,0
B104428,East,D20,Analgesic,1.0,100.9,0.3,0,1.9,0
B104429,East,D04,Cardiac,0.89,99.1,0.5,0,17.8,0
B104430,Central,D16,Analgesic,0.18,99.9,1.1,0,16.0,0
B104431,North,D18,Antibiotic,0.84,100.4,2.5,0,10.6,0
B104432,North,D01,Cardiac,0.57,101.7,3.1,0,0.0,0
B104433,Central,D13,Antibiotic,0.84,96.9,0.9,0,23.1,0
B104434,Central,D14,Analgesic,0.48,98.7,2.2,0,10.0,0
B104435,North,D07,Antibiotic,0.85,103.6,2.1,0,9.0,0
B104436,West,D21,Cardiac,0.84,100.1,2.3,0,8.8,0
B104437,East,D04,Analgesic,0.94,65.8,8.1,1,24.0,1
B104438,South,D09,Cardiac,0.3,106.6,10.4,0,14.5,0
B104439,West,D21,Antibiotic,0.8,98.9,1.1,0,,0
B104440,East,D05,Analgesic,0.51,97.4,,0,0.0,0
B104441,East,D20,Antibiotic,0.95,99.4,1.1,0,15.2,0
B104442,Central,D02,Cardiac,0.71,102.4,8.1,0,2.3,0
B104443,North-East,D12,Antibiotic,0.75,102.7,1.2,0,1.0,0
B104444,Central,D02,Antibiotic,0.67,105.0,,0,7.6,0
B104445,West,D17,Cardiac,0.8,99.9,0.4,0,4.8,0
B104446,North-East,D19,Antibiotic,0.15,55.4,8.3,0,48.5,1
B104447,West,D21,Antibiotic,0.81,98.4,2.7,0,12.0,0
B104448,North-East,D24,Cardiac,0.26,94.5,1.2,1,4.7,0
B104449,Central,D16,Cardiac,0.18,99.9,1.4,0,8.8,0
B104450,North-East,D19,Antidiabetic,0.15,90.9,0.1,1,13.9,1
B104451,North-East,D12,Vaccine,0.63,101.4,,0,13.4,0
B104452,East,D22,Analgesic,0.7,95.9,5.6,0,11.4,0
B104453,Central,D15,Cardiac,0.79,98.4,4.0,1,13.0,0
B104454,East,D22,Antibiotic,0.79,68.5,14.4,1,0.0,1
B104455,North-East,D06,Cardiac,0.65,100.8,2.2,0,9.8,0
B104456,North-East,D12,Antibiotic,0.7,,1.4,0,11.6,0
B104457,North,D18,Antidiabetic,0.93,104.1,1.6,0,13.2,0
B104458,East,D05,Analgesic,0.59,103.5,2.1,0,12.6,0
B104459,East,D05,Analgesic,0.48,98.5,0.5,0,7.1,0
B104460,North-East,D24,Analgesic,0.32,103.5,4.0,0,0.0,0
B104461,North,D10,Antibiotic,0.8,103.9,0.3,0,11.5,0
B104462,East,D04,Vaccine,0.82,99.7,1.5,0,11.2,0
B104463,Central,D08,Cardiac,0.67,86.9,0.8,0,0.3,0
B104464,North,D10,Analgesic,0.82,99.9,,0,13.9,0
B104465,Central,D15,Analgesic,0.75,98.6,3.9,0,9.1,0
B104466,East,D22,Antibiotic,0.76,98.8,0.8,0,7.1,0
B104467,North-East,D24,Cardiac,0.22,102.9,0.6,0,9.5,0
B104468,Central,D16,Vaccine,0.1,83.7,3.5,0,48.2,1
B104469,West,D17,Antibiotic,0.9,98.8,2.3,0,18.9,0
B104470,Central,D08,Antidiabetic,0.78,98.0,0.3,0,7.6,0
B104471,West,D21,Analgesic,0.78,98.3,2.6,0,6.4,0
B104472,East,D05,Analgesic,0.55,99.6,4.1,0,12.3,0
B104473,West,D03,Antidiabetic,0.82,102.0,,0,,0
B104474,North-East,D24,Vaccine,0.33,83.5,3.1,0,14.0,0
B104475,West,D21,Antidiabetic,0.66,102.0,3.3,0,0.0,0
B104476,North,D07,Cardiac,0.94,100.4,5.8,0,0.0,0
B104477,West,D17,Analgesic,0.67,,4.7,0,18.9,0
B104478,West,D11,Antibiotic,0.74,91.3,1.7,0,0.0,0
B104479,Central,D08,Antibiotic,0.69,101.9,7.4,0,17.2,0
B104480,North,D07,Analgesic,0.74,96.9,0.6,0,18.9,0
B104481,West,D03,Antibiotic,0.71,97.6,1.8,0,10.4,0
B104482,Central,D13,Antibiotic,0.75,99.5,1.9,0,12.2,0
B104483,West,D11,Analgesic,0.75,100.8,5.9,0,0.0,0
B104484,North-East,D12,Cardiac,0.73,103.0,7.7,0,4.6,0
B104485,East,D05,Antibiotic,0.47,100.1,0.6,0,10.5,0
B104486,South,D23,Cardiac,0.72,103.7,5.1,0,10.3,0
B104487,Central,D15,Antidiabetic,0.71,98.4,7.9,0,11.1,0
B104488,East,D22,Cardiac,0.75,98.8,2.8,0,10.3,0
B104489,West,D03,Cardiac,0.65,99.3,0.7,0,8.1,0
B104490,Central,D15,Cardiac,0.65,98.2,6.4,0,0.0,0
B104491,West,D21,Antibiotic,0.86,102.6,1.3,0,10.5,0
B104492,Central,D08,Vaccine,0.79,94.6,0.6,0,0.0,0
B104493,East,D05,Antidiabetic,0.46,98.9,1.3,0,5.4,0
B104494,North-East,D06,Cardiac,0.54,102.5,1.9,0,17.7,0
B104495,North,D07,Cardiac,0.79,94.2,5.2,0,51.8,1
B104496,West,D11,Antidiabetic,0.7,102.4,2.0,0,,0
B104497,Central,D08,Antibiotic,0.77,104.8,0.4,1,14.1,0
B104498,North-East,D06,Vaccine,0.68,100.2,9.3,0,,0
B104499,Central,D16,Analgesic,0.18,102.6,3.8,0,10.1,1
B104500,Central,D02,Antibiotic,0.67,60.1,22.7,0,5.5,1
B104501,Central,D08,Analgesic,0.78,100.9,3.8,0,17.2,0
B104502,West,D17,Cardiac,0.77,99.9,7.3,0,0.0,0
B104503,East,D04,Analgesic,0.84,102.0,3.7,0,12.9,0
B104504,East,D05,Vaccine,0.55,102.6,1.0,0,9.1,0
B104505,East,D05,Cardiac,0.56,99.9,0.7,0,2.5,0
B104506,North,D01,Antibiotic,0.7,98.9,0.3,0,5.3,0
B104507,West,D11,Antidiabetic,0.75,103.8,1.4,0,20.7,0
B104508,North,D01,Antibiotic,0.82,99.4,0.7,0,0.0,0
B104509,North,D07,Antidiabetic,0.85,102.6,0.2,0,0.0,0
B104510,North-East,D24,Analgesic,0.34,77.5,,0,52.6,1
B104511,East,D22,Analgesic,0.78,104.0,17.7,0,10.9,0
B104512,East,D05,Analgesic,0.46,,2.9,0,18.0,0
B104513,North,D07,Antibiotic,0.85,98.1,0.7,0,8.2,0
B104514,West,D11,Analgesic,0.76,101.9,6.4,0,0.0,0
B104515,West,D21,Cardiac,0.79,97.5,1.0,0,8.7,0
B104516,East,D20,Cardiac,0.92,100.3,0.0,0,14.0,0
B104517,West,D03,Antibiotic,0.63,103.4,0.8,0,10.2,0
B104518,West,D03,Cardiac,0.75,96.1,1.5,0,11.5,0
B104519,North,D10,Antidiabetic,0.88,100.9,0.1,0,,0
B104520,West,D21,Cardiac,0.84,102.7,4.8,0,0.0,0
B104521,East,D22,Analgesic,0.77,99.9,8.9,0,7.1,0
B104522,West,D03,Antibiotic,0.65,98.0,0.2,0,15.9,0
B104523,Central,D14,Antidiabetic,0.33,99.4,0.4,0,2.5,0
B104524,East,D04,Vaccine,0.76,98.2,13.8,0,9.4,0
B104525,West,D17,Vaccine,0.73,100.2,7.5,0,9.2,0
B104526,East,D22,Cardiac,0.72,99.4,9.1,0,0.7,0
B104527,West,D11,Vaccine,0.77,98.9,0.4,0,2.8,0
B104528,Central,D02,Cardiac,0.79,101.0,3.4,0,7.8,0
B104529,Central,D14,Antibiotic,0.45,103.5,3.3,0,5.4,0
B104530,North,D10,Cardiac,0.92,100.7,0.7,0,13.7,0
B104531,East,D20,Antidiabetic,0.88,103.0,5.4,0,5.1,0
B104532,Central,D08,Antidiabetic,0.75,103.5,2.0,0,14.2,0
B104533,West,D21,Antidiabetic,0.82,98.7,3.3,0,5.5,0
B104534,North,D07,Antidiabetic,0.85,100.6,1.7,0,,0
B104535,East,D04,Vaccine,0.86,99.1,4.7,0,13.6,0
B104536,North,D07,Antidiabetic,0.79,96.7,2.0,0,7.2,0
B104537,North,D01,Antidiabetic,0.6,100.8,0.7,0,5.0,0
B104538,North,D07,Analgesic,0.73,97.7,4.1,0,7.5,0
B104539,Central,D16,Analgesic,0.25,97.3,0.0,1,37.7,1
B104540,East,D04,Antibiotic,0.73,96.6,0.8,0,10.3,0
B104541,West,D03,Analgesic,0.77,100.4,1.9,1,0.0,0
B104542,West,D03,Cardiac,0.72,96.5,11.8,0,2.9,0
B104543,Central,D02,Analgesic,0.7,101.5,,0,3.0,0
B104544,West,D21,Analgesic,0.78,99.1,6.9,0,12.1,0
B104545,South,D23,Analgesic,0.92,98.9,12.5,0,0.0,0
B104546,Central,D02,Antibiotic,0.82,102.5,2.4,0,10.0,0
B104547,North,D18,Antidiabetic,0.8,99.3,1.3,0,12.5,0
B104548,North,D18,Vaccine,0.81,100.2,6.3,0,12.5,0
B104549,North-East,D24,Antibiotic,0.25,99.6,1.6,0,7.4,0
B104550,Central,D08,Antibiotic,0.77,101.1,0.5,0,0.0,0
B104551,North,D07,Antidiabetic,0.74,102.3,2.1,0,6.2,0
B104552,West,D11,Antidiabetic,0.75,101.8,6.8,0,,0
B104553,West,D21,Antibiotic,0.94,99.0,0.1,0,3.8,0
B104554,North,D18,Antibiotic,0.8,102.7,,0,23.3,0
B104555,West,D11,Analgesic,0.69,98.0,0.1,0,13.7,0
B104556,North-East,D06,Antibiotic,0.51,98.4,5.2,0,7.0,0
B104557,North,D18,Cardiac,0.81,99.7,1.1,0,9.6,0
B104558,West,D21,Antibiotic,0.78,102.3,5.2,0,10.6,0
B104559,North,D10,Analgesic,0.85,97.4,0.7,0,4.0,0
B104560,Central,D16,Vaccine,0.09,102.0,1.2,1,5.1,0
B104561,North,D10,Analgesic,0.88,99.9,,0,22.0,0
B104562,West,D11,Analgesic,0.69,99.0,5.0,0,18.4,0
B104563,North-East,D12,Antibiotic,0.66,,2.0,0,5.4,0
B104564,North-East,D19,Antibiotic,0.08,98.2,2.4,0,2.5,0
B104565,North-East,D24,Antibiotic,0.39,105.0,1.6,0,0.0,0
B104566,West,D11,Antibiotic,0.77,99.6,5.2,0,23.1,0
B104567,Central,D08,Antidiabetic,0.88,100.3,0.0,0,15.2,0
B104568,South,D09,Vaccine,0.28,103.4,4.8,0,16.7,0
B104569,West,D03,Vaccine,0.78,100.4,1.6,0,4.2,0
B104570,North,D07,Antibiotic,0.77,102.6,0.7,0,3.7,0
B104571,Central,D02,Cardiac,0.76,95.7,3.6,0,1.5,0
B104572,North,D10,Antidiabetic,0.91,99.0,1.5,0,0.0,0
B104573,East,D04,Cardiac,0.9,100.9,2.1,0,1.9,0
B104574,Central,D08,Analgesic,0.79,102.4,0.5,0,10.2,0
B104575,East,D20,Cardiac,0.91,101.7,1.7,0,9.7,0
B104576,North-East,D06,Analgesic,0.58,101.5,5.4,0,3.7,0
B104577,Central,D15,Antidiabetic,0.79,102.3,0.7,0,12.6,0
B104578,East,D22,Cardiac,0.85,101.0,0.9,0,3.3,0
B104579,Central,D13,Antibiotic,0.84,95.3,1.2,0,13.4,0
B104580,East,D05,Analgesic,0.48,103.2,2.1,0,13.3,1
B104581,Central,D08,Vaccine,0.7,98.2,2.0,0,13.7,0
B104582,Central,D14,Antibiotic,0.51,100.7,2.1,0,8.5,0
B104583,North-East,D12,Cardiac,0.6,100.4,2.5,0,2.3,0
B104584,East,D04,Antibiotic,0.9,100.1,2.3,0,0.0,0
B104585,West,D11,Cardiac,0.79,97.6,4.6,0,0.0,0
B104586,Central,D13,Antidiabetic,0.84,95.7,7.2,0,13.3,0
B104587,North-East,D06,Analgesic,0.69,97.8,1.9,0,0.0,0
B104588,Central,D15,Vaccine,0.63,101.8,0.1,0,7.1,0
B104589,Central,D02,Analgesic,0.84,96.8,0.5,0,9.5,0
B104590,Central,D08,Cardiac,0.78,98.1,5.9,0,0.5,0
B104591,East,D20,Antibiotic,0.81,100.9,3.3,0,,0
B104592,North-East,D06,Vaccine,0.69,97.7,2.4,0,10.2,0
B104593,Central,D15,Analgesic,0.78,98.8,0.2,0,6.1,0
B104594,North,D10,Antidiabetic,0.81,100.2,6.0,0,11.2,0
B104595,North,D07,Vaccine,0.72,100.6,5.3,0,4.9,0
B104596,East,D22,Vaccine,0.67,97.7,5.7,0,6.1,0
B104597,Central,D08,Antidiabetic,0.9,100.3,0.4,0,1.8,0
B104598,North-East,D06,Antibiotic,0.54,100.9,4.7,1,7.1,0
B104599,East,D22,Antibiotic,0.69,97.2,2.8,0,8.0,0
B104600,North,D18,Analgesic,0.82,100.5,1.4,0,1.5,0
B104601,West,D17,Antibiotic,0.68,98.4,1.8,0,11.0,0
B104602,Central,D02,Antibiotic,0.68,100.3,0.3,0,0.0,0
B104603,West,D03,Analgesic,0.75,101.6,3.7,0,15.6,0
B104604,Central,D15,Cardiac,0.75,99.6,7.0,0,0.0,0
B104605,East,D05,Analgesic,0.5,102.0,7.7,0,,0
B104606,East,D05,Vaccine,0.52,101.7,,0,12.3,0
B104607,North-East,D19,Analgesic,0.08,101.2,8.2,1,40.4,1
B104608,North,D07,Analgesic,0.78,100.9,1.4,0,0.1,0
B104609,Central,D02,Cardiac,0.69,102.4,1.8,0,6.6,0
B104610,North,D01,Cardiac,0.66,100.8,13.5,0,10.1,0
B104611,West,D11,Cardiac,0.72,96.3,8.4,0,11.0,0
B104612,Central,D15,Antidiabetic,0.67,98.3,0.5,1,13.9,0
B104613,West,D21,Cardiac,0.89,99.5,1.1,0,12.6,1
B104614,West,D03,Antibiotic,0.74,99.8,0.7,0,11.3,0
B104615,East,D05,Antidiabetic,0.47,100.8,0.6,0,11.4,0
B104616,Central,D13,Antidiabetic,0.8,98.2,4.7,0,12.8,0
B104617,South,D09,Vaccine,0.23,104.4,1.8,0,8.1,0
B104618,North-East,D12,Antibiotic,0.79,99.8,6.4,0,16.0,0
B104619,East,D22,Analgesic,0.71,100.0,1.1,0,7.5,0
B104620,Central,D13,Analgesic,0.86,98.5,0.2,0,0.0,0
B104621,North,D10,Cardiac,0.84,97.8,0.7,0,16.7,0
B104622,North-East,D24,Analgesic,0.28,99.7,2.3,0,11.3,0
B104623,Central,D02,Antibiotic,0.71,100.1,1.6,0,7.0,0
B104624,South,D23,Antibiotic,0.87,99.8,3.6,0,8.8,0
B104625,North-East,D12,Antidiabetic,0.69,103.6,0.6,0,18.5,0
B104626,North-East,D12,Antibiotic,0.71,99.7,0.6,0,8.7,0
B104627,East,D22,Cardiac,0.8,99.8,1.1,0,18.6,0
B104628,North-East,D12,Vaccine,0.71,101.8,1.1,1,11.3,0
B104629,West,D11,Analgesic,0.85,99.6,1.7,0,5.5,0
B104630,North-East,D06,Analgesic,0.67,101.2,0.4,0,0.0,0
B104631,Central,D16,Vaccine,0.33,97.2,3.7,0,8.6,0
B104632,Central,D13,Cardiac,0.95,97.2,1.9,1,17.2,0
B104633,East,D05,Cardiac,0.48,100.3,0.4,0,4.0,0
B104634,West,D17,Antibiotic,0.83,99.5,3.2,0,10.6,0
B104635,Central,D15,Vaccine,0.76,98.2,1.9,0,18.7,0
B104636,North,D10,Cardiac,0.95,100.3,2.3,0,0.0,0
B104637,North,D01,Cardiac,0.64,100.5,3.3,0,10.8,0
B104638,West,D11,Analgesic,0.79,89.7,4.3,0,11.9,0
B104639,North,D01,Cardiac,0.66,98.9,0.4,0,10.5,0
B104640,Central,D02,Antibiotic,0.77,100.5,7.3,0,0.0,0
B104641,North,D10,Antibiotic,0.82,97.8,0.2,0,2.7,0
B104642,Central,D02,Cardiac,0.77,98.7,2.7,0,0.0,0
B104643,North,D07,Cardiac,0.7,101.2,0.4,0,0.0,0
B104644,Central,D16,Cardiac,0.24,75.7,1.2,0,12.7,1
B104645,North,D07,Antibiotic,0.79,99.0,4.4,0,5.7,0
B104646,North-East,D24,Analgesic,0.3,108.0,5.5,0,0.0,1
B104647,East,D22,Cardiac,0.89,97.8,0.8,0,13.4,0
B104648,Central,D14,Antibiotic,0.44,99.7,5.4,0,0.1,0
B104649,South,D23,Analgesic,0.82,104.5,3.8,0,9.2,0
B104650,West,D21,Analgesic,0.83,101.2,0.2,0,0.0,0
B104651,Central,D08,Antibiotic,0.77,97.1,3.4,0,9.9,0
B104652,North,D18,Vaccine,0.94,101.6,4.4,0,,0
B104653,East,D04,Antibiotic,0.85,98.3,0.6,0,6.4,0
B104654,West,D17,Antidiabetic,0.74,100.0,2.4,0,0.0,0
B104655,North-East,D12,Antibiotic,0.77,98.7,,0,0.0,0
B104656,North,D01,Antibiotic,0.68,104.5,0.6,0,25.8,0
B104657,North,D07,Antibiotic,0.68,97.5,2.7,0,12.3,0
B104658,South,D23,Antibiotic,0.76,100.7,0.7,0,6.0,0
B104659,North,D07,Antibiotic,0.71,98.5,2.1,0,14.7,0
B104660,East,D04,Analgesic,0.74,101.6,1.6,0,18.3,0
B104661,East,D05,Antibiotic,0.5,100.6,2.3,0,16.5,0
B104662,West,D11,Vaccine,0.75,102.8,6.1,0,6.6,0
B104663,West,D21,Antibiotic,0.9,101.6,,0,5.7,0
B104664,North,D18,Analgesic,0.84,98.5,4.3,0,13.6,0
B104665,West,D11,Antibiotic,0.79,106.4,3.4,1,6.4,0
B104666,East,D05,Analgesic,0.47,101.2,2.4,0,16.4,0
B104667,Central,D02,Cardiac,0.79,98.8,1.5,0,8.8,0
B104668,West,D11,Cardiac,0.84,100.5,3.4,0,13.6,0
B104669,East,D20,Antibiotic,0.95,101.4,3.2,0,15.3,0
B104670,North,D18,Antidiabetic,0.83,98.5,2.4,0,0.0,0
B104671,North,D10,Cardiac,0.76,101.1,5.2,0,9.0,0
B104672,Central,D14,Antibiotic,0.52,102.1,8.7,0,16.0,0
B104673,North,D10,Analgesic,0.94,101.2,,1,2.4,0
B104674,Central,D14,Cardiac,0.48,98.1,6.8,0,4.2,0
B104675,North-East,D12,Vaccine,0.62,104.6,0.6,0,16.4,0
B104676,West,D17,Vaccine,0.77,104.3,5.4,0,18.7,0
B104677,North-East,D12,Analgesic,0.63,,2.3,0,0.0,0
B104678,South,D23,Antibiotic,0.78,100.1,0.8,0,16.4,0
B104679,North,D10,Antidiabetic,0.87,100.1,0.4,0,0.0,0
B104680,North,D01,Antibiotic,0.71,99.3,7.5,0,7.6,0
B104681,North-East,D06,Antibiotic,0.65,99.6,1.4,0,0.0,0
B104682,North-East,D12,Antibiotic,0.68,95.2,9.3,0,4.2,0
B104683,Central,D13,Vaccine,0.82,103.4,35.9,0,8.7,0
B104684,Central,D13,Antidiabetic,0.84,102.6,1.9,0,11.7,0
B104685,West,D17,Cardiac,0.74,96.3,4.2,0,18.0,0
B104686,North,D07,Antidiabetic,0.77,102.0,6.0,0,0.0,0
B104687,Central,D16,Analgesic,0.3,76.8,10.0,0,49.8,1
B104688,West,D17,Analgesic,0.89,99.6,0.8,1,6.1,1
B104689,North,D10,Vaccine,0.89,101.1,2.4,0,6.2,0
B104690,North,D10,Antibiotic,0.84,96.2,0.9,0,19.9,0
B104691,East,D04,Antidiabetic,0.77,100.0,0.3,0,13.9,0
B104692,North,D10,Analgesic,0.85,100.2,1.1,0,0.0,0
B104693,North-East,D19,Analgesic,0.05,83.2,26.0,1,32.1,1
B104694,East,D22,Analgesic,0.87,97.0,1.4,0,2.8,0
B104695,Central,D14,Cardiac,0.36,101.0,2.0,0,5.0,0
B104696,North,D07,Antibiotic,0.8,102.3,10.5,0,7.1,0
B104697,West,D17,Cardiac,0.72,100.9,4.0,0,11.2,0
B104698,North,D18,Cardiac,0.8,99.5,5.7,0,,0
B104699,Central,D08,Cardiac,0.8,105.9,1.8,0,6.4,0
B104700,East,D20,Antibiotic,0.99,98.0,5.4,0,5.2,0
B104701,Central,D02,Antibiotic,0.74,101.7,10.1,0,10.7,0
B104702,North,D01,Analgesic,0.74,100.5,3.4,0,7.6,0
B104703,West,D03,Antidiabetic,0.65,104.4,0.4,0,14.6,0
B104704,East,D04,Antidiabetic,0.86,82.4,0.2,0,9.8,0
B104705,West,D21,Analgesic,0.89,101.3,5.8,0,12.2,0
B104706,North,D10,Antibiotic,0.86,101.1,2.1,0,9.6,0
B104707,North,D07,Antibiotic,0.75,97.7,0.2,0,0.0,0
B104708,North,D10,Analgesic,0.82,98.1,2.6,0,5.4,0
B104709,North,D10,Antibiotic,0.9,99.4,2.3,0,3.3,0
B104710,North,D07,Analgesic,0.72,102.1,0.2,0,13.3,0
B104711,East,D04,Cardiac,0.79,100.5,0.9,0,14.0,0
B104712,Central,D16,Vaccine,0.22,99.5,0.9,0,7.4,0
B104713,East,D04,Vaccine,0.82,103.0,0.8,0,9.0,0
B104714,North-East,D19,Antibiotic,0.02,95.6,,0,0.0,0
B104715,East,D05,Vaccine,0.6,97.1,1.9,0,5.3,0
B104716,North,D18,Cardiac,0.74,94.5,1.4,0,0.0,0
B104717,East,D20,Vaccine,0.92,102.7,0.4,0,13.7,0
B104718,West,D03,Antibiotic,0.65,99.8,2.2,0,23.6,0
B104719,Central,D02,Antibiotic,0.72,102.1,6.7,0,4.3,0
B104720,South,D23,Antibiotic,0.75,99.8,1.2,0,9.6,0
B104721,West,D11,Cardiac,0.8,102.3,0.1,0,10.9,0
B104722,Central,D15,Analgesic,0.72,99.7,0.1,0,0.0,0
B104723,North,D01,Analgesic,0.76,100.9,5.2,0,7.1,0
B104724,North,D07,Analgesic,0.74,100.6,6.2,0,11.3,0
B104725,North-East,D12,Antibiotic,0.79,100.7,2.8,0,9.2,0
B104726,East,D22,Analgesic,0.65,103.7,5.1,0,8.4,0
B104727,North-East,D06,Antibiotic,0.5,96.4,5.3,1,5.9,0
B104728,North-East,D19,Antidiabetic,0.21,99.4,22.0,0,33.4,1
B104729,Central,D16,Antibiotic,0.22,90.8,4.2,1,0.7,1
B104730,West,D03,Analgesic,0.71,100.1,2.5,0,20.3,0
B104731,North,D07,Antibiotic,0.81,99.1,4.1,0,0.0,0
B104732,North-East,D06,Cardiac,0.63,98.8,6.4,0,0.0,0
B104733,West,D11,Antibiotic,0.77,,1.0,0,0.0,0
B104734,Central,D15,Antidiabetic,0.66,99.8,0.8,0,,0
B104735,North,D10,Antibiotic,0.88,105.4,0.6,0,6.2,0
B104736,North-East,D06,Cardiac,0.63,101.2,2.1,0,8.9,0
B104737,West,D17,Cardiac,0.86,99.4,3.2,0,8.5,0
B104738,Central,D14,Antibiotic,0.57,101.2,2.2,0,7.0,0
B104739,North-East,D12,Antibiotic,0.68,100.2,7.0,0,16.9,0
B104740,Central,D13,Vaccine,0.8,103.0,4.0,0,1.5,0
B104741,East,D05,Cardiac,0.63,97.4,0.7,0,14.4,0
B104742,West,D17,Antidiabetic,0.72,96.0,7.0,0,21.9,0
B104743,South,D09,Antibiotic,0.26,100.8,6.4,0,0.0,0
B104744,Central,D08,Vaccine,0.74,101.8,39.1,0,0.0,0
B104745,East,D04,Antibiotic,0.82,100.6,0.2,0,9.3,0
B104746,Central,D14,Antibiotic,0.51,,1.8,0,12.5,0
B104747,Central,D15,Analgesic,0.73,101.2,0.6,0,8.3,0
B104748,Central,D08,Vaccine,0.79,96.7,0.5,0,0.0,0
B104749,West,D21,Antibiotic,0.78,95.2,6.7,1,7.3,1
B104750,West,D21,Antidiabetic,0.82,102.9,0.4,0,4.4,0
B104751,West,D03,Cardiac,0.64,100.4,0.9,0,10.9,0
B104752,West,D17,Cardiac,0.76,97.1,0.7,0,5.5,0
B104753,North,D10,Antibiotic,0.83,99.3,9.1,0,9.5,0
B104754,North-East,D24,Antidiabetic,0.4,101.2,1.2,0,9.3,0
B104755,East,D05,Analgesic,0.51,104.0,0.6,0,14.5,0
B104756,North,D07,Analgesic,0.65,95.7,1.3,0,0.0,0
B104757,West,D11,Antibiotic,0.84,,2.9,0,8.6,0
B104758,North-East,D06,Antidiabetic,0.62,97.9,3.7,0,18.1,0
B104759,West,D17,Analgesic,0.77,101.1,0.9,0,2.5,0
B104760,West,D11,Cardiac,0.73,101.3,0.1,0,3.6,0
B104761,East,D05,Cardiac,0.47,99.5,,0,8.6,0
B104762,North-East,D12,Cardiac,0.77,101.4,1.9,0,0.6,0
B104763,East,D22,Cardiac,0.77,102.5,5.7,0,0.0,0
B104764,East,D20,Antidiabetic,0.83,99.6,0.2,0,5.6,0
B104765,North-East,D12,Antibiotic,0.68,97.1,0.9,0,6.3,0
B104766,North,D07,Antibiotic,0.85,103.1,,0,13.3,0
B104767,East,D04,Cardiac,0.86,101.8,0.3,0,1.7,0
B104768,West,D21,Analgesic,0.77,101.2,,0,8.2,0
B104769,West,D17,Analgesic,0.72,98.5,7.3,0,,0
B104770,Central,D13,Cardiac,0.82,,10.4,0,16.2,0
B104771,West,D21,Analgesic,0.92,104.5,0.8,0,7.2,0
B104772,West,D03,Cardiac,0.69,99.7,3.9,0,9.3,0
B104773,West,D17,Vaccine,0.68,100.2,0.5,0,1.7,0
B104774,East,D05,Antidiabetic,0.55,97.7,,0,10.0,0
B104775,West,D03,Antibiotic,0.7,98.4,9.6,0,18.7,0
B104776,West,D11,Analgesic,0.73,97.6,0.7,0,17.1,0
B104777,South,D09,Antidiabetic,0.18,100.3,2.5,1,7.8,0
B104778,South,D23,Vaccine,0.74,90.1,8.5,0,10.4,0
B104779,Central,D08,Vaccine,0.82,100.8,0.3,0,2.9,0
B104780,East,D20,Vaccine,0.95,98.0,10.0,0,1.5,0
B104781,North,D18,Analgesic,0.83,99.6,0.1,0,5.5,0
B104782,Central,D16,Analgesic,0.2,97.9,3.5,0,9.9,0
B104783,East,D22,Antibiotic,0.79,100.4,6.2,0,13.1,0
B104784,North,D10,Antidiabetic,0.81,96.4,2.4,0,7.4,0
B104785,South,D09,Antibiotic,0.23,100.3,11.4,0,11.1,0
B104786,East,D04,Analgesic,0.92,99.4,3.1,0,0.0,0
B104787,North,D07,Analgesic,0.87,100.4,0.5,0,9.2,0
B104788,West,D21,Antibiotic,0.75,66.3,4.6,0,25.5,1
B104789,West,D11,Antibiotic,0.74,98.5,0.6,0,30.4,1
B104790,Central,D08,Antidiabetic,0.81,99.3,0.0,0,11.2,0
B104791,East,D05,Cardiac,0.64,100.5,1.4,0,18.1,0
B104792,North-East,D12,Antibiotic,0.77,95.9,,0,7.9,0
B104793,West,D17,Cardiac,0.73,97.3,10.3,0,14.2,0
B104794,North,D07,Analgesic,0.86,99.1,1.2,0,5.1,0
B104795,North,D18,Antibiotic,0.81,103.0,1.8,0,22.4,0
B104796,Central,D15,Cardiac,0.78,101.2,11.9,0,0.0,0
B104797,North-East,D19,Analgesic,0.15,100.3,4.1,0,7.3,0
B104798,North-East,D06,Antibiotic,0.52,98.0,3.8,0,13.3,0
B104799,Central,D15,Antidiabetic,0.75,97.6,3.8,0,7.8,0
B104800,East,D04,Vaccine,0.91,100.6,2.7,0,17.6,0
B104801,South,D09,Vaccine,0.24,101.5,0.5,0,0.0,0
B104802,North,D18,Vaccine,0.79,100.5,,0,7.2,0
B104803,Central,D15,Cardiac,0.62,103.8,72.0,0,6.3,0
B104804,East,D05,Cardiac,0.56,80.2,5.8,0,32.4,0
B104805,West,D21,Antidiabetic,0.84,100.4,5.9,0,0.0,0
B104806,Central,D02,Antibiotic,0.68,96.3,4.8,0,6.0,0
B104807,Central,D14,Cardiac,0.44,100.5,5.9,0,5.6,0
B104808,North-East,D24,Analgesic,0.3,103.2,0.7,0,9.7,0
B104809,Central,D13,Vaccine,0.84,97.7,5.2,0,15.7,1
B104810,East,D20,Antibiotic,0.93,101.9,0.4,0,8.8,0
B104811,Central,D14,Cardiac,0.36,103.2,5.4,0,10.9,0
B104812,North-East,D19,Antibiotic,0.18,98.5,6.1,0,16.8,0
B104813,Central,D16,Analgesic,0.19,,7.4,0,34.0,1
B104814,West,D17,Analgesic,0.71,103.5,3.2,0,0.0,0
B104815,North-East,D06,Antibiotic,0.45,100.5,7.8,0,13.6,0
B104816,North,D18,Antidiabetic,0.87,101.7,6.8,0,13.5,0
B104817,North-East,D06,Cardiac,0.63,96.1,1.5,0,6.2,0
B104818,North-East,D24,Analgesic,0.3,101.3,1.7,0,4.8,0
B104819,North-East,D06,Cardiac,0.65,80.9,10.5,0,29.5,1
B104820,North-East,D06,Analgesic,0.65,97.1,5.8,0,0.0,0
B104821,West,D21,Cardiac,0.84,97.9,2.1,0,13.9,0
B104822,North-East,D06,Antibiotic,0.58,101.3,0.4,0,13.4,0
B104823,Central,D08,Analgesic,0.73,99.3,0.8,0,7.3,0
B104824,West,D17,Vaccine,0.8,102.4,0.5,0,13.0,0
B104825,East,D04,Analgesic,0.93,100.7,4.2,0,15.2,0
B104826,East,D04,Analgesic,0.84,,0.8,0,0.0,0
B104827,North-East,D12,Antibiotic,0.75,99.6,0.0,0,9.7,0
B104828,North-East,D06,Antidiabetic,0.62,100.6,3.4,0,6.3,0
B104829,North-East,D06,Antibiotic,0.62,101.8,0.7,0,11.0,0
B104830,North,D01,Antibiotic,0.84,101.2,3.2,0,9.3,0
B104831,South,D09,Vaccine,0.34,99.1,3.5,0,13.4,0
B104832,Central,D08,Analgesic,0.86,102.7,2.2,1,0.0,0
B104833,North,D01,Antibiotic,0.65,101.4,2.9,0,17.2,0
B104834,Central,D15,Analgesic,0.85,100.8,4.3,0,4.3,0
B104835,Central,D15,Cardiac,0.71,80.5,0.3,0,0.6,1
B104836,Central,D02,Antibiotic,0.73,101.1,5.5,0,0.0,1
B104837,North,D07,Antidiabetic,0.65,96.0,1.0,0,7.3,0
B104838,West,D21,Vaccine,0.85,100.5,0.0,0,7.9,0
B104839,Central,D14,Analgesic,0.4,103.6,4.5,0,7.4,0
B104840,North,D10,Antibiotic,0.86,100.5,0.8,0,2.8,0
B104841,West,D11,Cardiac,0.69,100.2,0.2,0,0.0,0
B104842,East,D05,Cardiac,0.63,98.7,0.1,1,12.5,0
B104843,East,D20,Antibiotic,0.96,101.1,3.1,0,0.0,0
B104844,East,D22,Antibiotic,0.91,99.6,0.1,0,13.6,0
B104845,East,D22,Vaccine,0.71,102.9,4.5,0,19.9,0
B104846,East,D05,Antibiotic,0.62,,2.9,0,23.5,0
B104847,North,D07,Antidiabetic,0.67,99.0,,0,0.4,0
B104848,East,D04,Analgesic,0.86,98.7,1.0,0,12.1,0
B104849,North,D07,Analgesic,0.74,104.0,11.1,0,4.1,0
B104850,Central,D08,Antidiabetic,0.73,99.6,1.1,0,16.6,0
B104851,Central,D15,Cardiac,0.69,98.8,1.7,0,10.8,0
B104852,East,D05,Cardiac,0.47,95.4,8.7,0,6.0,0
B104853,East,D22,Vaccine,0.69,98.0,0.7,0,1.6,0
B104854,West,D03,Vaccine,0.66,80.6,0.7,0,5.4,0
B104855,North,D01,Vaccine,0.7,101.2,,0,3.3,0
B104856,West,D21,Vaccine,0.9,98.6,2.8,0,7.8,0
B104857,West,D17,Vaccine,0.79,98.7,5.6,0,8.2,1
B104858,Central,D08,Antibiotic,0.83,104.1,1.0,0,4.1,0
B104859,Central,D14,Vaccine,0.37,105.9,0.3,0,3.5,0
B104860,East,D05,Analgesic,0.5,102.5,25.8,0,12.4,0
B104861,East,D04,Vaccine,0.89,103.4,0.7,0,12.9,0
B104862,West,D11,Antibiotic,0.78,102.3,9.3,1,19.2,1
B104863,Central,D08,Vaccine,0.71,104.9,1.3,0,7.6,0
B104864,Central,D15,Analgesic,0.77,99.3,1.1,0,2.0,0
B104865,East,D05,Cardiac,0.49,98.1,10.2,0,26.3,0
B104866,Central,D16,Cardiac,0.14,104.0,3.4,0,,0
B104867,North-East,D19,Antibiotic,0.13,92.6,3.5,1,41.5,1
B104868,East,D04,Antibiotic,0.85,97.7,3.4,0,11.1,0
B104869,North,D01,Vaccine,0.67,97.8,0.2,0,3.3,0
B104870,West,D11,Antibiotic,0.72,99.7,2.6,0,2.0,0
B104871,North-East,D19,Vaccine,0.04,95.6,3.2,0,6.0,0
B104872,Central,D16,Antidiabetic,0.16,96.8,3.6,0,1.9,0
B104873,West,D17,Antibiotic,0.84,98.6,0.7,0,9.3,0
B104874,North,D10,Vaccine,0.85,97.4,1.4,0,2.1,1
B104875,North-East,D06,Cardiac,0.65,102.3,3.4,0,9.0,0
B104876,Central,D13,Analgesic,0.9,100.0,6.1,0,0.0,0
B104877,East,D05,Antibiotic,0.49,101.3,7.4,0,2.4,0
B104878,North,D18,Antibiotic,0.71,101.0,5.8,0,5.1,0
B104879,East,D05,Antidiabetic,0.47,99.5,,0,15.0,0
B104880,North,D07,Antibiotic,0.74,102.2,0.7,0,0.0,0
B104881,North-East,D12,Analgesic,0.61,,1.6,0,15.1,0
B104882,North-East,D12,Cardiac,0.72,99.3,,0,12.6,0
B104883,Central,D15,Vaccine,0.78,96.3,2.3,0,0.0,0
B104884,West,D11,Cardiac,0.89,101.1,0.7,0,11.8,0
B104885,East,D22,Antibiotic,0.72,97.2,1.6,0,1.5,0
B104886,West,D21,Vaccine,0.92,100.8,1.7,0,12.0,0
B104887,West,D21,Vaccine,0.92,100.2,0.5,1,12.4,0
B104888,Central,D15,Antidiabetic,0.7,97.0,3.1,0,13.6,0
B104889,Central,D15,Antibiotic,0.75,100.6,3.3,0,4.0,0
B104890,Central,D15,Antibiotic,0.79,100.4,1.3,0,12.8,0
B104891,North,D10,Antidiabetic,0.83,100.4,,0,18.8,0
B104892,Central,D08,Antibiotic,0.75,101.6,25.9,1,27.4,1
B104893,Central,D14,Antidiabetic,0.42,98.6,1.3,0,6.9,0
B104894,North,D01,Cardiac,0.55,101.3,14.5,0,13.0,0
B104895,North,D01,Analgesic,0.7,98.5,5.4,0,0.0,0
B104896,West,D21,Cardiac,0.79,97.6,2.6,0,1.1,0
B104897,Central,D02,Cardiac,0.68,101.5,3.8,0,15.1,0
B104898,North-East,D12,Antibiotic,0.68,95.3,0.1,0,9.1,0
B104899,Central,D15,Antidiabetic,0.63,101.3,2.2,0,6.5,0
B104900,East,D05,Antidiabetic,0.57,99.5,0.6,0,1.4,0
B104901,East,D22,Antidiabetic,0.8,95.7,4.0,0,8.2,0
B104902,East,D05,Analgesic,0.5,103.3,0.5,0,4.3,0
B104903,East,D22,Analgesic,0.77,95.7,2.1,0,0.0,0
B104904,North,D18,Analgesic,0.73,101.3,4.6,0,17.1,0
B104905,North-East,D06,Antibiotic,0.64,104.6,4.3,0,3.1,0
B104906,East,D04,Analgesic,0.86,100.3,2.3,0,6.1,0
B104907,North,D07,Analgesic,0.8,100.6,4.5,0,0.0,0
B104908,North,D10,Cardiac,0.87,100.8,0.6,0,4.3,0
B104909,North-East,D06,Vaccine,0.56,100.4,0.8,0,15.0,0
B104910,North-East,D24,Analgesic,0.2,64.9,5.7,1,13.3,1
B104911,North-East,D06,Analgesic,0.65,98.1,3.0,0,8.2,0
B104912,East,D20,Analgesic,0.97,97.9,3.1,0,3.6,0
B104913,East,D04,Antidiabetic,0.82,99.3,,0,8.2,0
B104914,North-East,D24,Cardiac,0.31,103.8,1.6,0,11.5,0
B104915,East,D05,Antibiotic,0.6,98.7,1.3,0,0.0,0
B104916,North,D10,Antibiotic,0.9,100.9,4.3,0,9.8,0
B104917,Central,D13,Cardiac,0.84,102.4,2.5,0,13.4,0
B104918,West,D03,Analgesic,0.6,101.7,,0,7.6,0
B104919,East,D20,Cardiac,0.85,102.2,0.3,0,7.9,0
B104920,North,D07,Antibiotic,0.76,103.1,3.5,0,2.9,0
B104921,Central,D13,Antibiotic,0.96,100.7,8.0,0,10.1,0
B104922,Central,D13,Vaccine,0.83,99.0,4.3,0,19.3,0
B104923,Central,D15,Cardiac,0.68,100.3,1.8,1,17.8,0
B104924,Central,D02,Antidiabetic,0.7,99.3,0.8,0,4.0,0
B104925,East,D04,Antidiabetic,0.82,105.5,1.3,0,,0
B104926,East,D04,Analgesic,0.85,98.8,,0,17.6,0
B104927,North,D07,Cardiac,0.7,101.1,0.6,1,12.2,0
B104928,East,D04,Antibiotic,0.91,88.6,10.5,1,12.0,0
B104929,East,D22,Analgesic,0.76,100.3,5.7,0,0.0,0
B104930,North-East,D12,Antidiabetic,0.81,99.4,8.9,0,14.4,0
B104931,Central,D15,Vaccine,0.65,101.5,1.0,0,6.0,0
B104932,Central,D08,Antidiabetic,0.85,101.5,2.9,0,9.6,0
B104933,North,D07,Antibiotic,0.86,103.1,3.1,0,3.1,0
B104934,North-East,D12,Antibiotic,0.63,102.9,0.2,0,19.5,0
B104935,North,D07,Analgesic,0.76,99.9,8.1,0,1.2,0
B104936,Central,D08,Antidiabetic,0.7,97.9,0.9,0,21.7,0
B104937,West,D11,Vaccine,0.7,98.2,0.9,0,8.2,0
B104938,North-East,D12,Cardiac,0.66,77.4,5.9,0,44.6,1
B104939,North-East,D24,Antibiotic,0.29,100.3,1.3,0,1.8,0
B104940,East,D05,Cardiac,0.43,100.6,0.3,0,4.3,0
B104941,North-East,D12,Analgesic,0.8,98.8,5.4,0,6.6,0
B104942,East,D04,Antibiotic,0.83,103.2,6.9,0,8.9,0
B104943,Central,D08,Cardiac,0.76,96.8,1.5,0,11.8,1
B104944,West,D17,Cardiac,0.74,98.7,0.2,0,,0
B104945,East,D04,Analgesic,0.83,97.6,4.8,0,11.8,0
B104946,Central,D14,Antibiotic,0.44,,1.1,1,30.6,1
B104947,North,D10,Antibiotic,0.84,102.7,2.6,1,15.4,0
B104948,Central,D02,Antidiabetic,0.74,99.4,0.5,0,12.4,0
B104949,South,D23,Cardiac,0.85,100.2,,0,11.5,0
B104950,North,D10,Cardiac,0.85,101.5,2.8,0,0.6,0
B104951,North-East,D19,Cardiac,0.14,99.3,0.8,0,9.5,0
B104952,North,D10,Cardiac,0.84,100.8,,0,,0
B104953,South,D23,Antibiotic,0.82,100.6,2.6,0,15.1,0
B104954,North,D07,Analgesic,0.77,97.5,0.2,0,10.0,0
B104955,North,D10,Cardiac,0.9,99.0,0.5,0,15.9,1
B104956,North,D18,Antibiotic,0.82,100.8,,1,16.2,0
B104957,Central,D08,Antibiotic,0.75,102.8,0.7,0,11.1,0
B104958,South,D09,Analgesic,0.23,102.8,0.8,0,3.3,0
B104959,North-East,D24,Antidiabetic,0.28,104.6,1.3,0,0.0,0
B104960,Central,D13,Cardiac,0.87,101.1,0.1,0,11.8,0
B104961,West,D17,Antibiotic,0.77,99.1,1.0,0,6.8,0
B104962,Central,D15,Antidiabetic,0.68,89.6,0.8,0,13.6,0
B104963,East,D20,Antibiotic,0.98,99.7,,0,12.9,0
B104964,West,D21,Antibiotic,0.88,,0.3,0,12.2,0
B104965,Central,D13,Antidiabetic,0.98,100.8,,0,9.7,0
B104966,North,D07,Cardiac,0.74,100.9,0.6,0,0.0,0
B104967,North,D01,Antidiabetic,0.74,97.7,2.1,0,16.8,0
B104968,Central,D15,Cardiac,0.6,102.4,1.2,1,0.0,0
B104969,East,D20,Cardiac,0.98,96.0,1.8,0,3.5,0
B104970,West,D11,Vaccine,0.67,99.5,36.7,0,5.7,0
B104971,East,D04,Vaccine,0.79,102.5,3.5,0,8.1,0
B104972,North,D07,Antidiabetic,0.8,101.3,0.8,0,5.8,0
B104973,North-East,D12,Antidiabetic,0.62,99.2,0.5,0,4.1,0
B104974,West,D21,Vaccine,0.78,104.3,,0,13.6,0
B104975,East,D04,Vaccine,0.82,99.0,2.5,0,0.0,0
B104976,Central,D15,Vaccine,0.76,95.6,0.7,1,5.1,0
B104977,North,D18,Vaccine,0.75,101.0,1.5,0,0.0,0
B104978,South,D23,Antidiabetic,0.8,96.1,2.7,0,0.8,0
B104979,West,D03,Antibiotic,0.67,98.2,3.5,0,0.0,0
B104980,East,D22,Analgesic,0.82,68.7,8.5,0,29.3,1
B104981,Central,D15,Antidiabetic,0.77,99.0,0.0,0,9.3,0
B104982,North-East,D19,Analgesic,0.02,101.3,0.3,0,2.3,0
B104983,Central,D02,Analgesic,0.8,97.5,0.3,0,0.0,0
B104984,North-East,D12,Vaccine,0.62,101.9,0.2,0,0.0,0
B104985,Central,D15,Antibiotic,0.73,96.3,0.4,0,0.3,0
B104986,North,D07,Antibiotic,0.72,102.9,7.4,0,5.5,0
B104987,North,D10,Antibiotic,0.86,99.0,,0,13.3,0
B104988,Central,D13,Antibiotic,1.0,103.4,0.2,0,0.0,0
B104989,Central,D13,Antibiotic,0.88,98.2,0.3,0,0.0,0
B104990,North,D01,Vaccine,0.67,104.2,2.5,1,0.0,0
B104991,West,D11,Antibiotic,0.74,97.9,6.7,0,8.0,0
B104992,East,D05,Antidiabetic,0.44,96.1,0.9,0,0.0,0
B104993,East,D22,Antibiotic,0.86,100.1,3.3,0,0.0,0
B104994,North-East,D24,Vaccine,0.31,74.8,6.7,0,28.2,1
B104995,North,D07,Antidiabetic,0.72,101.7,5.4,0,18.7,0
B104996,East,D04,Antibiotic,0.79,102.6,2.0,0,8.4,0
B104997,East,D05,Analgesic,0.52,101.8,,0,5.8,0
B104998,West,D11,Cardiac,0.81,72.5,1.0,0,43.0,1
B104999,West,D21,Analgesic,0.76,101.7,1.2,0,4.3,0
